platform_adi,kitle_fonlamasi_turu,kategori,fon_sekli,proje_adi,proje_sahibi,proje_sahibi_cinsiyet,kac_proje_destekledi,kac_projeye_abone,kac_projenin_sahibi,kac_proje_takiminda,konum,bolge,yil,proje_baslama_tarihi,proje_bitis_tarihi,gun_sayisi,tanitim_videosu,video_uzunlugu,gorsel_sayisi,sss,guncellemeler,yorumlar,destekci_sayisi,odul_sayisi,ekip_kisi_sayisi,web_sitesi,sosyal_medya,sm_sayisi,sm_takipci,etiket_sayisi,icerik_kelime_sayisi,proje_aciklamasi,hedef_miktari,basari_durumu
fongogo,ödül,diğer,ya hep ya hiç,YardımaTik,Atik  Topluluğu,kadın,0,0,2,0,istanbul,marmara,2020,10.06.2020,9.08.2020,60,var,26,0,0,0,0,0,5,1,yok,var,3,32,0,142,Çevremizde yardıma ihtiyacı olan vatandaşlarımıza hem kendi imkanlarımızla hem de sizin yardımlarınızla destek olmak amacımızdır.,2500,başarısız
fonbulucu,ödül,eğitim,ya hep ya hiç,Bartme - Hayalime Ortak Ol İşbirliği Projesi,Öykü Sorgun,kadın,0,0,1,0,genel,genel,2019,,,60,yok,0,2,0,0,0,0,4,2,yok,yok,0,0,0,161,"Kişiler arası bir takas platformu olan Bartme, ürünlerin anlık değerlendirmesini sağlayan algoritması ve havuza takas modeli ile akıcı bir takas ortamı sunmayı amaçlayan bir girişimdir.",1500,başarısız
fongogo,ödül,dans-performans,hepsi kalsın,KABİLE Sirk Sanatları Şapkasını Açıyor,KABİLE Sirk ve Sahne Sanatları,belirsiz,0,0,1,0,istanbul,marmara,2020,28.12.2020,2.02.2021,36,var,36,19,3,1,0,92,9,1,yok,var,2,3214,0,400,Türkiye'nin ilk çağdaş sirk sanatları topluluğu olarak karşılığı olmadan destek istemek yerine üretmeyi seçtik ve “Kabile Kutluyor!” ile bir nevi şapka açtık.,80000,başarısız
fongogo,ödül,teknoloji,ya hep ya hiç,Pozitif Basınç Tozsuz Oda,SERHAT KILIÇ,erkek,0,0,1,0,istanbul,marmara,2018,30.10.2018,29.11.2018,30,var,49,5,0,0,0,0,5,1,yok,var,1,1829,5,364,"Geri dönüştürülen kırık telefon ekranlarının, üretim aşamalarının sonuncusunda Çin ile rekabette daha profesyonel bir basınçlı tozsuz oda ihtiyacımız vardır.",14500,başarısız
fongogo,ödül,eğitim,ya hep ya hiç,Mekan314,Okan Kuzer,erkek,0,0,1,0,istanbul,marmara,2014,13.03.2014,12.04.2014,30,var,110,16,0,0,0,17,5,4,var,yok,0,0,0,541,"Alternatif sanat dallarını barındıracak yeni bir çalışma mekanı ihtiyacından yola çıktık. Mekan314, sirk sanatlarının farklı disiplinlerine ev sahibi olacak.",1000,başarılı
fonbulucu,ödül,teknoloji,ya hep ya hiç,SmartPark,Cihat Emre Aytekin,erkek,0,0,1,0,karabük,karadeniz,2018,,,60,yok,0,4,0,0,0,1,4,1,yok,yok,0,0,0,139,Engellilere ait park alanları artık gerçek sahiplerinin! Akıllı park alanlarıyla bundan böyle engelleri birlikte kaldıracağız.,3500,başarısız
fongogo,ödül,moda,hepsi kalsın,Depo Pergamon Restorasyon Atölyesi,Jose Manuel Garcia Torres,erkek,0,0,1,0,izmir,ege,2019,24.06.2019,11.10.2019,109,var,104,27,0,3,0,76,7,3,var,var,1,1609,0,533,"Atıl durumdaki Bergama Eski Tütün Deposu; öğrenci, akademisyen, zanaatkar, yerel halk ve destekçiler tarafından Kültür Merkezi olarak restore edilmektedir.""""",28000,başarılı
fongogo,ödül,kültür-sanat,ya hep ya hiç,Şehir Günlükleri,Gökay Küpeli,erkek,0,0,1,0,bursa,marmara,2019,17.09.2019,16.11.2019,60,var,14,2,0,0,0,0,6,1,yok,yok,0,0,0,431,"Bursa'nın tarihine ve kültürüne yönelik, başta kısa metrajları olarak sonra uzun metrajlı özgün belgeseller çekmeyi düşünüyoruz.",5000,başarısız
crowdfon,ödül,teknoloji,ya hep ya hiç,Mobil Sağlık Projesi,Burak Tanrikulu,erkek,0,0,1,0,belirsiz,belirsiz,2020,,,60,yok,0,1,0,0,0,3,1,1,yok,yok,0,0,0,163,Gunden güne hastalıklar ile savaştığımiz şu hayatta mobil sağlık yada mobil hastane diyebileceğimiz bir platfo,100000,başarısız
fongogo,ödül,eğitim,ya hep ya hiç,Robotik Takımı Amerika'da,Kalsedon FRC,belirsiz,0,0,1,0,eskişehir,iç anadolu,2018,30.01.2018,1.03.2018,30,var,148,7,0,0,0,18,7,5,yok,var,2,170,2,423,"Destek ol, bir mühendis yetiştir; mühendis yetiştir, dünyayı değiştir!",35000,başarısız
fonbulucu,ödül,teknoloji,ya hep ya hiç,Mobilyago,Cengiz Sarıkaya,erkek,0,0,1,0,genel,genel,2020,,,60,var,60,1,0,0,1,0,6,1,var,var,1,840,0,265,Mobilya Keşif Aracı!,50000,başarısız
fongogo,ödül,eğitim,ya hep ya hiç,Zihinsel Engelli Özel Eğitim Öğrencilerine Özel Destek,Buğra Şelenbaş,erkek,1,0,1,0,kocaeli,marmara,2020,03.06.2020,3.08.2020,61,var,128,7,0,0,0,46,6,10,var,var,2,690,0,479,Zihinsel engelli lise gurubu gençlerimizin okuldaki fiziksel ihtiyaçlarını ve eğitim imkanlarını iyileştirmek için bağış desteğine ihtiyacımız bulunmaktadır.,10000,başarılı
fongogo,ödül,teknoloji,ya hep ya hiç,KODLAMA KÜPÜ (ÇOCUK YAŞTA KODLAMA ALGORİTMA ÖĞRENME),Necati Muslu,erkek,0,0,1,0,istanbul,marmara,2020,22.09.2020,21.11.2020,60,var,96,1,1,0,0,0,5,1,yok,yok,0,0,0,961,KODLAMA KÜPÜ OKUL ÖNCESİ İLKOKUL VE ORTAOKUL DÜZEYİNDEKİ ÖĞRENCİLERİN TEMEL KODLAMA BECERİSİ KAZANMALARINI VE DERS İÇERİĞİNE GÖRE BELİRTİLEN TEMADAKİ KONUYU ÖĞR,70000,başarısız
fongogo,ödül,eğitim,ya hep ya hiç,Sorumeydanı,Vedat Dinç,erkek,0,0,1,0,elazığ,doğu,2020,29.01.2020,28.02.2020,30,yok,0,2,0,1,0,0,9,1,var,yok,0,0,6,360,Öğrencilerin ders çalışıp sohbet edebilecekleri bir platform,20000,başarısız
fongogo,ödül,kültür-sanat,ya hep ya hiç,Datça Tiyatro Festivali,Beste Karaduman,kadın,0,0,2,0,muğla,ege,2018,02.07.2018,22.07.2018,20,var,16,5,0,0,0,27,9,7,var,var,2,4922,4,528,"8 üniversiteli genç, “hikaye anlatıcılarına alan açmak” gayesi, Knidos’tan devraldığı tiyatro geleneğini Akdeniz ve Ege’nin birleşiminde yaşatan Datça...",12000,başarılı
fongogo,ödül,film-video-fotoğraf,ya hep ya hiç,PEYGAMBERDEVESİ - Kısa Film,Aykut Çekim,erkek,0,0,2,0,uşak,ege,2019,27.03.2019,26.04.2019,30,var,188,0,0,0,0,3,7,2,yok,var,1,77,3,130,"Köylülerin saldırısından dolayı,  yol kenarında cenaze yıkamak zorunda kalan imamın başından geçen olaylar.",8300,başarısız
crowdfon,ödül,diğer,ya hep ya hiç,Kültürel Değişim Programı,Alper Can Aydın,erkek,0,0,1,0,belirsiz,belirsiz,2016,,,60,yok,0,1,0,0,0,0,4,1,yok,yok,0,0,0,115,"AIESEC ile Breziya'ya (Cuiabá) bir gönüllülük programı için gitmeye hak kazandım. Program, kültürler arası et",50000,başarısız
crowdfon,ödül,teknoloji,ya hep ya hiç,Kazankazandıkca,Kaan Becikoğlu,erkek,0,0,1,0,belirsiz,belirsiz,2019,,,60,yok,0,1,0,0,0,0,4,1,yok,yok,0,0,0,115,QR Kodları ile Üretici Ve Tüketiciyi indirimlerle birleştiren bir platform Rakiplerinize karşı üstünlük kazanı,50000,başarısız
fongogo,ödül,film-video-fotoğraf,ya hep ya hiç,KUTU (The Box) I Türkçe ve İngilizce Olarak Ayrı Ayrı Çekilen Kısa Film,CAGRI DORTER,erkek,0,0,1,0,muğla,ege,2019,03.07.2019,1.09.2019,60,var,349,10,0,2,0,8,9,2,var,var,2,131,5,792,Yalnız kalmak için ona kimsenin ulaşamayacağı uzak bir köye kaçan kadının kapısında ertesi gün gizemli bir kargocu belirir. Elinde garip bir kutu vardır...,12500,başarısız
fongogo,ödül,çevre,hepsi kalsın,Ekofest 2015,Olga Durel,kadın,0,0,1,0,çanakkale,marmara,2015,20.07.2015,15.08.2015,26,var,182,9,0,1,0,3,5,1,yok,yok,0,0,0,1153,"Ekofest 2015, doğa koruma bilincinin arttırılması ve ekolojik yaşam pratikleri konusunda bilgi ve deneyim paylaşımında bulunmak amacıyla düzenlenmektedir.",10000,başarısız
ideanest,bağış,teknoloji,hepsi kalsın,BLIS - IMPACT for STEAM,Can Kültür,erkek,1,0,1,0,ankara,iç anadolu,2018,,,60,var,226,0,0,0,1,33,0,1,yok,yok,0,0,0,677,"Öğrencilerimizin projelerini geliştirmesi için, birlikte çalışabilecekleri uygun mekan ve imkanları sağlamak için desteklerinizi bekliyoruz.",35000,başarılı
ideanest,bağış,sağlık-güzellik,hepsi kalsın,Hemşirelikte İnovasyon Akademisi,Yeliz Doğan Merih,kadın,0,0,1,0,istanbul,marmara,2018,,,60,var,187,0,0,0,0,42,0,1,yok,yok,0,0,0,634,Bizler inovasyon sürecini destekleyen ve yeni ürünler geliştiren inovatif bir hemşirelik grubuyuz,49500,başarılı
fongogo,ödül,kültür-sanat,ya hep ya hiç,Hayal Perdesi Oyuncuları 12. Tiyatro Festivali,hasibe kaya,kadın,0,0,1,0,denizli,ege,2020,28.02.2020,22.04.2020,54,var,48,13,0,0,0,0,7,1,var,var,3,1750,1,596,"Ağırladığımız tiyatro ekipleri, ünlü konuklar ve profosyonel isimler ile tiyatro coşkusunu Pamukkale Üniversitesi'ne ve Denizli halkına yaşatmaya çalışıyoruz.",3500,başarısız
fongogo,ödül,kültür-sanat,ya hep ya hiç,Kösedere Köyü Kirigami Sanatı Sergisi ve Atölyesi'ni Hep Birlikte Kuralım,Cem Öngider,erkek,0,0,2,0,istanbul,marmara,2020,17.09.2020,1.11.2020,45,var,167,3,3,0,0,0,6,2,yok,var,1,426,0,1535,"Sanat sergisi/galerisi ve atölyesi kavramını şirin bir köyde uygulayarak ve tanıtmak amacındayım. Kösedere Köyü, sizinle bu hayalin gerçekleşmesine tanık olsun.",30000,başarısız
fongogo,ödül,yayıncılık,ya hep ya hiç,"Dünyayı Kitaplarımızla Gezin - Dünyanın Yerlisi 1, 2, 3 ve Rafa'nın Küresi",Percin Imrek,erkek,3,0,7,0,istanbul,marmara,2020,10.08.2020,22.09.2020,43,var,46,1,0,3,0,45,9,3,var,var,1,171,0,130,3 yeni kitabımız ve ‘’Dünyanın Yerlisi 1’’ kitabının güncellenmiş versiyonunu içeren kitlesel fonlama projemizi sizlere sunmaktan mutluluk duyarız.,20000,başarılı
crowdfon,ödül,çevre,ya hep ya hiç,Ceviz Ağacıyla Ekonomiye Ve Çevreye Katkı,Mahmut Tunç,erkek,0,0,1,0,belirsiz,belirsiz,2015,,,60,yok,0,1,0,0,0,0,4,1,yok,yok,0,0,0,115,"Ceviz özellikle kalp-damar hastalıklarına şifa verdiği bilinmektedir. Yeni araştırmalar, ceviz tüketmenin kolon",50000,başarısız
fongogo,ödül,film-video-fotoğraf,ya hep ya hiç,"İnci, Pabucun Dama Atıldı!",Arda Akçay,erkek,0,0,1,0,ankara,iç anadolu,2020,27.01.2020,9.03.2020,42,var,68,2,0,0,0,19,8,1,yok,var,2,416,0,621,İnsanı ölümsüz kılan şey göçüp gittikten sonra hikayelerinin anlatılmasıdır belki de. İzmir'de yaşayan küçük bir kızın ve ailesinin gerçek hikayelerinden...,10000,başarılı
crowdfon,ödül,film-video-fotoğraf,ya hep ya hiç,The Mistery Of The Drugseller,Özge Erdem,kadın,0,0,1,0,belirsiz,belirsiz,2013,,,60,var,60,1,0,0,0,20,8,1,yok,yok,0,0,0,89,"Film özgürlüklerin bizi yöneten hükümetler tarafından belirlendiği bir dünyada, kişisel iradeye ses verir ve e",5260,başarılı
crowdfon,ödül,teknoloji,ya hep ya hiç,Engelli Hayatı,Şahin Bayramoğlu,erkek,0,0,1,0,belirsiz,belirsiz,2017,,,60,yok,0,1,0,0,0,0,4,1,yok,yok,0,0,0,115,Projem öncelikli olarak görme engelli ve yazmak için gerekli uvuzları olmayan insanlar için düşündüğüm bir pr,50000,başarısız
fonbulucu,ödül,teknoloji,ya hep ya hiç,Clefiks,Sercan Şahin,erkek,0,0,1,0,istanbul,marmara,2018,,,60,var,46,7,0,0,5,12,9,1,yok,var,3,346,0,279,Globale Açılabilecek Yerli Projemiz | Türkiye'nin keşfedilmemiş yeteneklerinin müzik platformu | Endüstriyel müzikten sıkılmışsanız sizin için farklı bir alternatif sunuyoruz,8971,başarısız
fongogo,ödül,diğer,ya hep ya hiç,BEHIND THE SILENCE (INDIE OYUN),Burakhan KAYA,erkek,0,0,1,0,izmir,ege,2020,03.07.2020,22.08.2020,50,yok,0,5,0,1,0,0,8,1,yok,yok,0,0,3,346,"Merhabalar,
projemiz bir hikaye tabanlı oyundur türü ise drama,psikoloji,gerilim
biz bu projeyi dünyaya sunmak istiyoruz bize destek olurmusunuz ?",5000,başarısız
fongogo,ödül,teknoloji,ya hep ya hiç,Mobil ve Bilgisayar Oyun Projesi,Mustafa Çelik,erkek,0,0,1,0,istanbul,marmara,2020,19.08.2020,3.10.2020,45,yok,0,3,0,0,0,0,3,1,yok,yok,0,0,0,263,"Merhaba, genç bir öğrenci olarak ilgi duyduğum oyun sektörüne uzun süredir üzerinde çalıştığım oyunları yayınlamak için yardıma ihtiyacım var.",1700,başarısız
fongogo,ödül,film-video-fotoğraf,ya hep ya hiç,Kanadım Değdi Sevdaya,Sertaç Yıldız,erkek,0,0,2,0,ankara,iç anadolu,2019,25.12.2019,23.02.2020,60,var,110,1,0,0,0,44,8,1,yok,var,2,1523,0,214,"Binlerce şiir, yüzlerce türkü ve deyişle örülü koca bir dünya: Mahzuni
Şerif. Mahzuni'nin araladığı kapıdan içeri girerek onun dünyasını keşfe çıkacağız.",20000,başarılı
fongogo,ödül,kültür-sanat,ya hep ya hiç,Dünya'yı Gezmek İstiyorum,Betül Karataş,kadın,0,0,1,0,afyon,ege,2016,08.03.2016,7.05.2016,60,yok,0,8,0,0,0,1,5,1,yok,yok,0,0,0,307,Türkiye'den başlayarak dünya turuna çıkmak ve gezdiğim yerleri/anılarımı fotoğraflarımla ölümsüzleştirmek istiyorum.,31000,başarısız
fongogo,ödül,diğer,ya hep ya hiç,KONUT HAKKIMIZ,tolga bektaş,erkek,1,0,1,0,istanbul,marmara,2019,25.02.2019,26.04.2019,60,var,145,4,0,0,0,1,5,2,yok,yok,0,0,0,88,EVLERİMİZİN HUKUKİ MÜCADELESİ İÇİN DOSYA MASRAFI DESTEĞİNİZİ İSTİYORUZ,30000,başarısız
crowdfon,ödül,kültür-sanat,ya hep ya hiç,Sanat Eserlerimi Bastırmak İstiyorum.,Mert Zaim,erkek,0,0,1,0,belirsiz,belirsiz,2021,,,60,var,51,10,0,0,0,1,5,1,yok,yok,0,0,0,24,"Merhabalar, Sanat eserlerimi sizlerle paylaşabilmek için basmak istiyorum. Son teslim tarihi benim doğum günüm (6 T",12500,başarısız
crowdfon,ödül,diğer,ya hep ya hiç,Aylık 1.99 Tl Ye Ev Sahibi Olma Şansı,Devran Ekmekçioğlu,erkek,0,0,1,0,belirsiz,belirsiz,2020,,,60,yok,0,1,0,0,0,0,3,1,yok,yok,0,0,0,155,Düşünsenize gsm operatörünüze aylık 1.99 fatura yansıtılıyor ve çekilişle tamamen tapusu sizin olacak ikamet,125000,başarısız
fongogo,ödül,teknoloji,ya hep ya hiç,Yalın Başlangıç - Girişimci Rehberi,Ulaş Can Cengiz,erkek,0,0,2,0,istanbul,marmara,2014,26.05.2014,25.07.2014,60,yok,0,0,0,0,0,1,7,1,yok,yok,0,0,0,666,"Herkes bir ""girişim"" içinde. Peki Türkiye koşullarında girişim süreçleri nasıl işler? Cevapları adım adım burada olacak!",2000,başarısız
fongogo,ödül,eğitim,ya hep ya hiç,KÖY OKULLARI MAHRUM KALMASIN,ömer yatçi,erkek,0,0,1,0,mardin,güneydoğu,2019,01.10.2019,31.10.2019,30,var,41,12,0,0,0,4,6,1,yok,yok,0,0,5,151,"Evet köy okulları mahrum kalmasın, kalemden, silgiden, halıdan, ağaçtan... Köy okulunda tek öğretmenim, sınırlı imkanlarla bu görevi yapmaktayım.",15000,başarısız
fongogo,ödül,teknoloji,ya hep ya hiç,HİTİT ANGELS ROBOTİK TAKIMI,HİTİT ANGELS,belirsiz,0,0,2,0,çorum,karadeniz,2020,08.04.2020,7.06.2020,60,var,80,11,0,0,0,0,6,2,yok,var,4,218,0,261,"Hitit Angels olarak yarışmalara katılıyoruz, Yarışamalara katılabilememiz için Amerika'da düzenlenecek olan yarışmada desteklerinize ihtiyacımız var.",15000,başarısız
fonbulucu,ödül,teknoloji,ya hep ya hiç,Erken Tanı Sağlayan Spor Ayakkabı,Ahmet Yusuf,erkek,0,0,1,0,ankara,iç anadolu,2020,,,60,var,214,1,0,0,0,0,5,1,yok,yok,0,0,0,109,Spor ayakkabının altına yerleştirdiğimiz sensörlerle sağ ayağa ya da sol ayağa binen yükü ölçeceğiz,15000,başarısız
fongogo,ödül,kültür-sanat,ya hep ya hiç,Beyoğlu Sineması | Sayenizde,Oğuzhan Durmuş,erkek,0,0,1,1,belirsiz,belirsiz,2020,,30.06.2020,60,yok,0,2,0,0,0,94,5,1,yok,yok,0,0,0,120,"#Sayenizde Beyoğlu Sineması’ndayız, Her Şeye Rağmen Hep Birlikte!",250000,başarısız
fonbulucu,ödül,çevre,ya hep ya hiç,BEKTEK (Basınçtan Enerji Kazanım Teknolojisi),Hazar Doğanlar,erkek,0,0,1,0,istanbul,marmara,2019,,,60,var,668,1,0,0,4,18,7,3,yok,var,1,52,0,593,"Şehirde bulunan insan,otomobil, tren gibi unsurların hareket halindeyken bulunduğu zemine ağırlığı dolayısıyla uyguladığı basıncın yeşil enerji olarak geri kazanılmasını sağlıyoruz.",24000,başarısız
ideanest,bağış,teknoloji,hepsi kalsın,3B Vücut Tarayıcısı,Deniz Karaşahin,erkek,0,0,1,0,istanbul,marmara,2019,,,60,var,59,0,0,0,0,23,0,1,yok,yok,0,0,0,412,"İnsan anatomisi her bireyde kendine özgüdür. Bu nedenle ortopedik ürünlerin fayda sağlayabilmeleri için standart bir seri üretimle değil, kişiye ve yaşadığı sıkıntıya özel olarak üretilmesi gerekir.",80000,başarılı
fongogo,ödül,teknoloji,ya hep ya hiç,Taşınabilir 3D Yazıcı,Mustafa ÇAKIR,erkek,0,0,1,0,denizli,ege,2020,23.11.2020,7.01.2021,45,var,84,26,11,0,0,0,9,4,var,var,4,440,1,1066,Üretim hiç bu kadar kolay olmamıştı.Mini Fabrikanızı Her yere Kolaylıkla Taşıyabilirsiniz.,250000,başarısız
fongogo,ödül,kültür-sanat,ya hep ya hiç,Ekran Koruyucu,Alican Seçgin,erkek,0,0,1,0,istanbul,marmara,2019,01.07.2019,30.08.2019,60,yok,0,17,0,0,0,2,9,1,yok,var,1,89,1,11,"İnternet için tasarlanmış, Türk süper kahraman dizisi. Noobların dostu, flamerların düşmanı, anonim vicdanların en kötü kabusu yeni nesil Türk süper kahramanı.",200000,başarısız
fongogo,ödül,film-video-fotoğraf,ya hep ya hiç,'Kar' (Kısa Film) Gerçek Bir Hikaye,Didem Iskeçeli,kadın,0,0,1,0,van,doğu,2015,17.09.2015,16.11.2015,60,yok,0,3,0,0,0,3,9,1,yok,var,1,187,0,248,"""Kar"" 2014 yılında Van'ın bir mezrasında yaşanan gerçek bir olayı konu alır.",10000,başarısız
crowdfon,ödül,müzik,ya hep ya hiç,Müzik Stüdyosu İçin Fon,Umut Yelbaşı,erkek,0,0,1,0,belirsiz,belirsiz,2017,,,60,yok,0,1,0,0,0,6,4,1,yok,yok,0,0,0,115,11 yıldır müzikler ilgilenen ve son iki yıldır bir grupta klavye çalan ve son zamanlarda bir Youtube kanalı açm?,10000,başarısız
fongogo,ödül,gıda-yeme-içme,ya hep ya hiç,Doğu Türkistan'a Ramazan Paketi Gönderimi,Yavuz Girit,erkek,0,0,1,0,bursa,marmara,2015,26.06.2015,16.07.2015,20,yok,0,7,0,0,0,0,8,1,yok,yok,0,0,0,349,Doğu Türkistan'da zulüm gören soydaşlarımıza Ramazan ayı için erzak paketi gönderimi,5000,başarısız
crowdfon,ödül,müzik,ya hep ya hiç,Clovoice,Mehmet Bilgin,erkek,0,0,1,0,belirsiz,belirsiz,2015,,,60,yok,0,1,0,0,0,0,4,1,yok,yok,0,0,0,115,Clovoice İnsanların Kendi Seslerini Paylaşması İçin Kurulmuş Bir Kuruluştur . Bu Kuruluşta Her Ay Bir Yarışma,50000,başarısız
fongogo,ödül,eğitim,ya hep ya hiç,"Düşün, Hisset, Paylaş / Think, Feel, Give",Korhan Basaran,erkek,6,0,1,0,istanbul,marmara,2015,19.06.2015,24.07.2015,35,var,125,8,0,5,0,64,29,1,yok,var,2,2570,0,706,"Çocukların okula devamı için: ""düşün, hisset, paylaş"" !
For the kids to stay at school rather than on the streets:
""think, feel, give"" !",7500,başarılı
crowdfon,ödül,çevre,ya hep ya hiç,Bafa Hepimizin,Murat Çiçek,erkek,0,0,1,0,belirsiz,belirsiz,2014,,,60,yok,0,1,0,0,0,6,4,1,yok,yok,0,0,0,40,"Bafa Gölü ölüyor.  Doğal park, antik harikalar, kuş cenneti, mağara resimleri, eşsiz orkideler bütününe sahip",8750,başarısız
fonbulucu,ödül,tasarım,ya hep ya hiç,Hayatı Kalbinin Renginde Yaşa,Zeyneb Özdemir,kadın,0,0,1,0,istanbul,marmara,2020,,,60,var,482,5,0,0,0,1,9,1,yok,yok,0,0,0,53,Doğal olanı donüşturmek için beraber çalışalım...,100000,başarısız
fonbulucu,ödül,teknoloji,ya hep ya hiç,dronelarımı yeniden toplayıp uçmak istiyorum.,İlker Aksoy,erkek,0,0,1,0,istanbul,marmara,2020,,,60,var,238,1,0,0,0,0,4,1,yok,yok,0,0,0,100,Gökyüzünde yeniden uçmak için,8000,başarısız
fongogo,ödül,gıda-yeme-içme,hepsi kalsın,'Meryem'in Mutfağını' Yaşat,Sinem  Karaveli,kadın,0,0,2,0,istanbul,marmara,2020,14.04.2020,3.06.2020,50,yok,0,2,0,0,0,1,6,1,yok,var,1,561,5,145,"Bu zor günlerde Lokantamıza sahip çıkıp, küçük bir destek ile ayakta kalmasını sağlayabilirsin.",40000,başarısız
fonbulucu,ödül,müzik,ya hep ya hiç,BetaHouse,Yağız Ozan Dikbaş,erkek,0,0,1,0,ankara,iç anadolu,2018,,,60,var,15,1,0,0,1,2,6,1,yok,var,1,6,0,176,"Free Music, Free Party; Free You! Beta House bir private party uygulaması. Hem keşfedilmemiş yetenekli müzisyenlerin tanınmasına yardımcı olurken hem de müzik severlerin yüksek fiyatlı içeceklere ödedikleri parayı azaltıyor.",10000,başarısız
fongogo,ödül,diğer,ya hep ya hiç,NuhShip.com - Pazaryeri Platformu - Marketplace,Ömer Faruk Eroğlu,erkek,0,0,1,0,konya,iç anadolu,2020,14.09.2020,13.11.2020,60,var,99,2,6,0,0,3,7,5,var,var,3,194,0,582,Yatırım alarak ve fon toplayarak çok daha hızlı büyümek.,125000,başarısız
fongogo,ödül,film-video-fotoğraf,ya hep ya hiç,"SineMASAL, Bir Bilet De Sen Al!",Enes Kaya - Sinemasal,erkek,22,0,2,0,istanbul,marmara,2014,17.11.2014,8.01.2015,52,var,287,16,0,7,0,205,8,1,var,var,3,28038,0,291,"Bir film izlersin hayatın değişir. Bir şey değişir, her şey değişir!",70000,başarılı
fongogo,ödül,film-video-fotoğraf,ya hep ya hiç,OTORITY,Burak Bolat,erkek,0,0,1,0,antep,güneydoğu,2019,15.05.2019,14.07.2019,60,var,51,7,0,0,0,3,8,1,yok,yok,0,0,0,232,"Otority, gücünü korumak için halkını kutuplaştıran ve bunu yaparken medyayı kullanan bir kraliçe...bir lider...bir otorite.",7500,başarısız
fongogo,ödül,sağlık-güzellik,ya hep ya hiç,Köpeğim Ölüyor,Xösöallas  Özlözöslx,erkek,0,0,1,0,mersin,akdeniz,2019,31.05.2019,15.06.2019,15,var,8,1,0,0,0,0,4,1,yok,yok,0,0,5,118,Köpeğim likörün hayatta kalabilmesi için desteğinize ihtiyacımız var.,2000,başarısız
fonbulucu,ödül,sosyal sorumluluk,ya hep ya hiç,İNBİFO | İnsanlığa Bir Faydam Olsun Derneği,Hüsamettin Çelik,erkek,0,0,1,0,genel,genel,2018,,,60,yok,0,7,0,0,0,0,4,1,yok,var,2,41,0,1296,"Vicdanları diri, gönülleri huzurla dolu bir nesil için 'biz' olmazsak geleceğimiz olmaz.",50000,başarısız
fongogo,ödül,kültür-sanat,hepsi kalsın,Mardin Bienali,Mardin Bienali,kadın,0,0,1,0,mardin,güneydoğu,2018,16.01.2018,16.04.2018,90,var,58,11,0,0,0,161,9,1,var,var,3,6078,5,852,"4. Uluslararası Mardin Bienali'nde ""Sözden Öte"" temamızla kentin tarihi mekanlarını sanatsal paylaşım ve birliktelik platformlarına dönüştürüyoruz.""""",85600,başarılı
fongogo,ödül,müzik,ya hep ya hiç,Kalbindeki yaratıcılığı öldürme: içindeki hayalperesti destekle,Ellina Faust,kadın,0,0,1,0,istanbul,marmara,2019,07.05.2019,6.06.2019,30,yok,0,4,0,0,0,0,6,1,yok,yok,0,0,0,204,Cocuklugumundan beri kurdugum hayallerimin müzikle buluşması hedefine ulasabilmek için yardımcı olur musunuz?,2500,başarısız
arıkovanı,ödül,teknoloji,ya hep ya hiç,Stepbit: Kişiye Özel Ayakkabı Tabanlığı,Ferhat Babacan,erkek,0,0,1,0,belirsiz,belirsiz,2017,,,60,var,101,11,0,2,9,27,15,1,yok,yok,0,0,0,408,"Stepbit, ayak tabanınızın 3/4'ünü kaplayarak özel gün ve davet ayakkabıları için, ayak ön kısmının rahat hareketi için tasarlanmıştır",100000,başarısız
fongogo,ödül,kültür-sanat,ya hep ya hiç,Kitap Hayat Bulsun Hayatlar Kitapla Dolsun,Burak Yalçın,erkek,0,0,1,0,bursa,marmara,2020,11.03.2020,24.05.2020,74,var,84,2,0,1,0,0,5,1,yok,var,1,9240,0,347,"Kirlenmiş yahut popüler kültüre mahkûm olmuş Edebiyatın yeni meyveleri, dallarında çürümeden destek olmak ve bir hayale ortak olmak... İşte amaç budur.",15000,başarısız
fongogo,ödül,çevre,ya hep ya hiç,YILKI ATLARININ İZİNDE,Sedef Samsunluoğlu,kadın,0,0,1,0,tokat,karadeniz,2019,19.11.2019,18.01.2020,60,var,62,8,0,0,0,2,8,2,var,var,2,14,0,376,Nesli tükenmek üzere olan Yılkı Atlarının zor koşullarda çalıştırılmasını engellemek ve tedavi ederek tekrar doğaya bırakmak istiyoruz.,10000,başarısız
fongogo,ödül,film-video-fotoğraf,ya hep ya hiç,OUROBOROS,Melih Özyılmaz,erkek,7,0,1,0,istanbul,marmara,2019,13.03.2019,12.05.2019,60,var,24,9,0,0,0,14,5,2,var,var,1,48,5,125,Çekimlerini tamamladığımız kısa korku filmleri üçlememizin ilki olan Ouroboros'un yurtdışındaki festivallere katılabilmesi için desteğinize ihtiyacımız var.,7500,başarılı
fonbulucu,ödül,çevre,ya hep ya hiç,GraVVindy-Windagrotech için destek,Atilla Öztürk,erkek,1,0,2,0,istanbul,marmara,2018,,,60,var,59,11,0,0,0,1,6,1,yok,var,2,500,0,219,"Şimdi Ver, Aralık Ayında Geri Al. EIT FOOD SEEDBED BELFAST BOOTCAMP'a kabul edilen 6 ekipten biri olan GraVVindy-Windagrotech projesine çağrısı.",18000,başarısız
fongogo,ödül,teknoloji,ya hep ya hiç,Seal City: Episode 1,Emre Şaşmaz,erkek,0,0,1,0,izmir,ege,2014,23.07.2014,28.08.2014,36,yok,0,10,0,0,0,1,8,1,var,yok,0,0,0,439,Hayatta kalma ve macera temalı bir bilgisayar oyunu.,10000,başarısız
fongogo,ödül,film-video-fotoğraf,ya hep ya hiç,Suçlu - Kısa film,Serdar Kuş,erkek,2,0,1,0,istanbul,marmara,2019,01.07.2019,30.08.2019,60,var,206,2,0,0,0,11,9,1,yok,yok,0,0,3,352,Proje kadına şiddet temasını işleyen bir sanat filmi projesidir.,25000,başarısız
fongogo,ödül,eğitim,ya hep ya hiç,MAYTAP Atölye,Gökçe Gökbalkan,kadın,0,0,1,1,belirsiz,belirsiz,2017,,30.06.2017,60,yok,0,3,0,0,0,3,5,1,yok,yok,0,0,0,120,"MAYTAP, 2017 senesinde kurulan ve ilköğretim çağı öğrencilerin öğrenen zihin becerilerini kazanmaları için ürün ve hizmet üreten bir sosyal girişimdir.",5000,başarısız
fongogo,ödül,film-video-fotoğraf,ya hep ya hiç,GİRDAP,Mehmet Emin DEMIREL,erkek,0,0,1,0,diyarbakır,güneydoğu,2020,10.11.2020,9.01.2021,60,var,42,6,3,2,0,0,9,1,yok,yok,0,0,0,652,GİRDAP: KHK ile ihraç edilmiş edebiyat öğretmeni Galip'in 12 ayını anlatan bir film olup filmdeki her karakter filme verilen adın bir harflerini oluşturur.,100000,başarısız
fongogo,ödül,film-video-fotoğraf,ya hep ya hiç,Yalnız Uyuyanlar İçin - Film,Ogün Mert Kurt,erkek,1,0,1,0,zonguldak,karadeniz,2014,20.08.2014,19.10.2014,60,yok,0,3,0,0,0,0,6,1,yok,yok,0,0,0,686,Yalnız Uyuyanlar İçin isimli kısa metrajlı film projesine destek,25000,başarısız
fongogo,ödül,kültür-sanat,ya hep ya hiç,Brazıl Cerrado Ecoarte Art Resıdency & Exhıbıtıon / Love Letters,Müge Olacak,kadın,0,0,1,0,istanbul,marmara,2019,14.06.2019,7.07.2019,23,yok,0,6,0,1,0,6,7,1,var,var,3,769,5,981,"Love Letters projemle, 8 sanatçıdan biri olarak davet edildiğim Brezilya Cerrado Ecoarte Konuk Sanatçı Programı'na gidebilmem için uçak biletime ihtiyacım var.",8800,başarısız
fongogo,ödül,film-video-fotoğraf,ya hep ya hiç,Benden Korkmana Gerek Yok,Berfin Demirat,kadın,0,0,1,0,istanbul,marmara,2019,05.02.2019,12.03.2019,35,var,121,8,0,1,0,59,9,7,yok,yok,0,0,0,311,"Eşinden yeni ayrılmış bir kadın ve hamilelik sebebiyle evlenmek zorunda kalan çift, bilmedikleri bir yerde karşılaşırlar.",15000,başarılı
fongogo,ödül,çevre,ya hep ya hiç,Daha Yeşil Bir Dünya İçin Yollardayız,Halit Tekin,erkek,1,0,1,0,muğla,ege,2016,19.04.2016,9.05.2016,20,var,224,2,0,0,0,2,6,1,yok,var,2,108,0,239,Daha Yeşil Bir Dünya İçin Yollardayız kampanyamızda ise yeniden otostop ile yollara düşüyoruz.,1000,başarısız
fongogo,ödül,eğitim,ya hep ya hiç,Hedef: Design Academy Eindhoven! Desteklerinize ihtiyacım var!,Başak Tuna,kadın,0,0,1,1,istanbul,marmara,2019,11.04.2019,26.05.2019,45,yok,0,9,0,0,0,37,9,1,yok,var,2,1651,5,578,Hollanda'da bulunan DAE' nin eğitim ücretini ve oradaki yaşam masraflarımı karşılayabilmek için maddi desteğe ihtiyacım var.,92000,başarısız
crowdfon,ödül,çevre,ya hep ya hiç,Meyvehane,Süha Zaimoglu,erkek,0,0,1,0,belirsiz,belirsiz,2012,,,60,var,60,1,0,0,0,14,8,1,yok,yok,0,0,0,60,"Balat meyve veriyor... MeyveHane projesiyle Fener ve Balat'ta evlerin bahçelerine, parklara,sokaklara, kısacası değe",2526,başarılı
fongogo,ödül,müzik,ya hep ya hiç,Bir Gencin Hayali: Rap Müzik,Yusuf Can,erkek,0,0,1,0,istanbul,marmara,2020,28.02.2020,29.03.2020,30,var,106,2,0,0,0,0,4,1,yok,var,1,850,5,512,"Bir kuş yalnız başına kafeste, sesini duyuramazsa kimseye, ne özgür olabilir ne de mutlu.",2000,başarısız
crowdfon,ödül,müzik,ya hep ya hiç,Turkish Electronic Movement (tem) Müzik Stüdyosu,Kadır Umıt,erkek,0,0,1,0,belirsiz,belirsiz,2014,,,60,yok,0,1,0,0,0,4,4,1,yok,yok,0,0,0,115,"Elektronik dans müziği tarzında parçalar üretip beatport, iTunes gibi dijital platformlarda satış yapmak için ku",50000,başarısız
crowdfon,ödül,teknoloji,ya hep ya hiç,Kitlesel Fonlama - İş Yapma Yöntemini Değiştirecek Yeni Sistem,Savaş Ünsal,erkek,0,0,1,0,belirsiz,belirsiz,2019,,,60,yok,0,1,0,0,0,4,4,1,yok,yok,0,0,0,115,"Kitlesel Fonlama veya “crowdfunding” sistemine, bizim kültürümüzde imece olarak zaten yapageldiğimiz yardımla?",50000,başarısız
crowdfon,ödül,teknoloji,ya hep ya hiç,Roboardu - Arduino Temelli Robot Eğitim Kiti,Akın Akçaoğlu,erkek,0,0,1,0,belirsiz,belirsiz,2019,,,60,yok,0,1,0,0,0,4,4,1,yok,yok,0,0,0,115,RoboArdu kişilerce Arduino programlayarak geliştirme ortamı sağlamaktadır. Üzerinde bulunan devre  ve kontrol elem,50000,başarısız
fongogo,ödül,kültür-sanat,ya hep ya hiç,"""Nasıl Başardılar?""",Ege Tütüncü,erkek,0,0,4,0,istanbul,marmara,2013,26.12.2013,20.02.2014,56,yok,0,5,0,0,0,4,6,1,yok,yok,0,0,0,402,"Sıfırdan gelip, zirveye oynayan, kendi emeğiyle iyi yerlere gelmiş başarılı insanların hayat hikayelerini bir kitap altında toplamak.",7000,başarısız
fongogo,ödül,teknoloji,ya hep ya hiç,Uçan kargo dronlarına destek olur musun ?,Melih Biçer,erkek,0,0,1,0,manisa,ege,2020,24.03.2020,7.04.2020,14,yok,0,3,0,0,0,0,4,1,yok,var,1,140,5,525,Dikey kalkıp inebilen aynı zamanda uçak gibi uçabilen VTOL insansız hava araçları günümüz kargo sorunlarına çözüm olabilir .,4000,başarısız
fonbulucu,ödül,kültür-sanat,ya hep ya hiç,Bipolar adı altında sosyal mesaj vereceğim parçama klip desteği lazım,Yunus Emre Albayrak,erkek,0,0,1,0,istanbul,marmara,2020,,,60,yok,0,1,0,0,1,1,5,1,yok,yok,1,2007,0,153,"Amacım öncelikle kendim için iyi bir iş çıkarmak, ardından çevremde değerli ve gerçekten yetenekli genç kardeşlerimize destek çıkıp önlerini açabilmek.",7000,başarısız
fongogo,ödül,eğitim,ya hep ya hiç,UNIVERSITY OF EXETER | Hayallerimin Okulunda Okumama Yardım Eder Misiniz?,Balım Kar,kadın,0,0,1,0,istanbul,marmara,2019,20.02.2019,2.04.2019,41,var,196,3,0,1,0,178,8,1,var,var,2,1113,5,695,"University of Exeter'in Theatre Practice Master programından kabul aldım. Kabul almak bile bir hayaldi; gerçek oldu. Devamını getirmeme yardım eder misiniz?""",75000,başarılı
fongogo,ödül,gıda-yeme-içme,hepsi kalsın,"İYİLİK SAĞLIK DOLU SALATANIZ HAZIR.  EKİP’E DESTEK OLUN, SİZE AFİYET OLSUN!",Yeşim Nur  Akar,kadın,0,0,1,0,istanbul,marmara,2020,18.05.2020,17.07.2020,60,yok,0,9,0,0,0,16,7,6,var,var,4,601,0,778,"EKiP’in üreten, yaşatan cesur kadınları sizinle daha güçlü. Sağlıklı,hijyenik, leziz salatalardan hemen sipariş edin,iş yerinize dönünce bir öğün EKiP’le olsun.",20000,başarısız
fonbulucu,ödül,teknoloji,ya hep ya hiç,ÇARŞI CEPTE,Soner Çengeloğlu,erkek,0,0,1,0,muş,doğu,2018,,,60,yok,0,7,0,0,0,1,4,1,yok,var,1,27,0,266,Çarşı Cepte esnaflar ile müşterileri en kısa yoldan buluşturan bir mobil platfomdur.,15000,başarısız
fongogo,ödül,teknoloji,ya hep ya hiç,Moni Nerede?,Yağızhan Koçoğlu,erkek,0,0,1,0,kastamonu,karadeniz,2014,07.04.2014,7.05.2014,30,yok,0,4,0,0,0,1,7,1,var,var,1,472,0,290,Sosyal gezgin rehberiniz.,5000,başarısız
fongogo,ödül,teknoloji,ya hep ya hiç,Steel Nations,Temel  KIRCI,erkek,0,0,1,0,istanbul,marmara,2020,14.12.2020,13.01.2021,30,var,301,8,4,0,0,0,3,1,yok,var,1,500,0,323,Steel Nations  PC tabanlı  gerçek zamanlı bir grand strateji oyunudur.,50000,başarısız
fonbulucu,ödül,teknoloji,ya hep ya hiç,Objektif  Yazar,Muzaffer Emin Türkan,erkek,0,0,1,0,ankara,iç anadolu,2019,,,60,yok,0,1,0,0,0,0,4,1,yok,var,2,28,0,120,Ahir zamanda kara kutularda kaybolmuş milyon gençlere alternatif kapı oluşturmak ve umudunu kaybetmiş herkese umut götürmek istiyoruz.,4000,başarısız
fongogo,ödül,müzik,ya hep ya hiç,Karanlığa Bir Türkü,Nazlı Elik Yüksel,kadın,0,0,1,1,belirsiz,belirsiz,2016,,5.03.2016,60,yok,0,1,0,0,0,4,6,1,yok,yok,0,0,0,120,TRT'de yetişmiş yurttan sesler sanatçısı olarak 12 türkülük albüm çalışmam için desteklerinizi bekliyorum.,40000,başarısız
fongogo,ödül,film-video-fotoğraf,ya hep ya hiç,HELİN - BIRD'S NEST,Fırat Gürgen,erkek,0,0,1,0,istanbul,marmara,2018,08.10.2018,17.11.2018,40,yok,0,5,0,0,0,10,9,1,var,var,1,68,5,354,"Helin geçtiğimiz 4 yıl içerisinde prodüksiyon ve post prodüksiyon sürecini tamamladı ve şimdi festivallere ulaşmak için desteğinize ihtiyacı var.""",20000,başarısız
fongogo,ödül,eğitim,ya hep ya hiç,Bilim Kursu,Oğuzhan Eker,erkek,0,0,1,0,istanbul,marmara,2015,22.06.2015,21.08.2015,60,var,61,13,0,0,0,3,6,1,yok,var,2,44,0,599,"""Bilim Kursu"" bilimin ve bilime dair şeylerin anlatıldığı bir youtube kanalıdır.",7200,başarısız
fongogo,ödül,eğitim,ya hep ya hiç,Sağlıklı Yaşam Koçluğu Eğitimi,Melis Zararsız,kadın,0,0,1,1,belirsiz,belirsiz,2018,,11.02.2018,60,yok,0,3,0,0,0,15,5,1,yok,yok,0,0,0,120,Sağlıklı yaşam koçluğu yolunda ilerliyorum ve bunun için en iyi eğitim IIN okullarında. Bu eğitimi alarak ülkemizde bu işi en iyi şekilde yapmak istiyorum.,20000,başarısız
crowdfon,ödül,teknoloji,ya hep ya hiç,Yerli Mesajlaşma Platformu,Can Yörükçüoğlu,erkek,0,0,1,0,belirsiz,belirsiz,2020,,,60,yok,0,1,0,0,1,1,4,1,yok,yok,0,0,0,78,Türkiye'den çıkarak yazılım konusunda dev bir şirket olmak istiyoruz.Bunun için bu uygulamayla kendimizi tanıtma,3000,başarısız
fongogo,ödül,teknoloji,ya hep ya hiç,W-CONTROL,Sena Dönmez,kadın,0,0,1,0,izmir,ege,2020,09.01.2020,9.03.2020,60,var,44,0,0,0,0,0,8,4,yok,var,1,20,4,278,Startup Weekend Women yarışmasında 1. olan israf konulu projemiz ile ülkemizi temsilen Singapur'da yarışmaya gidiyoruz.Bu süreçte desteğinize ihtiyacımız var.,10000,başarısız
fongogo,ödül,moda,hepsi kalsın,Küçük İşletmem Yaşasın,Tuğba Yılmaz,kadın,0,0,1,0,bursa,marmara,2020,09.04.2020,8.06.2020,60,yok,0,2,0,0,0,1,8,1,yok,var,1,495,0,357,Bu zor günlerde hayallerimi gerçekleştirdiğim giyim butiğimin ayakta kalmasını sağlayabilirsin.Maaş ve diğer giderlerimizi karşılamak için yanımızda olabilirsin,25000,başarısız
crowdfon,ödül,diğer,ya hep ya hiç,Yaşatmak İçin 100 Ünlü 100 Röportaj,Sercan Yıldız,erkek,0,0,1,0,belirsiz,belirsiz,2018,,,60,yok,0,1,0,0,0,0,4,1,yok,yok,0,0,0,115,Tüm geliri Kelebek hastalığı ve Serebral Palsi hastalığına yakalanmış çocuklarımızın tedavisinde kullanıla,50000,başarısız
fongogo,ödül,film-video-fotoğraf,ya hep ya hiç,OTIS TARDA,Özgürcan Uzunyaşa,erkek,2,0,1,0,istanbul,marmara,2019,03.07.2019,17.08.2019,45,var,81,5,0,0,0,15,8,2,yok,var,2,139,5,326,"Ailesine kimliğini kanıtlama yükümlülüğünü hisseden Uğur, ormanda, avlanması yasak Toy Kuşu için köylü bir çocukla mücadeleye girer.",6000,başarılı
fongogo,ödül,eğitim,ya hep ya hiç,Denizci Öğrencilerin Dergisi İçin Desteğe İhtiyacımız Var !,İbrahim selim türkmen,erkek,1,0,1,0,istanbul,marmara,2019,04.12.2019,2.02.2020,60,var,60,7,0,0,0,37,7,2,var,var,2,943,5,438,"Genç Gemimo olarak, denizde vefat eden arkadaşlarımızı andığımız ve denizcilikle alakalı değerli bilgileri paylaştığımız dergimizi bastırmak istiyoruz.",4500,başarılı
fongogo,ödül,eğitim,ya hep ya hiç,ODTÜ KÖPRÜ - Kütüphane Projesi,Hüseyin Ülker,erkek,0,0,1,1,belirsiz,belirsiz,2017,,21.04.2017,60,var,60,8,1,1,1,30,6,3,var,var,3,620,4,413,"Esas ihtiyacımızın okuyan nesiller olduğu inancıyla çıktığımız bu yolda, kütüphanesiz okul kalmayana dek projelerimizi sürdürmek yegâne hedefimizdir.",10000,başarılı
crowdfon,ödül,teknoloji,ya hep ya hiç,Smart Sarj,Eray Esen,erkek,0,0,1,0,belirsiz,belirsiz,2014,,,60,yok,0,1,0,0,0,4,4,1,yok,yok,0,0,0,115,Smart sarj cihazı ile hiç bir kaynağa ihtiyaç duymadan Nerede olursaniz olun cep telefonunuzu kolayca sarj edebilece,5000,başarısız
fonbulucu,ödül,teknoloji,ya hep ya hiç,YAKINDA ÇIKACAK OLAN ONLİNE BATTLE ROYALE TARZI HAYATTA KALMA OYUNU FLAYER,Emre Sev,erkek,0,0,1,0,genel,genel,2019,,,60,var,30,6,0,0,0,0,5,3,yok,var,2,74,0,234,Neden Türk yapımı bir oyun pubg gibi popüler olmasın...,10000,başarısız
fongogo,ödül,film-video-fotoğraf,ya hep ya hiç,Pîrebok (Uzun Metraj Film),Lütfü Irdem,erkek,2,0,1,0,diyarbakır,güneydoğu,2019,10.06.2019,25.07.2019,45,yok,0,0,0,0,0,20,7,2,yok,yok,0,0,5,467,Adem evlenmek için kendisine küçükken anlatılan efsanevi Pîrebok'un peşine düşer.,30000,başarısız
fongogo,ödül,diğer,hepsi kalsın,Bir Tebessüm İçin Muğla'ya gidiyor,Denise Kazado,kadın,0,0,1,0,muğla,ege,2019,24.04.2019,9.05.2019,15,var,276,8,0,0,0,6,6,2,var,var,2,38,4,549,İstanbullu şehirli gençlerle; Muğlalı yerel halk arasında kültürel etkileşim kurmak.,3000,başarısız
fongogo,ödül,eğitim,ya hep ya hiç,TOSBİKLER GEZİCİ ALTERNATİF DOĞA OKULU,REYHAN İPEK PAKSOY,kadın,0,0,1,1,belirsiz,belirsiz,2019,,3.09.2019,60,yok,0,0,0,0,0,0,4,1,yok,yok,0,0,0,63,"Kendine yeten, kampı ve doğayı benimseyen, gerçek ilişkiler kurabilen çocukların yetişmesi adına güvenli, eğlenceli ve verimli gezici alternatif doğa okulu",50000,başarısız
crowdfon,ödül,müzik,ya hep ya hiç,Clovoice,Mehmet Bilgin,erkek,0,0,1,0,belirsiz,belirsiz,2017,,,60,yok,0,1,0,0,0,0,4,1,yok,yok,0,0,0,115,Ülkemizde Her Gencin Hayali Müzisyen Olmaktır . CloVoice Online Ortamda Yarışma Yaratıp İnsanlar Kendi Söyledikl,50000,başarısız
arıkovanı,ödül,teknoloji,ya hep ya hiç,Twin | Çocuklar için Bilim Kiti,Yakup Ateş,erkek,0,0,1,0,belirsiz,belirsiz,2015,,,60,var,60,5,0,4,13,932,3,2,yok,yok,0,0,0,206,"Çocuk eğitimi’nin önemini vurgulayarak üretilen Twin Bilim Seti, çocuğunuz hayal gücünü geliştirecek ve ona Robotik Düşünme becerisi katacak.",100000,başarılı
fongogo,ödül,film-video-fotoğraf,ya hep ya hiç,KIRIK KEMAN (KISA FİLM / SHORT FİLM),Ferit çelik,erkek,0,0,1,0,istanbul,marmara,2019,05.02.2019,17.03.2019,40,yok,0,1,0,0,0,0,8,3,yok,var,2,921,5,804,"Biz hazırız! Filmimizi bitirebilmek için desteğinizi bekliyoruz...

-İnsan dünyaya fırlatılmış bir nesnedir-  "" J.P. Sartre""",5500,başarısız
fonbulucu,ödül,çevre,ya hep ya hiç,Okulumuzu Led ile Aydınlatalım,Ali Özdemir,erkek,0,0,1,0,zonguldak,karadeniz,2020,,,60,yok,0,4,0,0,0,0,4,1,var,var,1,459,0,113,Okulun elektrik faturasını yüzde 70 düşürmek istiyorum.,5000,başarısız
fongogo,ödül,film-video-fotoğraf,ya hep ya hiç,Ve Saireler... (İş Cinayetlerine Dair Bir Belgesel),proletarYApım Destek,belirsiz,0,0,1,0,ankara,iç anadolu,2019,07.02.2019,8.04.2019,60,var,91,3,0,1,0,3,9,4,var,var,1,370,5,1376,Yılda en az 2.000 kişinin ölmesi kaza değil cinayettir. Her yıl artan iş cinayeti mağdurlarının duyulmayan sesini gelin hep beraber duyuralım.,32000,başarısız
fongogo,ödül,moda,ya hep ya hiç,Yarışma Yap,a s,belirsiz,0,0,1,0,ankara,iç anadolu,2019,10.09.2019,10.10.2019,30,var,61,1,0,0,0,1,5,1,yok,yok,0,0,4,173,"YarışmaYap platformu ile mimar tasarım hizmeti almak isteyen müşteriler için bir çok mimarın proje sunduğu, müşterinin istediği projeyi seçtiği ortam sağlamak.",15000,başarısız
fongogo,ödül,diğer,ya hep ya hiç,EnstitüYaYa ile birlikte dönüşelim!,Nuran Eyaz,kadın,0,0,1,0,istanbul,marmara,2020,22.05.2020,21.07.2020,60,var,203,0,0,11,0,17,5,1,var,var,4,251,5,648,"Barışcıl, sürdürülebilir, sağlıklı, bağımsız ve keyifli bir yaşamı mümkün kılmak için kolları sıvadık. Başlamak için sana ihtiyacımız var. Birlikte dönüşelim!",40000,başarısız
fonbulucu,ödül,spor,ya hep ya hiç,Rahatlama Seansı,Gülsüm Taşkıran Ay,kadın,0,0,1,0,izmir,ege,2020,,,60,var,34,3,0,0,2,0,5,1,yok,yok,0,0,0,464,Kadınları ve çocukları bir nebzede olsa şiddetten kurtaran bir proje,110000,başarısız
fongogo,ödül,kültür-sanat,hepsi kalsın,KUMBARACI50 KAPANMASIN / HİÇBİR SAHNE KAPANMASIN,Gülhan Kadim,kadın,3,0,1,0,istanbul,marmara,2020,07.10.2020,1.12.2020,55,var,107,7,2,2,2,760,9,2,var,var,3,148300,3,364,"3 Kasım-1 Aralık tarihleri arasında gelen tüm destekler, ihtiyacı olan ve talep eden sahnelerle kira desteği olarak paylaşılacak.",200000,başarılı
fongogo,ödül,eğitim,ya hep ya hiç,Renkli Orman'a Eğitsel Materyal Alıyoruz,Levent Kahraman,erkek,0,0,1,1,balıkesir,marmara,2015,01.10.2015,31.10.2015,30,var,163,11,0,0,0,57,5,2,yok,var,3,5500,0,241,Başka Bir Okul Mümkün modelinin ilk erken çocukluk merkezi olan Renkli Orman'ı hepimizin desteğiyle var ediyoruz.,5000,başarılı
fongogo,ödül,teknoloji,ya hep ya hiç,BiSosyal,Ekin Ulutaş,erkek,0,0,1,0,adana,akdeniz,2020,14.05.2020,13.06.2020,30,var,43,8,0,0,0,0,5,1,yok,yok,0,0,5,577,6 üniversitesi öğrenci kurmuş olduğumuz bir mobil uygulama ile başta Ankara sonrasında tüm Türkiye olmak üzere sosyal hayatı cebinize sığdırmak için yola çıktık,10000,başarısız
fongogo,ödül,moda,ya hep ya hiç,Triptod ile Çay Saati,Triptod Triptod,belirsiz,0,0,1,0,istanbul,marmara,2014,16.12.2014,14.02.2015,60,yok,0,5,0,0,0,1,3,1,var,var,2,3459,0,141,Tatlı yiyelim tatlı konuşalım.,2000,başarısız
fongogo,ödül,turizm,ya hep ya hiç,"Afrika'da ""Bir"" Olmak : Afrika'da Bir Kadın, 7 Ay, 17 Hedef",Burcu Tunca,kadın,0,0,1,0,izmir,ege,2017,16.11.2017,17.12.2017,31,var,161,1,0,0,0,51,7,1,var,var,4,62934,3,307,"İnsanoğlunun dünya üzerinde var olmaya başladığı topraklarda, Afrika’da, bir başıma “bir” olduğumuzu gösterebilmek için seyahate başlıyorum.",8000,başarılı
fongogo,ödül,eğitim,ya hep ya hiç,SES KARDEŞİM Batı Anadolu Etabı,Fusun Bay Canbay,kadın,0,0,1,0,muğla,ege,2018,25.07.2018,14.08.2018,20,var,156,4,0,0,0,66,6,2,var,var,3,2098,5,300,Gören çocuklarla görmeyen çocuklar arasında ses köprüsü oluşturmak ve sesli kitaplar yaratmak için yola çıkan gezen pembe minibüs stüdyoya destek olur musunuz?,15000,başarılı
fongogo,ödül,film-video-fotoğraf,ya hep ya hiç,Uyuyordum (Kısa Film / Short Film),Evrim Tayfur Bin,erkek,0,0,1,0,istanbul,marmara,2018,26.12.2018,24.02.2019,60,yok,0,2,0,0,0,0,6,1,yok,yok,0,0,0,566,Farklılıklarımızın olmadığı bir dünyanın farkına varmalıyız ve hastalıklarının delilik olmadığını anlamalıyız.,9500,başarısız
fonbulucu,ödül,tasarım,ya hep ya hiç,Tarsusian T-shirt ve Moda Tasarım Projesi,Berke Başeğmez,erkek,0,0,1,0,istanbul,marmara,2020,,,60,yok,0,1,0,0,0,1,5,1,yok,yok,0,0,0,83,"Türk moda sektörüne küresel kapı açacak, küresel moda sektörüne yön verecek.",5000,başarısız
fongogo,ödül,teknoloji,ya hep ya hiç,TARI,Barış Bingül,erkek,0,0,1,0,zonguldak,karadeniz,2020,21.07.2020,10.08.2020,20,var,38,3,0,0,0,0,3,2,yok,yok,0,0,4,271,İTÜ öğrencilerinden oluşan TARI takımı Teknofest Tarım Teknolojileri alanında ortaya çıkarmış olduğu proje ile Gaziantep finallerine katılmaya hak kazanmıştır.,5000,başarısız
fongogo,ödül,film-video-fotoğraf,ya hep ya hiç,Kelimeler / The Words,Turgut Barut,erkek,0,0,1,0,trabzon,karadeniz,2018,27.12.2018,25.02.2019,60,yok,0,6,0,0,0,0,5,1,yok,yok,0,0,5,448,"Trabzon'da, içinde yaklaşık iki bin yıldır ölü bir dil olan ve Klasik Yunanca'nın cümle yapılarına sahip Romanika'nın varlığı anlatılmaktır.",10000,başarısız
buluşum,ödül,eğitim,ya hep ya hiç,Gelecek Daha Net - Geleceğini Tasarla Modülü,Serra Titiz,kadın,0,0,1,0,belirsiz,belirsiz,2017,,,60,yok,0,1,0,0,0,23,1,1,yok,yok,0,0,0,287,"Geleceğini Tasarla Modülü, siteye kayıt olan gençlerin eğlenceli bir formatta dolduracağı online anketin getireceği sonuçlar üzerinden kendilerine uygun olabilecek meslek alternatiflerini görmeleri, bu meslekleri yakından tanıma fırsatı bulmaları ve böylece kendilerine en uygun olanı seçmelerini sağlayacak",25000,başarılı
fonbulucu,ödül,diğer,ya hep ya hiç,Bitlisli Gencin İmalat Projesi,Yasin Keser,erkek,0,0,1,0,genel,genel,2018,,,60,var,50,1,0,0,0,0,4,1,yok,yok,0,0,0,88,Benim projem yaşadığım yerde hiç denenmemiş bir proje,10000,başarısız
fongogo,ödül,teknoloji,ya hep ya hiç,Profesyonel Müzik ve Dinleti Kulaklığı,Furkan BAKIR,erkek,0,0,1,0,kocaeli,marmara,2019,06.08.2019,5.10.2019,60,var,80,22,0,0,0,0,9,3,var,var,4,52,5,517,"Yüksek çözünürlüklü ses; kırılmaya, kopmaya dayanıklı ve görsel tasarım olarak etkileyici, metalin ve ahşabın işlevselliği ile uygun fiyatlı ticarileşebilir iş.",5000,başarısız
arıkovanı,ödül,teknoloji,ya hep ya hiç,Alya | 3D Printer,Ahmet Alpat,erkek,0,0,1,0,belirsiz,belirsiz,2015,,,60,var,60,3,0,5,6,136,1,5,yok,yok,0,0,0,584,"Alya, hızla kirlenen ve kaynakları tükenen dünyamıza karşı sorumluluklarının bilincinde olan bir 3D yazıcıdır.",10000,başarılı
fongogo,ödül,çevre,ya hep ya hiç,Floraya Elektrik Gelsin,Kemal Çizmeciler,erkek,0,0,1,0,antalya,akdeniz,2019,02.12.2019,22.12.2019,20,yok,0,3,0,0,0,5,4,2,yok,var,1,2720,0,141,"Antalyanin Kemer ilcesinde, Tahtali Daginin eteklerinde ekolojik bir hayat surmek icin ahsap bir ev insa ettik.Elektrik elde etmek icin akulere ihtiyacimiz var.",7000,başarısız
fongogo,ödül,moda,ya hep ya hiç,Purity of the White,Ömer Yıldız,erkek,0,0,1,0,ankara,iç anadolu,2014,30.10.2014,29.12.2014,60,yok,0,7,0,0,0,1,4,1,yok,yok,0,0,0,338,Ben istiyorum ki en azından bir kişiye ve yahut kişilere ulaştırmaya çalıştığım bir mesajım olsun. Bu gün için seçtiğim yöntem bu oldu. Yarını ise beklemeliyiz.,10000,başarısız
fongogo,ödül,eğitim,ya hep ya hiç,Bilim Kutusu'yla Evde Deneyin,Elçin Ekşi,kadın,0,0,1,0,ankara,iç anadolu,2020,15.05.2020,14.07.2020,60,var,206,19,0,0,0,4,8,1,var,var,3,506,5,346,"Bilim Kutusu keşif tutkusunu, sormayı ve araştırmayı teşvik eden bir macera kutusudur. Etkinliklerimizi yapamadığımız bu süreçte desteklerinizi bekliyoruz.",29750,başarısız
fongogo,ödül,film-video-fotoğraf,ya hep ya hiç,DÜDÜK - Kısa Film Projesi,Ege Karakurt,erkek,0,0,1,0,istanbul,marmara,2021,20.01.2021,6.03.2021,45,var,30,0,1,0,0,7,8,1,yok,var,1,116,5,0,Amatör küme maçının orta hakemi olan Tevfik tartışmalı penaltı pozisyonunda karar veremez ve pozisyonu izlemek için video hakem teknolojisine başvurur.,15000,başarısız
fonbulucu,ödül,eğitim,ya hep ya hiç,Öğrenciye Gelir,Hüseyin Furkan Öztürk,erkek,0,0,1,0,genel,genel,2018,,,60,yok,0,2,0,0,2,1,6,1,var,var,2,2560,0,789,"Yetenekli öğrencilerin kendilerine uygun işletmeler ve girişimlerle buluştuğu, para kazandığı ve sosyalleştiği ??bir öğrenci platformuyuz.",10000,başarısız
fonbulucu,ödül,teknoloji,ya hep ya hiç,Tuvalimdesin Çocuk,Yunus Emre Sarı,erkek,0,0,1,0,antalya,akdeniz,2019,,,60,var,74,3,0,0,0,3,5,2,yok,yok,0,0,0,159,Çocuk istismarını önüne geçmek için Kalkanımız Bileğimizde...,24000,başarısız
fongogo,ödül,kültür-sanat,ya hep ya hiç,BUBİ KADIKÖY: Buluşma ve Bilişme Alanı,Elif Demirci,kadın,0,0,2,0,istanbul,marmara,2015,06.04.2015,5.06.2015,60,var,339,17,0,0,0,0,9,1,yok,var,1,3453,0,752,Türkiye'nin sanat/bilim/doğa alanında alternatif medyası olmak.,20000,başarısız
fongogo,ödül,kültür-sanat,ya hep ya hiç,LAMA Mizah Dergisi,Cem Işık,erkek,0,0,1,0,ankara,iç anadolu,2013,25.12.2013,25.01.2014,31,yok,0,9,0,0,0,7,12,2,yok,var,2,24188,8,774,Yeni bir mizah dergisinin yayın hayatına devam etmesine destek verin!,18000,başarısız
fonbulucu,ödül,teknoloji,ya hep ya hiç,Bumerang Cankurtaran,Bülent Dülgeroğlu,erkek,1,0,1,0,genel,genel,2018,,,60,yok,0,16,0,0,2,20,5,1,yok,yok,0,0,0,231,"Denizlerde görev yapan cankurtaranların, kurtardıkları kişileri kolayca ve hızlı karaya taşımalarını sağlayan motorlu pilli çekme aracı.",22000,başarılı
fongogo,ödül,diğer,ya hep ya hiç,TEK BAŞIMA OYUN YAPIYORUM VE DESTEĞİNİZE İHTİYACIM VAR,Abdullatif Yılmaz,erkek,0,0,1,0,istanbul,marmara,2020,03.06.2020,3.07.2020,30,var,52,8,0,1,0,1,6,1,var,yok,0,0,5,396,Yaptığım mobil oyunu daha çok platformda daha etkili bir şekilde yayınlayabilmek için desteğinize ihtiyacım var :),2000,başarısız
fonbulucu,ödül,eğitim,ya hep ya hiç,Umut Işığım,Deniz Şen,kadın,0,0,1,0,antalya,akdeniz,2020,,,60,var,60,2,0,0,0,52,5,1,yok,var,1,16300,0,202,Sağlıklı ve Hijyenik bir tuvalet herkes kadar onların da hakkı,9000,başarılı
fongogo,ödül,film-video-fotoğraf,ya hep ya hiç,HAPPY BIRTHDAY (KISA FİLM),Ertan Doğan,erkek,2,0,1,0,istanbul,marmara,2018,04.09.2018,24.09.2018,20,yok,0,1,0,0,0,2,9,1,yok,var,1,274,0,285,Yaşamın her anında karşılaşabileceğimiz insanlık dışı bir davranış olan ayrımcılığa değinmek istiyorum.,9000,başarısız
crowdfon,ödül,çevre,ya hep ya hiç,Patili Cafe,Rahime Taşkın,kadın,0,0,1,0,belirsiz,belirsiz,2016,,,60,yok,0,1,0,0,0,0,4,1,yok,yok,0,0,0,115,Patili Cafe Sokak hayvanlarının hayatlarını kolaylaştırmak ve onlara yuva sağlamak amacında bir projedir.,50000,başarısız
fonbulucu,ödül,müzik,ya hep ya hiç,Yeniden Doğuş,Ahmet Selçuk Karagün,erkek,0,0,1,0,izmir,ege,2018,,,60,yok,0,1,0,0,0,0,4,1,yok,var,2,1260,0,49,"sadece bir kaç nota değil, sanki karanlıkta fener.",15000,başarısız
fonbulucu,ödül,teknoloji,ya hep ya hiç,İnsansız Kasa Teknolojileri,Burak Uğur,erkek,0,0,1,0,ankara,iç anadolu,2020,,,60,var,91,3,0,0,0,0,7,3,var,yok,0,0,0,277,Müşterilerin mağazadan alışveriş sırasında kasa sırası bekleme sorununu yapay zeka ile çözebilen insansız kasa teknolojisi geliştirmek.,7000,başarısız
fongogo,ödül,teknoloji,ya hep ya hiç,Kokusuz Dumansız Döner Kül Tablası - Foxipo,Ali İhsan Ciğer,erkek,0,0,1,0,konya,iç anadolu,2019,08.07.2019,6.09.2019,60,var,54,9,0,0,0,1,9,1,var,yok,0,0,5,620,"Evde, kafede, bahçede sigara kullanalar için kokuyu, külü, izmariti içine hapseden kül tablası. Üstelik döner tamburu ile kullanımı oldukça zevkli.",25000,başarısız
fongogo,ödül,teknoloji,ya hep ya hiç,Andonca.com - Ortak Mizah ve Mantık Dili,Battal Özçelik,erkek,0,0,1,0,antalya,akdeniz,2015,15.05.2015,14.07.2015,60,yok,0,3,0,0,0,0,6,3,yok,var,2,42,0,242,Andonca.com kullanıcıların eğlenceli ve bilgilendirici içerikleri okuyup aynı zamanda içeriğe katkı sağlayarak para kazanabileceği bir sosyal ağ platformdur.,5000,başarısız
fonbulucu,ödül,teknoloji,ya hep ya hiç,SN19 STORE,Ahmet Rasim Albayrak,erkek,0,0,1,0,genel,genel,2019,,,60,var,20,2,0,0,0,1,6,2,yok,yok,0,0,0,627,Geleceğin Anahtarı Bizde,10000,başarısız
fongogo,ödül,spor,ya hep ya hiç,Türkiye'nin En Hızlısı,Halil Karlık,erkek,0,0,1,0,çanakkale,marmara,2019,29.03.2019,28.05.2019,60,var,90,5,0,0,0,0,6,3,var,var,2,4460,5,536,"Çocukları spora teşvik etmek, onları zararlı alışkanlıklardan uzaklaştırmak ve amacıyla 10-14 yaş arası çocuklar arasında düzenlenen atletizm yarışmalarıdır.",20000,başarısız
fongogo,ödül,film-video-fotoğraf,ya hep ya hiç,Mızıka/Harmonica,Erol Can Korkmaz,erkek,0,0,1,0,istanbul,marmara,2018,18.07.2018,1.09.2018,45,yok,0,1,0,0,0,0,9,3,yok,yok,0,0,5,359,"Sokaklarda mendil satıp ailesine bir nebze katkıda bulunmak
isterken ellerinden kaçırdıkları yaşamın öyküsüdür “Mızıka”.",2500,başarısız
fonbulucu,ödül,tasarım,ya hep ya hiç,Akıllı Yastık ve Akıllı Battaniye,Nadire Yalman,kadın,0,0,1,0,genel,genel,2019,,,60,yok,0,3,0,0,0,1,5,1,yok,yok,0,0,0,181,Doğal terapi,25000,başarısız
crowdfon,ödül,yayıncılık,ya hep ya hiç,Ayı Dergi,Özgür Akkaya,erkek,0,0,1,0,belirsiz,belirsiz,2015,,,60,yok,0,1,0,0,0,0,4,1,yok,yok,0,0,0,115,"Ayı Dergi nedir?

Ayı Dergi ücretsiz bir kültür-sanat-edebiyat dergisidir. İlk iki sayısını yayınlamış ve ok",50000,başarısız
fongogo,ödül,sağlık-güzellik,ya hep ya hiç,KÖKÜ SENDE,Arzu Susantez,kadın,0,0,1,1,belirsiz,belirsiz,2017,,30.04.2017,60,var,60,8,1,1,1,40,6,3,var,var,3,450,4,413,"KÖKÜ SENDE, kemoterapi nedeniyle geçici saç kaybı yaşayan kadınlar için ücretsiz peruk temin edilmesi amacıyla başlatılmış bir sosyal sorumluluk projesidir.",20000,başarılı
fongogo,ödül,çevre,ya hep ya hiç,Çeşitlikte Birlik Ormanı,Duygu Carkci,kadın,0,0,1,0,muğla,ege,2019,15.08.2019,14.10.2019,60,var,96,3,0,0,0,50,7,4,yok,var,1,35,6,467,"Ciğerimiz Yandı! Dalaman'da Başlayan Yangınından Zarar Gören Ormanlık Alanları ve Kazdağları Orman Kıyımını Rehabilite Ediyoruz. Yeni Bir Orman Yaratıyoruz!""",22000,başarısız
fongogo,ödül,eğitim,ya hep ya hiç,Reduline  - Uzaktan Eğitimde Tablet Desteği,Defne  Bahar,kadın,0,0,1,0,istanbul,marmara,2020,04.11.2020,24.11.2020,20,var,47,6,5,0,0,9,3,1,var,var,1,256,4,146,"Reduline o?g?rencileri bulus?turarak onların sosyal, akademik ve bilis?sel gelis?imleri destekleyen, ka?r amacı gu?tmeyen bir dijital platformdur.",5500,başarılı
fongogo,ödül,diğer,ya hep ya hiç,surdurulebiliryasam.tv,Tuna Özçuhadar,erkek,0,0,1,0,istanbul,marmara,2014,1.09.2014,17.11.2014,77,var,112,20,0,18,0,100,5,5,yok,var,3,1258,0,637,"surdurulebiliryasam.tv, sürdürülebilir yaşamın mümkün olduğunu örneklerle anlatan belgesellerin yer alacağı bir web sayfası projesi.",18000,başarısız
fongogo,ödül,kültür-sanat,ya hep ya hiç,VERNADOC Uluslararası Geleneksel Çizim Kampı,Nurhlal Şimşek,kadın,0,0,1,1,belirsiz,belirsiz,2016,,26.08.2016,60,var,60,8,1,1,1,22,6,3,var,var,2,238,4,413,"VERNADOC uluslararası yöresel mimari çizim kampı, sizin de katkılarınızla, ülkemizin kültür mirasının yurt ve dünya çapında duyurulmasına katkıda bulunacaktır!",5000,başarılı
fonbulucu,ödül,teknoloji,ya hep ya hiç,BTKISELLESTRME,Kürşat Aksoy,erkek,0,0,1,0,eskişehir,iç anadolu,2020,,,60,var,197,1,0,0,0,0,7,1,yok,yok,0,0,0,323,Bir Peyzaj Mimarı olarak alana uygun daha doğru ve daha hızlı bir bitki seçimi yapabiliriz.,75000,başarısız
fonbulucu,ödül,teknoloji,ya hep ya hiç,nekadara,Serdar Mutlu,erkek,0,0,1,0,genel,genel,2018,,,60,var,51,6,0,0,0,0,4,1,yok,yok,0,0,0,84,Aysonunu getiremeyen her bir vatandaşın cebine katkı vermeyi amaç edinen proje.,10000,başarısız
fongogo,ödül,eğitim,ya hep ya hiç,Eğitim Rüzgârına Nefes Ol!,Emin Hamdi UYSAL,erkek,0,0,1,0,ankara,iç anadolu,2020,07.04.2020,6.06.2020,60,yok,0,1,0,0,0,9,3,2,yok,var,1,224,0,635,"Bu projenin amacı, çeşitli alanlarda ücretsiz sertifikalı ve online hukuk eğitimleri düzenleyebilmek ve bu eğitimleri herkesin erişimine açabilmektir.",14000,başarısız
fongogo,ödül,kültür-sanat,ya hep ya hiç,Indıan Internatıonal Mıme Festival 2019 / Hindistan'da Bir Mım,Selen Lun,kadın,1,0,1,0,istanbul,marmara,2019,02.01.2019,18.01.2019,16,var,418,2,0,1,0,27,5,1,yok,var,1,1484,5,784,"Bu sene davet edildiğim, Mart'ta gerçekleşecek Hindistan Uluslarası Mim Festivali 2019'a gidebilmek için uçak bileti ve vizeye ihtiyacım var.""""",7000,başarılı
fongogo,ödül,film-video-fotoğraf,ya hep ya hiç,Bayrak Kısa Film,Selin Özdemir,kadın,2,0,1,0,istanbul,marmara,2020,04.11.2020,15.12.2020,41,var,86,2,1,0,0,73,9,2,yok,var,1,386,5,351,Bir sutyen ne kadar tehlikeli olabilir?,20000,başarılı
fonbulucu,ödül,teknoloji,ya hep ya hiç,Türkiye Çevre Zirvesi,Mustafa Altunel,erkek,0,0,1,0,ankara,iç anadolu,2018,,,60,yok,0,8,0,0,0,1,7,1,yok,var,2,213,0,105,"Türkiye Çevre Zirvesi farklı disiplinlerin bir araya gelerek çevre, çevre sorunları ve çevre duyarlılığı konularının konuşulacağı, mevcut durumları ve uygulanabilir somut çözüm önerilerinin tartışılacağı bir zirve olma özelliği",7500,başarısız
fongogo,ödül,diğer,ya hep ya hiç,ÜTOPYA KÖYÜMÜZ YAŞASIN,Sinem Can,kadın,2,0,1,1,izmir,ege,2018,25.08.2018,24.09.2018,30,var,133,18,0,0,0,47,8,1,yok,yok,0,0,3,482,"Yerleşkemiz  RUHSAT sorunu , ŞİKAYETLER ve  ZABITA baskınları ile karşı karşıya. Ütopya' yı ve  Umudu  yeşertebilmek adına  Haydi Ütopya köy'ü fonlamaya!""",150000,başarısız
fongogo,ödül,diğer,ya hep ya hiç,Türk Kadının 100.yıl Seyri,Deniz Tutkusu Seyirde,kadın,0,0,1,0,muğla,ege,2019,19.04.2019,18.06.2019,60,var,67,6,0,0,0,45,7,1,var,var,2,3338,5,287,‘Sözde değil Özde İzindeyiz ‘ sloganıyla Atatürk'ün Samsun'a çıkışının 100.yılında Deniz Kuvvetlerinin düzenlediği kutlamalarda kadın teknesi olarak yer almak.,35000,başarılı
arıkovanı,ödül,teknoloji,ya hep ya hiç,Minis: Dünyanın En Küçük Osiloskobu,Selim Coşkun Güler,erkek,0,0,1,0,belirsiz,belirsiz,2018,,,60,var,223,26,0,3,35,122,3,5,yok,yok,0,0,0,741,"Minis, Compocket adındaki genç Türk mühendis ekibi tarafından oluşturulan, Dünya'nın en küçük osiloskobudur",100000,başarılı
fongogo,ödül,film-video-fotoğraf,ya hep ya hiç,BARBO,Nicolas Jakubiak,erkek,0,0,1,0,istanbul,marmara,2019,14.05.2019,3.07.2019,50,var,101,9,0,0,0,26,8,1,yok,var,1,126,3,348,"Bu kısa film projemizde, yara izi fetişisti ve fotoğraf ""koleksiyoneri"" genç bir adamın ve bu adamla yolları kesişen bir çiftin hikayesi var!",9000,başarılı
fongogo,ödül,diğer,ya hep ya hiç,BabyBox,Melih ALMA,erkek,0,0,1,0,istanbul,marmara,2020,06.11.2020,5.01.2021,60,var,43,2,0,0,0,0,7,3,var,var,4,246,5,523,Bebek Bezi ve Bebek Maması Abonelik Hizmeti,75000,başarısız
fongogo,ödül,diğer,ya hep ya hiç,YAPAMAZSIN DİYENLERE İNAT BAŞARMAK İSTİYORUM...,Sabiha Kübranur Sancar,kadın,0,0,1,0,denizli,ege,2020,19.06.2020,18.08.2020,60,yok,0,0,0,0,0,0,5,1,yok,yok,0,0,0,266,KENDİ İŞİMİN PATRONU OLMAK İÇİN DESTEĞİNE İHTİYACIM VAR!,7500,başarısız
arıkovanı,ödül,teknoloji,ya hep ya hiç,Kartoon3D,Salih Özcan,erkek,0,0,1,0,belirsiz,belirsiz,2017,,,60,yok,0,1,0,0,13,12,6,8,yok,yok,0,0,0,530,"Kartoon3D, 3 yaş ve üstü herkese Türkçe, İngilizce ve Almanca harf, kelime, sayı (ondalık sayılar da dahil) ve dört işlem hesaplarını öğreten, disleksi dostu bir arttırılmış gerçeklik tabanlı kutu oyunudur",50000,başarısız
fonbulucu,ödül,çevre,ya hep ya hiç,Alice P.E.T emisyon cihazları,Burak Özney,erkek,0,0,1,0,genel,genel,2018,,,60,yok,0,1,0,0,0,1,4,1,yok,var,1,304,0,380,Dünyanın son zamanlarda adı sıkça duyulan yegane sorunu EMİSYON'u yok denecek düzeylerde tutmayı başardık.,750000,başarısız
fongogo,ödül,kültür-sanat,ya hep ya hiç,Bir Sahne Daha Kapanmasın,Yol Sahne,belirsiz,0,0,1,0,izmir,ege,2020,18.12.2020,16.02.2021,60,var,68,6,1,0,0,0,5,1,yok,var,3,108,0,232,Bu destek projesinin gelirleri atölyemizin ayakta durabilmesi için ödenemeyen giderler için kullanılacaktır.,7000,başarısız
fongogo,ödül,eğitim,ya hep ya hiç,Hayallerim için bir adım erasmus+++,Aajjsksksk Ajkakalala,belirsiz,0,0,1,0,sivas,iç anadolu,2019,26.11.2019,31.12.2019,35,yok,0,2,0,0,0,0,5,1,yok,yok,0,0,0,371,"Eğitimimde bir merdiven daha karşıma çıktı, bu merdiveni birlikte çıkmaya , geleceğime umut olmaya benimle var mısın ?",10000,başarısız
fongogo,ödül,çevre,ya hep ya hiç,Cezaevinde Yaşayan Kadınlar İçin Yıkanabilir Organik Ped Yardımı,Satenay  Ünal,kadın,1,0,1,0,istanbul,marmara,2020,15.01.2020,28.01.2020,13,var,92,8,0,0,0,70,6,1,yok,var,1,46,0,142,Denizli Bozkurt Cezaevi’nde yaşayan kadınlar için dağıtılmak üzere 500 adet yıkanabilir organik ped yardımı yapıyoruz.,6700,başarılı
fongogo,ödül,diğer,ya hep ya hiç,KöpeğimiGezdir,Mert Tığlıoğlu,erkek,0,0,1,0,istanbul,marmara,2014,26.12.2014,24.02.2015,60,yok,0,6,0,0,0,1,5,2,yok,var,3,2508,0,233,KöpeğimiGezdir ailesi can dostlarımızın ve sahiplerinin hayatını kolaylaştırmak için çözümler üreten bir oluşumdur.,10000,başarısız
fongogo,ödül,sağlık-güzellik,ya hep ya hiç,Desteğin dönüşümüme hayat versin,Merve Kaygısız,kadın,0,0,1,0,istanbul,marmara,2019,27.08.2019,26.10.2019,60,yok,0,2,0,0,0,4,9,1,yok,yok,0,0,2,79,Ben 28 yaşında trans kadınım. Bu parayı dönüşümümün bir kısmını tamamlamak için kullanacağım buna cidden çok fazla ihtiyacım var,10000,başarısız
fongogo,ödül,çevre,ya hep ya hiç,EĞLENCE KÖYÜNDE YAŞAYAN MADEN MAĞDURLARININ SESİ OL,Ahmet Sarp,erkek,0,0,1,0,yozgat,iç anadolu,2019,18.09.2019,2.11.2019,45,yok,0,2,0,1,0,0,8,1,yok,yok,0,0,5,121,Yozgat Boğazlıyan Eğlence Köyündeki maden şirketinin köylüye vadedip tutmadığı sözleri ve köylünün mağduriyetini duyurmak istiyoruz.,5000,başarısız
fonbulucu,ödül,diğer,ya hep ya hiç,Bedelli askerlik yapmak zorunda olduğum için.,Sefa Türk,erkek,0,0,1,0,eskişehir,iç anadolu,2019,,,60,yok,0,1,0,0,0,0,5,1,yok,var,1,114,0,113,Bedelli askerlik ve evli olmam,23000,başarısız
fongogo,ödül,film-video-fotoğraf,ya hep ya hiç,'İlk Gün' Kısa Film,Onur Canpek,erkek,9,0,3,0,karaman,iç anadolu,2020,17.07.2020,17.08.2020,31,var,84,13,0,2,0,61,7,3,var,var,1,277,0,975,"Toplum ve aile baskısının yoğun yaşandığı bir Anadolu kentinde yaşayan Merve, ilk defa regl olur ve yeni hayatının 'ilk günü' başlar.",20000,başarılı
fongogo,ödül,sağlık-güzellik,ya hep ya hiç,"Paylaşmaya ""engel"" yok!",Ayse İnal,kadın,2,0,1,0,istanbul,marmara,2018,07.06.2018,17.07.2018,40,var,80,2,0,0,0,48,9,2,yok,yok,0,0,0,189,"Engel yok sloganı ile yola çıkıyoruz! Güzel arkadaşımız için akülü sandalye almak istiyoruz. Bir ""engeliniz"" yoksa bize katılmaz mıydınız :) ?",5000,başarılı
fonbulucu,ödül,eğitim,ya hep ya hiç,Gelecek 100 İdil,İdil Karen Şahin,kadın,0,0,1,0,genel,genel,2020,,,60,var,60,2,0,0,0,9,7,1,yok,yok,0,0,0,231,"Matematik tutkusu ile İdil Amerikadaki Ross Math Programına kabul aldı, 6 Haftalık programa katılabilmesi için bir uçak bileti.",8500,başarılı
fonbulucu,ödül,kültür-sanat,ya hep ya hiç,Anıl Sercan Özbal - Unutulmuş,Anıl Sercan Özbal,erkek,0,0,1,0,genel,genel,2020,,,60,yok,0,1,0,0,0,0,5,1,yok,var,1,106,0,92,Unutulmuş bir şarkı,7000,başarısız
fonbulucu,ödül,teknoloji,ya hep ya hiç,Mobil Oyun Çalışmalarım,Melih Bahri Aktan,erkek,0,0,1,0,genel,genel,2018,,,60,var,50,2,0,0,0,8,5,1,yok,var,1,1167,0,96,2d online tank savaşı oyunu (mobil platform),12000,başarısız
fongogo,ödül,film-video-fotoğraf,ya hep ya hiç,Boğaziçine Sığınanlar,Yıldız Bakoğlu,kadın,0,0,1,0,ankara,iç anadolu,2016,15.03.2016,14.05.2016,60,yok,0,4,0,0,0,1,6,2,var,var,1,59,0,395,1920'li yıllarda Almanya'daki faşizmden kaçıp Türkiye'ye sığınanların bilim adamlarının hayat hikayesi...,50000,başarısız
fongogo,ödül,eğitim,ya hep ya hiç,Web Sempozyumu,Gürkan Sarıdaş,erkek,0,0,1,0,tekirdağ,marmara,2014,18.06.2014,2.08.2014,45,yok,0,0,0,0,0,1,5,1,var,var,2,4469,0,440,"İnternet üzerinden ""Türkiye'nin 100. yılında eğitim"" konulu web sempozyumu gerçekleştirmek istiyoruz. Bu projeye desteğinizi bekliyoruz..",1399,başarısız
crowdfon,ödül,teknoloji,ya hep ya hiç,Yerli Reklam Platformu,Berke Tunçsiper,erkek,0,0,1,0,belirsiz,belirsiz,2019,,,60,yok,0,1,0,0,0,5,4,1,yok,yok,0,0,0,115,"Merhaba,
Bu projemizde yerli Reklam şirketi kurmayı hedeflemekteyiz.
Web sitesi olan yayıncılarin sitelerine reklam",1700,başarısız
fonbulucu,ödül,teknoloji,ya hep ya hiç,Wetell,Murat Öztürk,erkek,0,0,1,0,ordu,karadeniz,2020,,,60,var,89,3,0,0,0,2,10,3,var,var,2,514,0,682,Hikayeler hayata anlamlandırmanın en güzel yoludur.,30000,başarısız
fongogo,ödül,film-video-fotoğraf,ya hep ya hiç,HAYATTAYIZ FİLMİ,Can Kilcioglu,erkek,0,0,1,1,belirsiz,belirsiz,2018,,14.01.2018,60,var,60,8,1,1,1,30,6,3,var,var,3,532,4,413,"HAYATTAYIZ Kısa Filmi Bir ""Kadın Dayanışması Hikayesi""""",25000,başarılı
crowdfon,ödül,film-video-fotoğraf,ya hep ya hiç,Paralı Asker Musul Film 2020,Serdar Aslan,erkek,0,0,1,0,belirsiz,belirsiz,2020,,,60,var,69,1,0,0,0,1,4,1,yok,yok,0,0,0,322,"Türkiye'nin Musul Başkonsolosluğu, Irak ve Şam İslam Devleti tarafından 11 Haziran 2014 tarihinde basıldı.Türki",25000,başarısız
fongogo,ödül,kültür-sanat,ya hep ya hiç,5. Uluslararası Van Gölü Film Festivali,Bager Oğuz Oktay,erkek,0,0,1,0,van,doğu,2016,31.08.2016,30.10.2016,60,var,47,5,0,0,0,6,6,2,var,var,4,4090,5,218,"''Nefes: Retrospektif / Geriye Bakış ''
     '' İyi Haberler de Duymak...''",6000,başarısız
crowdfon,ödül,teknoloji,ya hep ya hiç,Teşhis Et - Evinizin Yeni Aile Hekimi,Cem Yoloğlu,erkek,0,0,1,0,belirsiz,belirsiz,2013,,,60,yok,0,1,0,0,0,6,4,1,yok,yok,0,0,0,40,Teşhis Et ile evinizde hastalık bulgularınızı seçerek hastalık teşhisinizi yapabileceksiniz ve sistemde kayıtl?,7000,başarısız
fongogo,ödül,teknoloji,ya hep ya hiç,Bendekalsin.com,Mehmet Reşat Abdüsselam,erkek,3,0,1,0,trabzon,karadeniz,2015,22.06.2015,21.08.2015,60,var,40,20,0,0,0,2,4,1,var,var,2,241,0,0,"Bendekalsin.com: Türkiye'nin ilk ve en samimi hayvan bakıcısı platformu , projemiz şu anda 38 ilde hizmet bakıcılarıyla hizmet veriyor",5000,başarısız
fongogo,ödül,teknoloji,ya hep ya hiç,Yakınsan Al,Furkan Koçer,erkek,0,0,1,0,istanbul,marmara,2019,15.04.2019,14.06.2019,60,var,60,1,0,0,0,0,5,1,var,yok,0,0,0,279,Firmaların  viral bir şekilde reklamlarını yapılmasını sağlayarak  projemiz ile birlikte  bölgesindeki bilinirliğini arttırmayı hedefiyoruz,50000,başarısız
fongogo,ödül,film-video-fotoğraf,ya hep ya hiç,Beni Cannes Film Festivali'ne gönderir misin?,Serpil Altın,kadın,4,0,1,0,istanbul,marmara,2014,02.05.2014,1.07.2014,60,yok,0,4,0,0,0,15,8,1,var,var,1,230,0,411,Kısa filmim “BAYRAM HARÇLIĞI” bu yıl Cannes Film Festivali Short Film Corner Bölümü’nde olacak. Cannes'a gidiş masraflarım için sizden destek bekliyorum.,6500,başarısız
fongogo,ödül,kültür-sanat,ya hep ya hiç,ÇİKOLATA AŞKI yapım desteği,Ertan Doğan,erkek,2,0,1,0,istanbul,marmara,2020,24.12.2020,22.02.2021,60,var,145,1,1,0,0,60,9,3,yok,var,3,276,0,368,Alzheimer hastalığına farkındalık yaratmak istiyorum. Ayrıca diğer kısa filmlerim gibi film festivallerinde var olmayı amaçlıyorum.,10000,başarılı
crowdfon,ödül,diğer,ya hep ya hiç,Ev Reçeli Üretimi,Devrim Akgün,kadın,0,0,1,0,belirsiz,belirsiz,2017,,,60,yok,0,1,0,0,0,2,4,1,yok,yok,0,0,0,115,Ev Tipi Reçel Üretimi,50000,başarısız
fongogo,ödül,yayıncılık,ya hep ya hiç,Beyin Fırtınası,Baturalp Hacıalioğlu,erkek,0,0,1,0,istanbul,marmara,2015,22.05.2015,21.07.2015,60,yok,0,10,0,0,0,0,11,1,yok,yok,0,0,0,851,"Uzun metrajlı bilim kurgu filminin ""5. Kat"" bölümünü içeren bir kısa film projesi.",20000,başarısız
fongogo,ödül,teknoloji,ya hep ya hiç,Özel Sezin Lisesi Robotik Takımı FRC Katılımı,HASAN KAVIK,erkek,1,0,1,0,istanbul,marmara,2019,24.10.2019,21.12.2019,58,var,84,3,0,0,0,2,8,5,var,yok,0,0,0,161,Bu yıl kurduğumuz ve SEZMECH adını verdiğimizÖzel Sezin Lisesi robotik takımıyız. Amacımız 2020 FRC yarışmasına katılmak. Bu yolda herkesin desteğini bekliyoruz,20000,başarısız
fonbulucu,ödül,teknoloji,ya hep ya hiç,Bilim Virüsü Mardin'de!,Bilim Virüsü,belirsiz,0,0,1,0,mardin,güneydoğu,2018,,,60,var,113,11,0,0,0,46,6,6,var,var,3,23300,0,427,"Bilim Virüsü olarak bilime tutkulu gençlerle Mardin'de buluşuyoruz. Bu kez virüsü Mezopotamya'nın en önemli yerleşim yerlerinden, Dara Antik Kenti'nde bulaştıracağız!",1000,başarılı
fongogo,ödül,film-video-fotoğraf,ya hep ya hiç,İşaret - Kısa Film,Uğur Şahin,erkek,4,0,1,0,istanbul,marmara,2018,23.03.2018,22.04.2018,30,var,88,6,0,1,0,82,7,1,yok,var,2,986,2,422,Birbirimizi tanımaya cesaret etmek üzerine bir film.,15000,başarılı
fongogo,ödül,eğitim,ya hep ya hiç,ODTÜ PSİKOLOJİDEN BERKLEE MÜZİK OKULUNA… HAYALLERİME DESTEK OLUR MUSUNUZ?,Nilgün Özer,kadın,0,0,1,0,ankara,iç anadolu,2020,15.04.2020,14.06.2020,60,var,224,13,0,3,0,66,9,1,var,var,2,2228,0,1040,ODTÜ psikolojiden mezun olduktan sonra hayalimin peşinden gittim ve Berklee müzik okuluna kabul aldım. Ama desteğiniz olmazsa hayalimi gerçekleştiremeyeceğim.,75000,başarısız
fongogo,ödül,spor,ya hep ya hiç,Brezilya Şampiyonası 2015,Hakan Düzgün,erkek,0,0,1,0,istanbul,marmara,2015,03.09.2015,2.11.2015,60,var,60,10,0,0,0,9,6,1,yok,var,1,95,0,346,12 - 26 Kasım 2015 Brezilya Şampiyonası'nda hayatımı adadığım bir sporda ülkemi gururlandırmak ve en büyük hayalimi gerçekleştirmek istiyorum.,3650,başarılı
fongogo,ödül,çevre,ya hep ya hiç,Eşya Kütüphanesi - Ortak Yaratım'a Katıl!,Eşya Kütüphanesi,belirsiz,0,0,1,0,istanbul,marmara,2016,08.03.2016,23.04.2016,46,yok,0,20,0,6,0,105,8,4,yok,var,2,1068,0,517,"Başka bir dünya mümkün, biz de sizin gibi inanıyoruz. Peki o dünyanın yaratılmasında rol almak ister misiniz? Ya hayallerinizi bugünden yaşamak?",20000,başarılı
fonbulucu,ödül,eğitim,ya hep ya hiç,1. Sınıf Okul Kırtasiye Seti-DOĞU ANADOLU BÖLGESİ YARDIM,Furkan Aydoğan,erkek,0,0,1,0,ağrı,doğu,2020,,,60,yok,0,3,0,0,0,0,4,1,yok,yok,0,0,0,75,DOĞUDAKİ İLKOKULA YENİ BAŞLAYAN İHTİYAÇ SAHİBİ ÖĞRENCİLERE BAŞLANGIÇ KIRTASİYE SETİ HEDİYE ETMEYİ AMAÇLAMAKTAYIZ.,17000,başarısız
fongogo,ödül,diğer,hepsi kalsın,İmece Televizyon Programı,Dedetepe Derneği,belirsiz,0,0,2,0,çanakkale,marmara,2017,28.01.2017,27.02.2017,30,var,120,3,0,0,0,0,3,2,yok,var,1,14897,0,180,"Fongogo'daki proje kampanyalarının anlatıldığı bir televizyon programı ürettik, bu programın hayata geçirilebilmesi için bir prodüksiyon ekibi ile anlaştık. .",25000,başarısız
fongogo,ödül,gıda-yeme-içme,ya hep ya hiç,ORGANİK ARICILIĞI DESTEKLEME PROJESİ,kazım gülşen,erkek,0,0,1,0,kastamonu,karadeniz,2019,11.04.2019,10.06.2019,60,var,158,9,0,1,0,2,7,1,yok,yok,0,0,0,161,"ZİRAİ FAALİYET BULUNMAYAN,DOĞAL BİTKİ ÖRTÜSÜ BAKIMINDAN ÇOK ZENGİN OLAN BÖLGEDE TAMAMEN ORGANİK ARICILIK FAALİYETLERİNİN DESTEKLENMESİ , BÜYÜTÜLMESİ PROJESİ",7000,başarısız
fongogo,ödül,kültür-sanat,ya hep ya hiç,1 Resim 1 Can,Bora Kılıç,erkek,0,0,1,0,bursa,marmara,2019,19.08.2019,18.10.2019,60,yok,0,6,0,0,0,0,4,1,yok,yok,0,0,5,186,Sokak hayvanlarini kurtarmak aslinda cok kolay !..,2300,başarısız
fongogo,ödül,teknoloji,ya hep ya hiç,Hikayeli TPS Oyun Yazılımı,Halis Yorgancı,erkek,0,0,1,0,nevşehir,iç anadolu,2020,07.04.2020,6.06.2020,60,var,105,1,0,0,0,0,6,1,yok,yok,0,0,0,259,Amacımız Türkiye'nin oyun sektöründe bir yer alması.,35000,başarısız
fongogo,ödül,müzik,ya hep ya hiç,Gölge albüm projesi,Hüseyin Aras  Pamukcu,erkek,0,0,1,0,antalya,akdeniz,2020,28.08.2020,27.10.2020,60,var,147,2,0,0,0,0,6,1,yok,var,2,234,5,158,"Bu proje hayallerime kavuşmamda bana yardım edecek, uzun zamandır müzik yapmak istiyordum ve paramı kazanıp ekipman aldım lakin bozuldu albümümü tamamlayamadım.",10000,başarısız
arıkovanı,ödül,teknoloji,ya hep ya hiç,Wing - Akıllı Güvenlik Yüzüğü,Burcu Coşkun Şengül,kadın,0,0,1,0,belirsiz,belirsiz,2017,,,60,var,60,7,0,4,88,160,12,5,yok,yok,0,0,0,349,"Wing - Akıllı Güvenlik Yüzüğü, saldırıya uğrama ihtimallerine karşı tasarlanmış yüzük şeklinde bir panik butonudur",100000,başarılı
arıkovanı,ödül,teknoloji,ya hep ya hiç,Outliers | Akıllı Not Defteri,Eray Altunbozar,erkek,0,0,1,0,belirsiz,belirsiz,2016,,,60,var,175,13,12,8,116,1994,3,8,yok,yok,0,0,0,762,"Artık Outliers Akıllı Not Defteri'niz ile not alabilir, tüm not defterinizi cep telefonunuz ile PDF’e çevirebilir ve saniyeler içerisinde mikrodalga fırın ile silerek Outliers Akıllı Not Defteri'nizi tekrar kullanabilirsiniz",100000,başarılı
fonbulucu,ödül,eğitim,ya hep ya hiç,"Keşfet, Yarat, Mutlu Ol",Cansu Kambur,kadın,1,0,1,0,genel,genel,2020,,,60,var,130,9,0,0,0,8,5,3,var,var,2,164,0,379,"Psikoloji, girişimcilik ve yaratıcılık alanını birleştirdiğimiz interaktif eğitim platformu.",5000,başarısız
fongogo,ödül,kültür-sanat,hepsi kalsın,Leyli Sanat Platformu Fiziki Alana Kavuşsun!,Ufuk Kadız,erkek,0,0,1,0,istanbul,marmara,2020,05.11.2020,4.01.2021,60,var,43,6,3,0,0,26,7,5,var,var,4,1202,5,459,"Leyli Sanat Platformu etkinliklerini arttırmak ve kitleleri bir araya getirmek için fiziki bir alana ihtiyaç duyuyor. Gelin, birlikte oluşturalım!",15000,başarısız
fongogo,ödül,kültür-sanat,ya hep ya hiç,Fotoğraf Makinesi Yardımı,Ertuğrul Çağlar,erkek,0,0,1,0,kocaeli,marmara,2019,06.11.2019,4.01.2020,59,yok,0,2,0,0,0,0,3,1,yok,yok,0,0,4,89,"Şu anda üniversite sınavına hazırlanıyorum. Öte yandan, fotoğraf çekerek yapabileceğim bir iş buldum. Ancak telefonum bu iş için yetersiz kalıyor.",1000,başarısız
crowdfon,ödül,kültür-sanat,ya hep ya hiç,Farkındamısın? Şiddet Görüyorum.,Teksem Engelsız Sanat,belirsiz,0,0,1,0,belirsiz,belirsiz,2014,,,60,yok,0,1,0,0,0,13,4,1,yok,yok,0,0,0,115,"Engelsiz Sanat ve Engelsiz Eğitim için Çalışmalar yapan TEKSEM, 121 Engelli kızın Eğitim bursunu karşılamak am",33000,başarısız
fonbulucu,ödül,kültür-sanat,ya hep ya hiç,Mehometh ikinci albümünü CD formatında çıkartmak istiyor,Ahyan Akbayrak,erkek,0,0,1,0,istanbul,marmara,2018,,,60,yok,0,1,0,0,0,2,6,1,yok,var,1,215,0,208,Türkiye için gurur kaynağı olacak bir dünya markası yaratıyoruz!!!,5000,başarısız
crowdfon,ödül,film-video-fotoğraf,ya hep ya hiç,İzmir Hakkında Kısa Bir Film Çekmek İstiyorum,Murat Taskan,erkek,0,0,1,0,belirsiz,belirsiz,2015,,,60,yok,0,1,0,0,0,0,4,1,yok,yok,0,0,0,115,İzmir İçin kısa bir film çekicem bunun içinse ekipmanlara ihtiyacım var desteklerini bekliyorum. İzmirde yaşaya,50000,başarısız
fongogo,ödül,film-video-fotoğraf,ya hep ya hiç,KİBRİT EV - Kısa Film,Merve Şengül,kadın,0,0,1,1,belirsiz,belirsiz,2017,,3.01.2017,60,var,60,8,1,1,1,20,6,3,var,var,3,578,4,413,Çadır kentte geleceğini kaybeden bir çocuk gelin hikayesidir...,5500,başarılı
fongogo,ödül,müzik,ya hep ya hiç,"SILVERLINERS'IN ""EVERLASTING PEACE"" ADLI İLK UZUNÇALARINI DESTEKLE!",Kaan Erdem,erkek,0,0,1,0,istanbul,marmara,2018,27.08.2018,26.09.2018,30,var,255,16,0,4,0,109,9,2,var,var,3,1045,5,1183,"SilverLiners'ın, ilk uzunçalarını üretmek için, desteğine ihtiyacı var; bu kampanya aracılığıyla bizi destekleyerek bu hayali gerçeğe dönüştürebilirsin.",23000,başarılı
crowdfon,ödül,teknoloji,ya hep ya hiç,Mobil Oyun,Hasan Cimen,erkek,0,0,1,0,belirsiz,belirsiz,2013,,,60,yok,0,1,0,0,0,2,4,1,yok,yok,0,0,0,40,Bir süredir hobi olarak ilgilendiğim mobil oyun geliştirmede ios ve android platformları için oyun yapıp satmak is,350,başarısız
fongogo,ödül,diğer,ya hep ya hiç,Altın Şemsiye Ödül Töreni,Şizen Şengör,kadın,1,0,1,0,istanbul,marmara,2018,16.10.2018,15.11.2018,30,yok,0,1,0,0,0,33,6,6,yok,var,1,4,2,101,"Hedeflerimizi daha büyük kitlelere ulaştırmak, sosyal sorumluluğa dikkat çekip farkındalığı artırmak amacı ile Altın Şemsiye Ödül Töreni'ni düzenlemek istiyoruz""",1000,başarılı
fonbulucu,ödül,çevre,ya hep ya hiç,Yaşama Destek,Sinem Karaveli,kadın,0,0,1,0,istanbul,marmara,2020,,,60,yok,0,4,0,0,0,0,6,1,yok,yok,0,0,0,324,Bu zor günleri Sokak hayvanlarının da rahat atlatabilmesi için elimizden geleni yapalım,10000,başarısız
fongogo,ödül,kültür-sanat,hepsi kalsın,Müzikist Doğa Festivali,Onur Kahvecioğlu,erkek,0,0,1,0,yalova,marmara,2020,27.08.2020,16.09.2020,20,var,61,2,0,0,0,0,5,1,var,var,3,580,5,175,"Doğa farkındalığı yaratmak, bağımsız sanatçılara alan açmak, geliri ile köy okullarında müzik sınıfı kurmak için 3. festivalimizi gerçekleştirmek istiyoruz.",10000,başarısız
crowdfon,ödül,film-video-fotoğraf,ya hep ya hiç,Abakan - Bir Halk Kahramanı Filmi,Kurt Ram,erkek,0,0,1,0,belirsiz,belirsiz,2014,,,60,yok,0,1,0,0,0,12,4,1,yok,yok,0,0,0,115,Yerli bir halk kahramanının hayalini kurdum. İki yılı aşkın süredir üzerinde çalışıyorum. Projenin her deta,21000,başarısız
fonbulucu,ödül,teknoloji,ya hep ya hiç,Afet Durumları için Drone Destekli Erişim Noktası,Noyan Tanrıver,erkek,0,0,1,0,muğla,ege,2020,,,60,yok,0,1,0,0,0,0,4,1,yok,yok,0,0,0,308,Wi-Fi Çoğaltıcı Drone,9500,başarısız
fonbulucu,ödül,teknoloji,ya hep ya hiç,Prookur.com,Mustafa Poyraz,erkek,0,0,1,0,genel,genel,2019,,,60,yok,0,5,0,0,1,0,5,7,yok,var,2,21,0,315,Prookur bir web blog sayfasıdır ve alanında uzman yazar kadrosu ile Teknolojiden sağlığa birçok konuda  yazı paylaşımında bulunan ne yaptığını bilen bir ekibe sahiptir.,3500,başarısız
fongogo,ödül,film-video-fotoğraf,ya hep ya hiç,LOOP,Gozde Karaoglan,kadın,0,0,1,0,istanbul,marmara,2019,13.02.2019,15.03.2019,30,var,55,3,0,0,0,0,6,1,var,var,1,1794,5,224,"İnsan ilişkileri kendi içlerinde ne kadar karmaşık dursa da bireyin kendisinin daha karmaşık olduğunu anlatan, Loop, Eva ile Bulut'un hikayesidir.",6000,başarısız
fongogo,ödül,film-video-fotoğraf,ya hep ya hiç,"ÇIPLAK - Kısa metraj Film çekildi, Post Produksiyon desteği",Metin Avdaç,erkek,0,0,2,0,antalya,akdeniz,2019,25.12.2019,23.02.2020,60,yok,0,12,0,1,0,15,6,2,yok,yok,0,0,0,399,"ÇIPLAK /SİNOPSİS


Siyasi hükümlü Selim (27) kendilerine dayatılan tek tip kıyafeti giymemek için tüm direnciyle sisteme ve soğuka karşı mücadele eder.",10000,başarısız
fongogo,ödül,spor,hepsi kalsın,Panyalı Basket Basketbol Haber Sitesi,O K,belirsiz,0,0,1,0,izmir,ege,2019,04.10.2019,21.10.2019,17,var,26,2,0,0,0,0,4,1,yok,yok,0,0,0,168,"Avrupa basketbolun kalbinin atacağı sitemizin açılması ve editör alımı ve içerik üretiminin finanse edebilmek için desteğinize ihtiyacımız var.""",1310,başarısız
arıkovanı,ödül,teknoloji,ya hep ya hiç,FlaX  Filament Üretim Makinesi,Oğuz Gülenç,erkek,0,0,1,0,belirsiz,belirsiz,2018,,,60,var,120,9,0,0,20,39,9,1,yok,yok,0,0,0,729,"Flax, 3 Boyutlu Yazıcı kullanıcıları başta olmak üzere üretim ile ilgilenen herkesin zevkle kullanabileceği geri dönüşüm odaklı tasarlanmış bir makinedir",80000,başarısız
fongogo,ödül,teknoloji,ya hep ya hiç,Öğrenmenin Yeni Yolu Coucle' a Destek Ol!,Mert  Sarıca,erkek,0,0,1,0,istanbul,marmara,2020,04.11.2020,3.01.2021,60,var,19,3,10,0,0,0,3,4,var,var,4,13,5,753,"Yer, zaman farkı olmadan uygun fiyata görüntülü özel ders veya canlı kurs yöntemiyle uzman eğitmenlerden ders alınan platform.",50000,başarısız
fongogo,ödül,müzik,ya hep ya hiç,İLK PARÇAMIN PR ÇALIŞMALARI İÇİN DESTEĞE İHTİYACIM VAR.,Aygün Yılmaz,erkek,0,0,1,0,istanbul,marmara,2020,17.09.2020,17.10.2020,30,var,305,4,1,0,0,0,5,1,yok,var,1,2190,1,305,İlk parçamı ayrılmadan önce kız arkadaşıma yapmıştım. Çıkacak parçamın PR çalışmaları için maddi desteklerinize ihtiyacım var.,1000,başarısız
crowdfon,ödül,film-video-fotoğraf,ya hep ya hiç,Noctuary Kısa Film,Recep Bozgöz,erkek,0,0,1,0,belirsiz,belirsiz,2013,,,60,yok,0,1,0,0,0,6,4,1,yok,yok,0,0,0,40,Küçük bir kasabada genç bir dul olan T. mahalle baskısı yüzünden kendini dış dünyaya kapatmıştır. Yağmurl,1000,başarısız
fongogo,ödül,sağlık-güzellik,hepsi kalsın,DOĞAN KUAFÖR SALONU - KUAFÖRÜNÜ DESTEKLE,Doğan Kaşıkçıoğlu,erkek,0,0,1,0,istanbul,marmara,2020,22.04.2020,6.05.2020,14,var,49,4,0,0,0,11,4,1,yok,var,1,4488,0,130,Tüm güzellik hizmeti veren işletmeler gibi zor günlerden geçtiğimiz bu dönemde bize CANSUYU olmak sizin elinizde!,10000,başarısız
fongogo,ödül,film-video-fotoğraf,ya hep ya hiç,DİJİTAL BATAKLIK / KISA FİLM,Gökmen  Küçüktaşdemir,erkek,0,0,1,0,izmir,ege,2020,03.04.2020,11.06.2020,69,var,51,2,0,2,0,1,6,1,yok,yok,0,0,0,385,"Çekimleri biten Dijital Bataklık adlı kısa filmimizin, post - prodüksiyon sürecinin bitmesi ve festivallere katılmamız için fona ihtiyacımız var.",10000,başarısız
fongogo,ödül,kültür-sanat,ya hep ya hiç,"BİRLİKTE,  UMUTLA  2021’E KOŞALIM!..  QPERFORMANS",Q Performans Hakan Polacanlı,erkek,0,0,1,0,istanbul,marmara,2020,05.11.2020,4.01.2021,60,var,94,6,1,3,0,6,6,1,var,var,4,231,5,527,"Pandemi sürecinde stüdyo mekanımızı kapatmak, üretim ve performanslarımızı durdurmak zorunda kaldık ama umudu ve heyecanı yitirmeden; ‘birlikte' yola devam.",30000,başarısız
fongogo,ödül,diğer,ya hep ya hiç,"""Hayat Budur - Kendini Keşfet"" İsimli İlk Kitabımın Basımı ve Yayımı",Emrah Celik,erkek,0,0,1,0,ankara,iç anadolu,2019,24.06.2019,23.08.2019,60,yok,0,2,0,0,0,4,5,1,var,var,2,373,4,1037,5 sene önce başımdan geçen beyin ameliyatı sonrasındaki Bali macerası ve kendimi keşfedişimi anlattığım Kişisel Gelişim kitabımın basım ve yayımı.,10000,başarısız
fongogo,ödül,kültür-sanat,hepsi kalsın,Üniversiteli Gençlerin Değer Katma Çabası : Dolmuş Dergi,Deniz Baran BEK,erkek,0,0,1,0,ankara,iç anadolu,2020,20.05.2020,18.08.2020,90,var,56,4,0,0,0,0,8,2,var,var,2,13300,5,542,Bilgiye Kalkan Son Dolmuş! Kaçırmayın...,15000,başarısız
fonbulucu,ödül,çevre,ya hep ya hiç,Güneş Enerjisi İle Şarj Olabilen Telefon Tablet Bilgisayar  Kılıfı,Ahmet Tarık Yıldız,erkek,0,0,1,0,genel,genel,2020,,,60,var,93,1,0,0,1,0,5,1,yok,var,1,47,0,211,Priz başında beklemeye son.,50000,başarısız
fongogo,ödül,diğer,ya hep ya hiç,E-Ticaret Ayakkabı Satış ve Pazarlama Sistemi,Selahaddin Sıraç Girgin,erkek,0,0,1,1,belirsiz,belirsiz,2019,,24.12.2014,60,yok,0,4,0,0,0,0,3,1,yok,yok,0,0,0,110,"Kaliteli, estetik ve konforlu ayakkabıları mağaza fiyatının yarısına satacak olan e-ticaret sitesi",11000,başarısız
crowdfon,ödül,film-video-fotoğraf,ya hep ya hiç,Cedel Zombi Kısa Filmi,Fırat Konuşlu,erkek,0,0,1,0,belirsiz,belirsiz,2013,,,60,var,60,1,0,0,0,12,8,1,yok,yok,0,0,0,115,"Türünün ilk örneklerinden olan film, zombi istilasının yaşandığı bir şehirde hayatta kalmaya çalışan bir a",2501,başarılı
fongogo,ödül,spor,ya hep ya hiç,Sarı Kırmızı Mesajlaşma Uygulaması Kalkındırma Projesi,Sarı Kırmızı Mesajlaşma,erkek,0,0,1,0,izmir,ege,2019,02.05.2019,1.07.2019,60,yok,0,3,0,0,0,0,6,1,yok,var,1,2295,0,63,"Sarı Kırmızı Mesajlaşma uygulaması Galatasaraylı taraftarların birbirleriyle rahat bir şekilde konuşabilmesi, iletişime geçmeleri için oluşturulmuş mobil uygula",1000,başarısız
fongogo,ödül,diğer,ya hep ya hiç,BU KÜÇÜK YUMURCAKLAR ÜŞÜMESİNLER,Aydın Aykanat,erkek,0,0,1,0,adana,akdeniz,2019,06.11.2019,12.11.2019,6,var,26,2,0,0,0,0,3,1,yok,yok,0,0,3,135,Kış yaklaşıyor. 9 tane yavrucak ve henüz daha çok küçükler. 1500m rakımda ki dağ köyünde barınaksız yaşıyorlar.Onların bakıma ve gıdaya ihtiyacı var.,1000,başarısız
crowdfon,ödül,çevre,ya hep ya hiç,Ceviz Ağacı Yetiştiriciliği,Sevım Özdemır,kadın,0,0,1,0,belirsiz,belirsiz,2015,,,60,yok,0,1,0,0,0,0,4,1,yok,yok,0,0,0,115,MALATYADA BULUNAN 20.000 ARAZİYE CEVİZ DİKMEK İSTİYORUM. ELBETTEKİ HEPSİNİ DİKMEK BÜYÜK MALİYET.2015 YILI İ,50000,başarısız
fongogo,ödül,yayıncılık,hepsi kalsın,Kitap İndirim Kuponu,Menekse Polatcan Serbest,kadın,0,0,1,0,istanbul,marmara,2020,17.04.2020,16.06.2020,60,yok,0,2,0,0,0,0,5,1,var,var,4,1024,5,111,Kadıköy/Kozyatağı'nda 11 bin eser bulunan kitabevimizde 2020 sonuna kadar tüm kitaplarda geçerli indirim!,25000,başarısız
fongogo,ödül,kültür-sanat,ya hep ya hiç,Son Terbiyeli Primat,Tayyar Sayer,erkek,0,0,1,0,eskişehir,iç anadolu,2019,29.04.2019,28.06.2019,60,var,322,11,0,0,0,1,9,3,yok,yok,0,0,0,246,Hayal gücünün diploma ile alınamadığını göstermeye çalışan bir grup hayalperest insan.,2000,başarısız
fongogo,ödül,film-video-fotoğraf,ya hep ya hiç,Kisir Köyü Belgeseli,Begüm Aylin Taka,kadın,0,0,1,0,aydın,ege,2019,20.12.2019,18.02.2020,60,var,121,1,0,1,0,11,6,3,yok,yok,0,0,0,98,"Üç üniversite öğrencisi olarak biz, 1958'den bu yana radyasyon ve kanserle mücadele eden Kisir Köyü'nün gerçeklerini konu alan bir belgesel çekmeyi amaçlıyoruz.",4000,başarılı
fongogo,ödül,eğitim,ya hep ya hiç,KÖPRÜ KÖY OKULLARINA YARDIM PROJESİ,Cansu Güneş,kadın,1,0,1,0,urfa,güneydoğu,2019,18.02.2019,4.04.2019,45,var,60,10,0,0,0,41,9,4,yok,var,3,1610,5,133,"Esas ihtiyacımızın aydınlık bir nesil olduğu inancıyla çıktığımız bu yolda, Türkiye'nin dört bir yanındaki çocuklara yardım eli uzatmaya devam edeceğiz.",5000,başarılı
crowdfon,ödül,teknoloji,ya hep ya hiç,Manyetik Enerji,Aytekin Kantaş,erkek,0,0,1,0,belirsiz,belirsiz,2019,,,60,yok,0,1,0,0,0,0,4,1,yok,yok,0,0,0,115,Bir bilgisayar fanı alıyoruz sonra bunun kablolarını 10 voltluk ampule bağlıyoruz ve fanı elimizle çeviriyoruz.V,50000,başarısız
fongogo,ödül,eğitim,ya hep ya hiç,Bir Güzel Sanatlar Lisesi Öğrencisinin Hayali: Piyano Sahibi Olmak,Fevzi Turhan,erkek,0,0,1,0,balıkesir,marmara,2020,06.05.2020,5.06.2020,30,var,69,2,0,1,0,9,5,1,yok,var,1,213,0,604,Müzik kariyerimin başlarındayım ve hayallerimi gerçekleştireceğim bu yoldaki engellerden birisi olan piyano eksikliğini gidermeye çalışıyorum.,2000,başarısız
fonbulucu,ödül,teknoloji,ya hep ya hiç,STAT ile Zero-G Uçuşunu Deneyimle!,STAT COSMOS,belirsiz,0,0,1,0,istanbul,marmara,2019,,,60,var,374,7,0,0,1,1,8,5,var,var,2,421,0,186,"Sadece 3 günlük bir Uzay Seyahati için 20 milyon doların üzerinde bütçe harcamanız gerekiyor. O kadar bütçem olsa ... diyorsanız, Zero-G ile bu deneyimini 9 km yükseklikte, LI-76 MDK uçağı ile fiziken deneyimleyebilirsiniz!",138000,başarısız
fongogo,ödül,film-video-fotoğraf,ya hep ya hiç,Otostop,Sinan Bal,erkek,0,0,1,0,elazığ,doğu,2018,16.05.2018,15.07.2018,60,yok,0,2,0,0,0,0,9,1,yok,var,2,138,0,410,"Öğrencilikten fırsat bulup gezmeye çıkan Sinan, parası olmadığı için otostop yöntemini kullanır ve bir araba Sinan'ı alır.  peki şoför güvenilir mi yada Sinan",7000,başarısız
fongogo,ödül,eğitim,ya hep ya hiç,Benim Size; Çocukların da Bize İhtiyacı Var,Ufuk Tan Keleş,erkek,4,0,1,0,adana,akdeniz,2015,24.02.2015,25.04.2015,60,var,76,37,0,2,0,92,10,6,var,var,2,842,0,378,"Tüm çocuklar eşit haklarla doğar ve aynı dilde gülümser.
Haydi el birliğiyle çocukları birlikte gülümsetelim!",10000,başarılı
fongogo,ödül,diğer,hepsi kalsın,Bir Tebessüm İçin Uşak'a gidiyor,Osman Dündar,erkek,0,0,2,0,uşak,ege,2019,12.12.2019,1.01.2020,20,var,276,7,0,0,0,5,5,1,var,var,3,149,5,382,"Bir Tebessüm İçin Derneği, toplumsal kutuplaşma ile mücadele adına 'Hayalperest Anadolu' projesi ile kentli gençler ile kırsaldaki halkı bir araya getiriyor.",2000,başarısız
fonbulucu,ödül,kültür-sanat,ya hep ya hiç,BOOK OF VERSES - Metal single çalışması,D E,erkek,0,0,2,0,mersin,akdeniz,2018,,,60,yok,0,2,0,0,1,2,5,1,yok,yok,0,0,0,93,Yaşamın ve ölümün sesini Metalle buluşturacağım..,2550,başarısız
fongogo,ödül,teknoloji,ya hep ya hiç,ENİGMATESH - BLACK WOLF,Orhan Salih Sevindik,erkek,0,0,1,0,samsun,karadeniz,2019,25.07.2019,23.09.2019,60,yok,0,16,0,0,0,0,9,1,yok,yok,0,0,5,447,TÜRK OYUN TARİHİNDE BİR İLK - (MATİON CAPTURE TECHNOLOGY),11000,başarısız
crowdfon,ödül,çevre,ya hep ya hiç,Doğaya Sahip Çıkalım.,Dinçer Gürsoy,erkek,0,0,1,0,belirsiz,belirsiz,2018,,,60,yok,0,1,0,0,0,7,4,1,yok,yok,0,0,0,115,Şuanda Ordu ilinde bulunan 20 dönüm arazimiz üzerinde bir besicilik işletmemiz var. Büyük baş hayvanlarımız ve,100000,başarısız
fonbulucu,ödül,müzik,ya hep ya hiç,''VEDA GECESİ'' Single ve Klip Çalışması,Erdoğan Şimşek,erkek,3,0,1,0,genel,genel,2020,,,60,var,199,8,0,0,0,42,6,1,yok,var,3,117250,0,155,Usta Şair Yusuf Hayaloğlu'nun daha önce bestelenmemiş olan ''Veda Gecesi'' şiirini besteledim ve bir single çıkartmak istiyorum.,10000,başarılı
fongogo,ödül,sağlık-güzellik,hepsi kalsın,Merve Tutar Güzellik & Estetik - GÜZELLİK SALONUNU DESTEKLE,Merve  Tutar,kadın,0,0,1,0,konya,iç anadolu,2020,28.04.2020,12.05.2020,14,var,49,4,0,0,0,1,4,1,yok,var,1,17000,0,134,Tüm güzellik hizmeti veren işletmeler gibi zor günlerden geçtiğimiz bu dönemde bize CANSUYU olmak sizin elinizde!,15000,başarısız
fongogo,ödül,çevre,ya hep ya hiç,Dokunsu su tasarruf aparatı,Kadir Kaya,erkek,0,0,1,0,samsun,karadeniz,2018,06.12.2018,4.02.2019,60,var,230,4,0,0,0,10,6,1,yok,yok,0,0,5,176,Projemin amacı gelecekte yaşayacağımız ve şimdilerde de hissettiğimiz su sıkıntılarını önlemek.,30000,başarısız
fongogo,ödül,film-video-fotoğraf,ya hep ya hiç,"""Kurşun Harfler"" - Kısa Film",Devran B,erkek,0,0,1,0,istanbul,marmara,2018,30.10.2018,29.11.2018,30,yok,0,0,0,0,0,8,5,2,yok,yok,0,0,0,58,"Bir cumartesi akşamının ortasından bir kesit. Neşe ve eşi Ahmet, Meral ve eşi Ercüment intihar, aşk ve sadakat üzerine tartışmaktadırlar...",5000,başarısız
crowdfon,ödül,kültür-sanat,ya hep ya hiç,Tuzdan Sağlıklı Sanatsal Rölyefler,Necmettin Türkoğlu,erkek,0,0,1,0,belirsiz,belirsiz,2013,,,60,yok,0,1,0,0,0,2,4,1,yok,yok,0,0,0,40,Tuzdan sağlıklı sanatsal rölyefler,50000,başarısız
fongogo,ödül,diğer,hepsi kalsın,Mahallenin ilk Tasarım Kafesi Mavra’ya destek ol !,Yonca Akcay,kadın,1,0,1,0,istanbul,marmara,2020,4.05.2020,3.07.2020,60,var,181,1,0,0,0,50,8,1,yok,var,2,1578,4,407,"Bu zor günlerde, personel maaş ve diğer giderlerimizi karşılamak için  ikram kuponları sunuyoruz. Bu kuponlar 2021 yıl sonuna kadar geçerli olacaktır.",50000,başarısız
fongogo,ödül,eğitim,ya hep ya hiç,Pırıltı Parlasın,Hacer Itır Övül,kadın,1,0,1,0,istanbul,marmara,2017,23.02.2017,2.05.2017,68,var,192,8,0,1,0,68,9,6,yok,yok,0,0,0,432,Pırıltı 7 yaşında otizmli bir kız çocuğu. Onun tek ilacı aldığı özel eğitim. Ama maddi imkansızlıklar yüzünden yarıda kesilme tehlikesi altında...,12000,başarılı
fonbulucu,ödül,kültür-sanat,ya hep ya hiç,Gelincik Kırmızı Film,Özlem Özel,kadın,0,0,1,0,afyon,ege,2018,,,60,var,88,2,0,0,1,1,6,1,yok,var,1,553,0,329,"Doksanlı yıllarda küçük bir Anadolu ilçesinde geçen, özlemini duyduğumuz doksanlı yıllara ait kültürel değerleri ve insanları gösteren bir film projesi.",7000,başarısız
fongogo,ödül,çevre,ya hep ya hiç,KediliShop.net,Melike Kavcıoğlu,kadın,0,0,1,0,istanbul,marmara,2014,01.12.2014,30.01.2015,60,yok,0,12,0,0,0,0,6,1,var,yok,0,0,0,299,"KediliShop- Gelirlerinin hayvan barınakları ve bakımlarına bağışlanacağı, hem alışveriş  hem de mama bağışı yapabileceğiniz alışveriş sitesidir.",5000,başarısız
fongogo,ödül,sağlık-güzellik,ya hep ya hiç,DMD hastası Canberk ile birlikte yürü,Canberk Sağnak,erkek,0,0,6,0,ankara,iç anadolu,2019,13.06.2019,25.06.2019,12,var,60,2,0,3,0,97,6,9,yok,var,2,3600,0,750,"destekler sayesinde, ilk ödemesini yapabildiğim özel donanımlı akülü sandalyemin 2.ödemesi için destek olup güçsüzleşen kaslarıma güç olabilmek""""",48000,başarılı
fongogo,ödül,diğer,ya hep ya hiç,Koleksiyon Sayısı,10Sayfa Ekibi,belirsiz,0,0,1,0,istanbul,marmara,2015,30.09.2015,29.11.2015,60,yok,0,22,0,0,0,43,9,4,yok,var,2,101,0,345,18 ayda şahane içerikler üretip dijital dünyaya ücretsiz olarak sunduk. Şimdi hepsini tek bir basılı sayıda topluyoruz. Ve senin desteğine ihtiyacımız var.,25000,başarısız
fonbulucu,ödül,sağlık-güzellik,ya hep ya hiç,"Bağımlıyım ama Değişiyorum, Sağlıklı Kalıyorum",Berna İncu,kadın,0,0,1,0,antalya,akdeniz,2020,,,60,yok,0,2,0,0,0,1,8,1,yok,yok,0,0,0,597,"Anne babaların gözyaşlarını, çocukların gençlerin pişmanlıklarını yok etmek; kaybettiklerini sandıkları mutlulukları onlara tekrar verip gülümsemelerini sağlayacak yolda onlara uzanan bir el.",50000,başarısız
buluşum,ödül,eğitim,ya hep ya hiç,SoruSana: Fırsat Eşitliğini Destekleyen Uygulama!,Cenk Sezgin,erkek,0,0,1,0,belirsiz,belirsiz,2017,,,60,yok,0,1,0,0,0,50,1,1,yok,yok,0,0,0,221,Üniversiteye Hazırlıkta Paylaşımcı Model: SoruSana ile dilediğin her an her yerde destek yanında!,50000,başarılı
fongogo,ödül,kültür-sanat,ya hep ya hiç,Tunca Çaylant'ın İlk Uzun Metraj Şiir Kitabı,Tunca Çaylant,erkek,4,0,1,0,antalya,akdeniz,2014,21.11.2014,6.12.2014,15,var,60,0,0,2,0,72,3,1,yok,yok,0,0,0,330,İlk şiir kitabımın Yasakmeyve Yayınları'ndan çıkabilmesi için gerekli olan maddi kaynak konusunda desteklerinizi rica ediyorum.,3500,başarılı
fongogo,ödül,kültür-sanat,ya hep ya hiç,TEFERRUART SANAT MERKEZİ AÇMAK İSTİYORUM,Aleyna Çevik,kadın,0,0,1,0,istanbul,marmara,2020,22.10.2020,21.12.2020,60,var,288,2,1,0,0,0,9,1,yok,var,2,1026,0,635,Yenilikçi sanat fikirleri ve sosyal projelerin gelişimine sende destek ver.,50000,başarısız
fongogo,ödül,film-video-fotoğraf,ya hep ya hiç,''Kiracı'' Kısa Film Projesi / ''Tenant'' Short Film Project,Berkay Hasbay,erkek,0,0,1,0,izmir,ege,2018,13.02.2018,15.03.2018,30,yok,0,13,0,0,0,7,9,2,var,var,3,50,5,875,TEL filmiyle yaptığımız gibi ''KİRACI'' isimli filmimizle de Türk sinemasını dünyadaki uluslararası festivallerde başarıyla temsil etmeyi umuyoruz.,8000,başarısız
crowdfon,ödül,tasarım,ya hep ya hiç,Smart Counch,Çiğdem Gün,kadın,0,0,1,0,belirsiz,belirsiz,2011,,,60,yok,0,4,0,0,0,5,7,1,yok,yok,0,0,0,32,Çok pratik bir ürün;  ayakkabıyı çizme formuna çeviriyor ve istediğiniz zamanda tekrardan çıkartılabiliyor. T,5000,başarısız
fongogo,ödül,diğer,ya hep ya hiç,Yeşil Paket,Samet Aksuoğlu,erkek,0,0,1,0,izmir,ege,2020,17.12.2020,6.01.2021,20,var,24,0,2,0,0,0,6,1,yok,var,4,324,0,326,"Bizim bu projedeki amacımız, hem ulaşımı hem de yaşamı kolaylaştıran sürdürülebilir ve çevreci bir gönderi sistemini tüm Türkiye çapında kurmak.",3000,başarısız
fongogo,ödül,film-video-fotoğraf,ya hep ya hiç,CYBERPUNK KISA FİLM: RECKONING,Melisa Kavsak,kadın,0,0,1,0,istanbul,marmara,2018,27.02.2018,3.04.2018,35,yok,0,3,0,0,0,43,9,4,yok,yok,0,0,5,363,"Cyberpunk, Tech-Noir türünde kısa film""",6000,başarılı
fongogo,ödül,kültür-sanat,ya hep ya hiç,Altın Boğa Kısa Film Festivali,Iel Sinema,belirsiz,0,0,1,0,ağrı,doğu,2015,08.04.2015,7.06.2015,60,yok,0,16,0,0,0,2,9,1,var,var,2,1549,0,515,"12 yıl önce ''Türk Sineması'nın Geleceği Aranıyor'' sloganıyla çıktığımız bu yolda, bu geleceği sizlerle beraber bulmanın haklı gururunu yaşamak istiyoruz!",25000,başarısız
fongogo,ödül,diğer,hepsi kalsın,Bir Tebessüm İçin Karabük-Zonguldak'a Gidiyor,Osman Dündar,erkek,0,0,2,0,karabük,karadeniz,2019,14.10.2019,31.10.2019,17,var,276,16,0,0,0,7,6,1,var,var,3,149,0,378,İstanbullu gençlerle Anadolu halkını bir araya getiren sosyal fayda içerikli projelerle kent-köy kutuplaşmasıyla mücadele etmek.,3000,başarısız
fonbulucu,ödül,çevre,ya hep ya hiç,Enerji Çözümleri İçin Sinerji,Atilla Öztürk,erkek,1,0,2,0,istanbul,marmara,2018,,,60,var,52,5,0,0,0,1,5,1,yok,var,1,500,0,702,Yenilenebilir enerji endüstrisinin geleceğini şekillendirmeye aday inovasyon için alfa prototip oluşturmak ilk adımımız olacaktır.,500000,başarısız
arıkovanı,ödül,teknoloji,ya hep ya hiç,Smart Mimic | Akıllı Alarm Sistemi,Paperback Teknoloji,belirsiz,0,0,1,0,belirsiz,belirsiz,2016,,,60,var,80,5,0,7,36,86,1,3,yok,yok,0,0,0,267,Smart Mimic' e sadece telefonunuz ile bağlanmanız yeterli. Uygulamanın içerisindeki onlarca profilden biriyle hayatınızı kolaylaştırabilirsiniz.,100000,başarılı
fongogo,ödül,kültür-sanat,ya hep ya hiç,Doktora programımda kullanacağım malzemeleri temin etmek için gerekli,Serkan Tok,erkek,0,0,1,0,eskişehir,iç anadolu,2019,07.08.2019,6.10.2019,60,var,273,3,0,0,0,2,7,1,yok,var,2,1805,0,732,Doktora programı için kaynaklara ve kullanacağım mekanik elektronik malzemenin teminatı için kullanacağım.,5000,başarısız
fonbulucu,ödül,teknoloji,ya hep ya hiç,Deprem Bilinçlendirme,Fatih Yıldırım,erkek,0,0,1,0,istanbul,marmara,2020,,,60,yok,0,2,0,0,0,0,4,1,yok,yok,0,0,0,480,Hayat kurtaran saniyeler,20000,başarısız
fongogo,ödül,kültür-sanat,ya hep ya hiç,Yeni Heykel Projelerim İçin Desteğinize İhtiyacım Var,Ömer Faruk ALPAY,erkek,0,0,1,0,istanbul,marmara,2018,15.11.2018,14.01.2019,60,var,205,4,0,0,0,0,6,1,yok,yok,0,0,5,197,Katılacağım karma sergiler için malzeme ve ekipman bütçesine ihtiyacım var. Desteklerinizi bekliyorum...,5000,başarısız
fongogo,ödül,film-video-fotoğraf,ya hep ya hiç,GELİNCİK FİLMİ,Şükrü Üçpınar,erkek,0,0,1,0,istanbul,marmara,2020,02.06.2020,22.07.2020,50,var,50,0,0,0,0,11,9,3,yok,var,3,55,1,540,"Görevinden ayrılan genç bir polis, kızını beklediği orman evinde tuhaf bir adamla karşılaşır ve geçmişiyle ilgili büyük bir hesaplaşma başlar.",50000,başarısız
buluşum,ödül,kültür-sanat,ya hep ya hiç,Ustamdan,Gökçe Gülcüler,kadın,0,0,1,0,belirsiz,belirsiz,2017,,,60,yok,0,1,0,0,0,35,1,1,yok,yok,0,0,0,219,Türkiye’de zanaatı ve zanaatkarı kucaklayan proje! Bin yıllık usta ellerin hikayeleri kısa film serisine hazırlanıyor!,35000,başarılı
crowdfon,ödül,çevre,ya hep ya hiç,Organik Tavuk Çiftliği,Oğuz Yılmaz,erkek,0,0,1,0,belirsiz,belirsiz,2015,,,60,yok,0,1,0,0,0,4,4,1,yok,yok,0,0,0,115,İstanbul Silivri Bölgesinde  Araucanas Cinsi Tavuk yetiştiriciliği yapmak istiyorum. Desteklerinizi Bekliyoruz.,50000,başarısız
crowdfon,ödül,teknoloji,ya hep ya hiç,Project Greenagent,Göktuğ Serdar,erkek,0,0,1,0,belirsiz,belirsiz,2015,,,60,yok,0,1,0,0,0,0,4,1,yok,yok,0,0,0,115,"Bilkent Üniversitesi'nde bitirme projemiz olarak geliştirmeye başladığımız GreenAgent, NASA SpaceApps 2014 etkinl",50000,başarısız
fongogo,ödül,diğer,ya hep ya hiç,World Of Wars Uzay Online Strateji Oyunu,Enes Vatan,erkek,0,0,1,0,tekirdağ,marmara,2020,09.09.2020,9.10.2020,30,var,160,26,1,2,0,0,4,2,yok,var,1,52,5,407,Oyun Hikayesi insan oğlunun medeniyetin üst düzeylerine çıkarak büyük bir savaşa girer ve 4 seçkin ırk vardır. Evrenin kaderini sizlerin elinizde olacak.,30000,başarısız
fongogo,ödül,film-video-fotoğraf,ya hep ya hiç,YEŞİLÇAM BELGESELİ,burak çelik,erkek,0,0,1,0,denizli,ege,2018,19.03.2018,18.04.2018,30,var,91,5,0,0,0,1,9,1,yok,var,2,4317,5,238,"Yönetmenliğini genç yönetmen Burak ÇELİK 'in yaptığı Türk sinemasına damga vurmuş Bir çok usta sanatçı,film yapımcıları,senarist,yönetmenin yer aldığı belgesel",20000,başarısız
crowdfon,ödül,diğer,ya hep ya hiç,Evlilik,Uğur Çöpoğlu,erkek,0,0,1,0,belirsiz,belirsiz,2021,,,60,yok,0,0,0,0,0,0,1,1,yok,yok,0,0,0,44,23 yaşındayım Ordu'da yaşıyorum babam engelli sol kolu çalışmıyor annem ev hanımı onlara ben bakıyorum Ağus,125000,başarısız
crowdfon,ödül,yayıncılık,ya hep ya hiç,"Kitabımın Basılıp, Yayınlanması İçin Desteğinize İhtiyacım Var",Damla Nayır,kadın,0,0,1,0,belirsiz,belirsiz,2015,,,60,yok,0,1,0,0,0,0,4,1,yok,yok,0,0,0,115,Alma nefesimi eğer hakkını veremeyeceksen! Öpme mesela hiçbir güzeli eğer dudakları şişene kadar emmeyeceksen.,50000,başarısız
arıkovanı,ödül,teknoloji,ya hep ya hiç,Lella Kids - Psikolog Onaylı Çocuk Video Uygulaması,Selen Koç,kadın,0,0,1,0,belirsiz,belirsiz,2018,,,60,var,125,9,0,4,2,188,7,6,yok,yok,0,0,0,382,Bugu?n dijital du?nyanın bu kadar yas?amımıza girmesiyle birlikte c?ocukların ellerinden yeni s?eyler o?g?renebileceg?i kaynag?ı almak yerine onlara gu?venli bir ortam sunmak daha o?nemli,100000,başarılı
fongogo,ödül,film-video-fotoğraf,ya hep ya hiç,"Aşk, Ölüm ve Domatesler",Tuğba Erdem,kadın,0,0,1,0,istanbul,marmara,2019,21.06.2019,26.07.2019,35,var,50,0,0,0,0,8,9,2,yok,var,2,119,5,298,"Ölmekte olan bir adam ve karısı, bir Amerikan restoranında beraber intihar etmeye karar verirler.",12000,başarısız
fonbulucu,ödül,teknoloji,ya hep ya hiç,Kablosuz Şarj Masası,Serdar Sertgöz,erkek,0,0,1,0,genel,genel,2018,,,60,yok,0,2,0,0,0,0,7,1,yok,yok,0,0,0,115,Telefon ve tabletlerinizi kablosuz bir şekilde şarj etmemize yarayan bir masa veya komidin istemez misiniz?,15000,başarısız
fongogo,ödül,film-video-fotoğraf,ya hep ya hiç,Karşıdaki / Kısa Film,Şiyar Baran Sakık,erkek,0,0,1,0,istanbul,marmara,2020,27.08.2020,27.08.2020,0,yok,0,1,0,0,0,3,7,2,yok,var,2,110,5,493,"Yolda yürürken karşıdan gelen biriyle tam çarpışmak üzereyken, omzunu geri çeken Engin, aşağılık kompleksine girer ve intikam almak için düelloya hazırlanır.",22000,başarısız
crowdfon,ödül,çevre,ya hep ya hiç,Sürdürülebilir Kentsel Donatı Elemanları,Sinan Düman,erkek,0,0,1,0,belirsiz,belirsiz,2020,,,60,var,17,1,0,0,0,0,1,1,yok,yok,0,0,0,256,Doğadan uzaklaştığımız şu dönemde insanları kent içerisinde dahi doğaya yakın hissettirmek üzere bir kent d,100000,başarısız
fongogo,ödül,kültür-sanat,ya hep ya hiç,Kitabın İngilizceye Çevrilmesi,Sertaç Aydoğan Musoski,erkek,0,0,2,0,izmir,ege,2019,16.12.2019,14.02.2020,60,var,51,10,0,0,0,0,9,1,yok,var,2,126,0,265,"Kasım 2018'de yayınlanan kitabımın, yurt dışına açılma amacıyla İngilizceye çevrilmesi için desteklerinizi bekliyorum.",12000,başarısız
fongogo,ödül,eğitim,ya hep ya hiç,ANADOLU'NUN GÜNEŞİ ÇORUM'UN YILDIZI HİTİT ANGELS ROBOTİK,Hitit Angels,belirsiz,0,0,2,0,çorum,karadeniz,2019,10.01.2019,11.03.2019,60,var,124,5,0,0,0,2,7,3,yok,var,2,108,5,990,Biz farklı okullardan öğrencilerin toplandığı bir robotik takımıyız. Hedeflerimizi ve hayallerimizi gerçekleştirmek için size ihtiyacımız var.,18750,başarısız
fongogo,ödül,film-video-fotoğraf,ya hep ya hiç,İSTİHBARAT MEZARSIZ ÖLÜLER,ULUSLARARASI GENÇ SİNEMA VE TİYATROCULAR DERNEĞİ ANKARA,belirsiz,0,0,2,0,eskişehir,iç anadolu,2019,16.01.2019,2.03.2019,45,var,41,5,0,0,0,0,7,3,yok,var,2,773,5,555,PROJE AMACI İSTİHBARAT VE İÇERİSİNDE YER ALAN KARAKTERLERİ EN DOĞRU VE GERÇEK BİR BİÇİMDE ANLATMAK VE YAŞATMAKTIR.,15000,başarısız
fongogo,ödül,teknoloji,ya hep ya hiç,Marka Park Avm (7/24 Online Mağaza),Onur Can,erkek,0,0,1,0,izmir,ege,2014,21.11.2014,20.01.2015,60,yok,0,0,0,0,0,0,5,1,var,var,3,2491,0,335,"Online Alışveriş Merkezi Marka Park Avm herkes için, her çeşit markanın ve hizmetin bünyesinde bulunduğu bir platformdur.",25000,başarısız
fonbulucu,ödül,eğitim,ya hep ya hiç,Minik Hocalarımıza Destek,Mustafa Tüysüz,erkek,0,0,1,0,istanbul,marmara,2019,,,60,yok,0,1,0,0,0,0,5,1,yok,yok,0,0,0,326,"Küçük,Büyük kardeşlerimizin İslam ülkesine, Dünyaya geliş amacımız ve Kur'an , haya , edep , ahlak, arapça , hafızlık vb.. Çerçevesinde kardeslerimizin eğitim barinaklarin yapimina ve ihtiyaclarina  olmak.",50000,başarısız
crowdfon,ödül,tasarım,ya hep ya hiç,Geri Dönüştür,Ceyda Ece Dedeoğlu,kadın,0,0,1,0,belirsiz,belirsiz,2019,,,60,yok,0,1,0,0,0,6,4,1,yok,yok,0,0,0,115,eski eşyaların tasarlanarak geri dönüşümünü sağlanmasını ve özellikle ev hanımlarının gelir elde edebilme,9000,başarısız
arıkovanı,ödül,teknoloji,ya hep ya hiç,Noticy - Su Tasarrufu Aparatları ve Akıllı Ev Sistemleri,Umut Türemen,erkek,0,0,1,0,belirsiz,belirsiz,2020,,,60,var,60,32,17,0,11,12,10,2,yok,yok,0,0,0,3155,"Noticy Duş, duşta su, enerji ve para tasarruf etmenize yardımcı olan bir cihazdır",100000,başarısız
crowdfon,ödül,diğer,ya hep ya hiç,Ygs- Lys- Teog Öğrenci Ve Velileri İçin Başucu Kitabı,Siran Kaleli,erkek,0,0,1,0,belirsiz,belirsiz,2019,,,60,yok,0,1,0,0,0,0,4,1,yok,yok,0,0,0,115,"Merhaba, 
Hem özel sekörde hem de okullarda çalışmış bir rehber öğretmenim. Yaklaşık 2 yıldır üzerinde ça",50000,başarısız
arıkovanı,ödül,teknoloji,ya hep ya hiç,Otsimo | Özel Eğitim Uygulaması,Zafer Elcik,erkek,0,0,1,0,belirsiz,belirsiz,2016,,,60,var,77,3,0,1,7,226,10,4,yok,yok,0,0,0,710,"Otsimo otizm, down sendromu ve diğer gelişimsel durumlara sahip çocuklara ücretsiz eğitsel oyunlar ve bu çocukların ailelerine veri analizine dayalı kontrol imkanı sunan mobil bir platformdur.",100000,başarılı
fongogo,ödül,film-video-fotoğraf,ya hep ya hiç,Hamza,Gencay Kaplan,erkek,0,0,1,0,istanbul,marmara,2020,28.04.2020,27.06.2020,60,yok,0,1,0,0,0,0,9,1,yok,yok,0,0,5,298,"Evi yok, ailesi sokak hayvanları. Salgın günlerinde dahi kendini sokak hayvanlarını yaşatmaya adayan Hamza’nın hikayesini anlatan belgesel film.",20000,başarısız
fongogo,ödül,film-video-fotoğraf,ya hep ya hiç,Kollar - Stop Motion Animasyon Kısa Film,Melih Önder,erkek,0,0,1,0,istanbul,marmara,2020,11.03.2020,10.04.2020,30,var,77,9,0,0,0,0,8,1,yok,yok,0,0,0,294,Stop Motion animasyon kısa filmimi tamamlayabilmem ve ardından yurt içi ve yurt dışı film festivallerine gönderebilmem için desteğinize ihtiyacım var.,5000,başarısız
fongogo,ödül,eğitim,hepsi kalsın,SosyalBen - Olmak İstediğim Ben,Ece Çiftçi,kadın,0,0,2,0,samsun,karadeniz,2014,07.04.2014,6.06.2014,60,var,250,6,0,0,0,9,3,1,yok,var,2,25202,0,198,Dezavantajlı bölgelerde ilköğretim çağındaki çocukları sosyalleştirmeyi ve onların yeteneklerini ortaya çıkartmayı amaçlayan  projeler gerçekleştirmektedir.,850,başarılı
fongogo,ödül,kültür-sanat,ya hep ya hiç,'' Suç Makinesi '' Tek kişilik Oyun,burak uyanık,erkek,0,0,1,0,istanbul,marmara,2017,09.07.2017,18.08.2017,40,yok,0,1,0,0,0,0,4,1,var,var,3,39,5,238,"Projemin amacı kendi yazıp yöneteceğim ve oynayacağım oyunu sergilemek, hayalimi gerçekleştirmek aynı zamanda oyun gelirini bir yardım kuruluşuna bağışlamak.",4000,başarısız
fongogo,ödül,gıda-yeme-içme,ya hep ya hiç,Organik Ürün Üretimevi,Mehmet Tover,erkek,0,0,1,0,antalya,akdeniz,2019,20.09.2019,4.11.2019,45,var,51,2,0,0,0,5,5,1,yok,var,2,1291,5,535,"Organik ürünlerimizin doğal sebeplerden dolayı kayıplarını önleyebilecek, faydalı ürün olarak işlenebilecek Üretimevi kurmayı planlıyoruz.",25000,başarısız
buluşum,ödül,sosyal sorumluluk,ya hep ya hiç,Freepark,Onur Kılıç,erkek,0,0,2,0,belirsiz,belirsiz,2017,,,60,yok,0,1,0,0,0,25,1,1,yok,yok,0,0,0,110,Engelli Alanlarına Başkası Park Etmesin!,25000,başarılı
fonbulucu,ödül,diğer,ya hep ya hiç,YePay,Ömer Faruk Şen,erkek,0,0,1,0,genel,genel,2018,,,60,yok,0,1,0,0,0,1,5,1,yok,yok,0,0,0,186,"Ye, öde, sosyalleş.",50000,başarısız
fongogo,ödül,film-video-fotoğraf,ya hep ya hiç,Yankı (Kısa Film / Short Film),Hazal Kara,kadın,0,0,1,0,istanbul,marmara,2018,21.09.2018,24.10.2018,33,var,70,2,0,1,0,42,6,4,yok,yok,0,0,5,939,"""Bir yandan korkun bir yandan umudun varsa iki kanatlı olursun, tek kanatla uçulmaz zaten. "" 
Mevlana""",13500,başarılı
fonbulucu,ödül,çevre,ya hep ya hiç,OrtakMama,Burak Işık,erkek,0,0,1,0,ankara,iç anadolu,2018,,,60,var,39,4,0,0,2,55,6,1,var,var,3,404,0,242,OrtakMama sokakta yaşayan kedi ve köpeklerin beslenme barınma ve sağlık gereksinimlerini semt sakinlerinin karşılayabilmesini sağlayan bir sosyal girişimdir.,10000,başarılı
fongogo,ödül,kültür-sanat,ya hep ya hiç,Datça Tiyatro Festivali,Beste Karaduman,kadın,0,0,2,0,istanbul,marmara,2018,12.07.2018,22.07.2018,10,yok,0,3,0,0,0,0,7,3,var,var,2,946,5,147,"8 üniversiteli genç, “hikaye anlatıcılarına alan açmak” gayesi, Knidos’tan devraldığı tiyatro geleneğini Akdeniz ve Ege’nin birleşiminde yaşatan Datça...",15000,başarısız
fongogo,ödül,kültür-sanat,ya hep ya hiç,Yüksek Sesle Düşünüyoruz!,No: Tiyatro,belirsiz,0,0,1,0,istanbul,marmara,2019,15.04.2019,14.06.2019,60,yok,0,17,0,0,0,2,6,3,var,var,1,32200,5,285,"Instagram, Twitter ve Youtube platformlarımızdan paralel biçimde yürütülen çeşitli paylaşımlarla ‘’tiyatro’’ ana başlığı altında kitleleri bir araya getirmek.",17000,başarısız
fongogo,ödül,spor,ya hep ya hiç,GENÇLİK VE SPOR MERKEZİ (GENÇMER),Celal Karadoğan,erkek,0,0,1,0,adana,akdeniz,2018,06.02.2018,7.04.2018,60,var,155,7,0,0,0,20,6,4,var,var,3,3013,1,421,Hayalimiz Türkiye'nin Sosyal Girişim odaklı ilk Gençlik Merkezini hayata geçirmek. Bu hayalimizi gerçekleştirmek için desteğinize ihtiyacımız var!,250000,başarısız
crowdfon,ödül,diğer,ya hep ya hiç,Www.yiffos.com,Mustafa Şişmanoğlu,erkek,0,0,1,0,belirsiz,belirsiz,2020,,,60,var,19,1,0,0,0,3,1,1,yok,yok,0,0,0,43,"Toplum mühendisliği projesi. Topluma toplum içindeki farklılıkların hiç bir getirisinin olmadığını , aksine a",1453000,başarısız
fongogo,ödül,film-video-fotoğraf,ya hep ya hiç,Ah Bir Ataş Ver,Gökhan Kaya,erkek,2,0,1,0,izmir,ege,2017,05.06.2017,4.08.2017,60,var,62,1,0,0,0,8,7,1,yok,var,2,5,5,360,"Nara burnunun mavi karanlığına gömülen 81 denizcimizin, koca bir ülkeyi gözyaşlarına boğan hikayesini beyaz perdede anlatmak istiyoruz.",10000,başarısız
crowdfon,ödül,müzik,ya hep ya hiç,Radyo Pati Destek İstiyor,Serkan Çeri,erkek,0,0,1,0,belirsiz,belirsiz,2015,,,60,yok,0,1,0,0,0,5,4,1,yok,yok,0,0,0,115,"Mart 2015 yılında yayın hayatına başlayan Radyo Pati, hayvan severler için hazırlanmış bir blog sitesinin yanı",3300,başarısız
fongogo,ödül,film-video-fotoğraf,ya hep ya hiç,Bîr / Bellek Sinema Filmi,Sezgin Cengiz,erkek,0,0,1,0,tunceli,doğu,2016,10.06.2016,10.07.2016,30,var,147,17,0,0,0,61,11,4,var,var,1,146,5,443,"""Birey ve psikoloji"" zemininde geçmişle bugünü buluşturan bir sinema filmi",50000,başarısız
fongogo,ödül,film-video-fotoğraf,ya hep ya hiç,YİRMİ ALTINCI MUHARREM,Abdullah Rıdvan Can,erkek,0,0,1,0,izmir,ege,2015,06.04.2015,5.06.2015,60,yok,0,16,0,0,0,0,10,1,yok,var,1,5,0,941,"Muharrem, dört yıldır denediği KPSS'de yeterli puan alamamakta ve zaten çok az ataması olan Tarih Bölümü'nden herhangi bir yere atanamamaktadır.",50000,başarısız
fongogo,ödül,eğitim,ya hep ya hiç,Okuduğunu Anla (Etkinlik Kitabı),Kemal Akbayrak,erkek,0,0,1,0,rize,karadeniz,2019,25.03.2019,24.05.2019,60,yok,0,8,0,0,0,6,6,1,yok,yok,0,0,5,144,Çocuklar okuduğunu anlasın diye...,12000,başarısız
fonbulucu,ödül,hayvanlar,ya hep ya hiç,"Onlar iyi niyetli, saf ve masumdur..",Aydın Aykanat,erkek,0,0,1,0,niğde,iç anadolu,2019,,,60,var,26,1,0,0,0,0,4,1,yok,yok,0,0,0,193,Onların ihtiyacı olan tek şey sıcacık bir yuva..,750,başarısız
fongogo,ödül,film-video-fotoğraf,ya hep ya hiç,"O bir kuş,hayır uçak,hayır hayır o bir Drone!",Muhammed Eren Yiğiter,erkek,0,0,1,0,eskişehir,iç anadolu,2020,22.04.2020,1.06.2020,40,var,45,3,0,0,0,0,5,1,yok,yok,0,0,0,137,Gözlerimizin göremediği ülkemizin eşsiz güzelliklerini herkese sunmak istiyorum.,8000,başarısız
fongogo,ödül,teknoloji,ya hep ya hiç,QUBİT'E HAYAL ORTAĞI OLUN,Aslı Çakmak,kadın,0,0,6,0,istanbul,marmara,2020,14.01.2020,14.03.2020,60,var,64,11,0,0,0,0,6,2,var,var,4,277,0,262,Biz Maltepe Fen Lisesi robotik takımı olarak 2018'den beri katıldığımız FRC yarışmasına dördüncü kez katılıyoruz. Robotumuzu yapmak için desteğinizi bekliyoruz.,2000,başarısız
fongogo,ödül,film-video-fotoğraf,ya hep ya hiç,BİR PAZAR SONRASI '' After a Sunday '' BAĞIMSIZ SİNEMA FİLMİ,Enver Selvi,erkek,0,0,1,0,eskişehir,iç anadolu,2016,27.04.2016,11.06.2016,45,yok,0,10,0,0,0,6,6,1,yok,yok,0,0,0,606,Enver Melih Selvi'nin İlk Uzun Metraj Bağımsız Sinema Film Çalışması BİR PAZAR SONRASI...,12000,başarısız
fongogo,ödül,film-video-fotoğraf,ya hep ya hiç,Kafes / The Cage,Ali Sait Tanrıverdi,erkek,0,0,1,1,belirsiz,belirsiz,2017,,27.06.2017,60,yok,0,2,0,0,0,4,5,1,yok,yok,0,0,0,120,-,10000,başarısız
fongogo,ödül,kültür-sanat,ya hep ya hiç,Amed Şehir Tiyatrosu Yeni Sahne Projesi,Beyaz  Emektar,erkek,0,0,1,0,diyarbakır,güneydoğu,2020,20.01.2020,19.03.2020,59,var,30,11,0,0,0,203,7,1,yok,var,1,8692,0,195,Diyarbakır'da bir çok sanat alanı için alternatif sahne yaratmak istiyoruz.,75000,başarılı
fongogo,ödül,çevre,ya hep ya hiç,Didaktik Kargaşa,Ercan Taş,erkek,0,0,1,0,batman,güneydoğu,2016,01.02.2016,2.03.2016,30,yok,0,4,0,0,0,3,6,1,yok,var,2,4,0,154,"Yapılan seyahatlerde ülkedeki güncel durum ile alakalı -savaş ağırlıklı- fotoğraflar ile ses getirmek, gazetelere, haber kanallarına fotoğraf sunabilmek.",1000,başarısız
crowdfon,ödül,yayıncılık,ya hep ya hiç,Kitap Ve Kahve Kütüphanesi,Taha Furkan Baç,erkek,0,0,1,0,belirsiz,belirsiz,2015,,,60,yok,0,1,0,0,0,0,4,1,yok,yok,0,0,0,115,İnsanların kahvelerini yudumlarken sıcak ve sosyal bir birey olmalarını bunun la birlikte okuma alışkanlığı ka,50000,başarısız
fongogo,ödül,eğitim,ya hep ya hiç,Konfigürasyon Uzmanlığı için uygulamalı eğitime katılmama destek olur musun,Sibel  Cimbar,kadın,0,0,1,0,ankara,iç anadolu,2020,24.09.2020,14.10.2020,20,var,62,2,1,0,0,2,5,1,yok,var,1,311,0,494,"Şuan talaşlı imalat yapan bir şirkette Kalite Güvence Mühendisi çalışıyorum ve hayalim, kariyer hedefim yazılım kalite güvence ve konfigürasyon uzmanı olmak.",4000,başarısız
fongogo,ödül,sağlık-güzellik,hepsi kalsın,INTHEJOY KUAFOR - KUAFÖRÜNÜ DESTEKLE,Kübra  Kaya,kadın,0,0,1,0,kocaeli,marmara,2020,20.04.2020,4.05.2020,14,var,73,6,0,0,0,0,4,1,yok,var,1,20900,0,128,Tüm güzellik hizmeti veren işletmeler gibi zor günlerden geçtiğimiz bu dönemde bize CANSUYU olmak sizin elinizde!,10000,başarısız
crowdfon,ödül,film-video-fotoğraf,ya hep ya hiç,Family-aile,Seung-Hyun Chong,erkek,0,0,1,0,belirsiz,belirsiz,2014,,,60,yok,0,1,0,0,0,5,4,1,yok,yok,0,0,0,115,Kuzey ve Güney Kore'de bölünmüş ve birbirlerine hiç görmeyen ailelerin dramını anlatmak istediğim kısa film'i,7000,başarısız
fongogo,ödül,eğitim,ya hep ya hiç,Puduhepa'nın İLK Kız Kardeşi - Dilhan Ege Eryurt,Renan Tan Tavukcuoglu,kadın,4,0,3,0,istanbul,marmara,2019,19.05.2019,20.08.2019,93,var,419,5,0,0,0,43,9,2,var,var,3,378,5,423,"Geçen sene başarı ile hayata geçirdiğimiz 'Puduhepa ve Kız Kardeşleri' projesi büyüyor.Bu fonlama ile Puduhepa'yı ilk kız kardeşi ile buluşturmayı hedefliyoruz.""""""",13000,başarılı
crowdfon,ödül,gıda-yeme-içme,ya hep ya hiç,Yemek Kutusu Hizmeti,Tuğlu Ateşlı,erkek,0,0,1,0,belirsiz,belirsiz,2015,,,60,yok,0,1,0,0,0,7,4,1,yok,yok,0,0,0,115,"Projemde ki hedefim iş ve gündelik hayatta yemek sorununa taze, lezzetli, sağlıklı, hızlı ve pratik bir çözüm",50000,başarısız
fongogo,ödül,teknoloji,ya hep ya hiç,18 Yaşındaki Genç Girişimciler Olarak Dijital Medya Ajansı Kurmak İstiyoruz,ataa aat,erkek,0,0,1,0,ankara,iç anadolu,2020,05.06.2020,4.08.2020,60,yok,0,2,0,0,0,0,7,3,yok,yok,0,0,0,459,Genç girişimciler olarak dijitalleşen dünyaya ayak uydurmaları için şirketlerimize ve işletmelerimize destek olacağız.,5000,başarısız
fongogo,ödül,film-video-fotoğraf,ya hep ya hiç,ALTIN ORMANA DÖNÜŞ,Mehmet Emrah Erkanı,erkek,0,0,1,1,düzce,karadeniz,2019,05.02.2019,7.03.2019,30,yok,0,1,0,2,0,9,8,2,yok,yok,0,0,3,282,"Büyülü gerçekçi bir drama olan Altın Ormana Dönüş kısa filminin set ekibinin emeklerinin karşılanması için fon oluşturabilmek istiyoruz.""",10000,başarılı
fongogo,ödül,teknoloji,ya hep ya hiç,Bizimle Dünyaya Kafa Tutmak İster misin?,Emrah Akın,erkek,0,0,1,0,istanbul,marmara,2019,06.09.2019,5.11.2019,60,var,118,2,0,0,0,0,9,1,var,var,3,79791,5,517,"Global arenada Türkiye'yi gururla temsil edecek, restoran/otellere yönelik yorum/puan manipülasyonunu ortadan kaldıracak uygulamam için sizden destek istiyorum.",80000,başarısız
crowdfon,ödül,çevre,ya hep ya hiç,Kadınlar Bisiklete Binmeyi Öğreniyor,Deniz Yaylak,kadın,0,0,1,0,belirsiz,belirsiz,2018,,,60,yok,0,1,0,0,0,7,4,1,yok,yok,0,0,0,115,Yakıt salınımına engel olmak ve çevremize faydalı olmak için kadınlara bisiklet binmeyi öğreteceğiz . Her yı,10000,başarısız
fongogo,ödül,diğer,ya hep ya hiç,"PAYLAŞIMIN, SEVGİNİN VE ÇOCUKLARIN İYİLİK EVİ HOBBIT HOUSE BALAT YAŞASIN !",SİNEM CAN,kadın,0,0,2,1,belirsiz,belirsiz,2017,,13.06.2017,60,var,60,8,1,1,1,25,6,2,var,var,2,510,4,413,"Çocuklara her şeyin ücretsiz olduğu iyilik evi, kredi borçları sebebi ile tehlikede. Harcamadığını paylaş, iyiliği bulaştır..",47000,başarılı
fongogo,ödül,sağlık-güzellik,hepsi kalsın,BACKSTAGE HAIR DESIGN  - Kuaförünü Destekle,Emre Özcan,erkek,1,0,1,0,antalya,akdeniz,2020,24.04.2020,8.05.2020,14,var,49,4,0,0,0,15,3,1,yok,var,1,9488,0,128,Tüm güzellik hizmeti veren işletmeler gibi zor günlerden geçtiğimiz bu dönemde bize CANSUYU olmak sizin elinizde!,10000,başarısız
crowdfon,ödül,film-video-fotoğraf,ya hep ya hiç,Unutulmayan İnsan - Kısa Film Ek Destek Projesi,Mervan Tapınç,kadın,0,0,1,0,belirsiz,belirsiz,2019,,,60,yok,0,1,0,0,0,7,4,1,yok,yok,0,0,0,115,"BEN YÖNETMEN ADAYI BİR GENÇ, MERVAN TAPINÇ. HAYATIMI SANATA VE SİNEMAYA ADAMIŞ BİR GENÇ. BİR ÇOK ÜNLÜ YÖNET",5000,başarısız
fongogo,ödül,film-video-fotoğraf,ya hep ya hiç,LAVİNYA - Sinema Filmi,KEREM TOPUZ,erkek,0,0,1,0,istanbul,marmara,2018,13.04.2018,31.05.2018,48,var,120,6,0,0,0,7,9,2,var,var,3,679,4,301,Filmimizin daha geniş bir izleyici kitlesiyle buluşması ve Türkiye'nin farklı noktalarında da gösterilebilmesi için desteğinize ihtiyacımız var.,30000,başarısız
fonbulucu,ödül,teknoloji,ya hep ya hiç,Codimis ile Geleceğini Kodla!,Caner Ünal,erkek,0,0,1,0,genel,genel,2020,,,60,var,66,1,0,0,0,2,8,4,var,var,2,317,0,340,"Yazılım alanında kendini geliştirmek isteyen kişilere güncel içerik ve kaynak sağlayarak, mentor destekli bir süreç eşliğinde iş ve staj bulmalarına yardımcı olan online platformdur.",10000,başarısız
fonbulucu,ödül,teknoloji,ya hep ya hiç,AssistFarm,Mehmet Aksoy,erkek,0,0,1,0,genel,genel,2020,,,60,var,52,5,0,0,0,0,6,4,yok,yok,0,0,0,437,Tohumun toprakla buluşmasından ürüne dönüşüp satışı yapılana kadar ürün üreticisinin asistanlığını yapmayı amaçlayan bir projedir.,30000,başarısız
fongogo,ödül,film-video-fotoğraf,ya hep ya hiç,Devrim Yolcuları Belgeseli,Musa Kaplan,erkek,0,0,1,0,istanbul,marmara,2015,02.04.2015,1.06.2015,60,var,153,13,0,0,0,2,6,1,yok,yok,0,0,0,187,Bu belgesel bir yolculuğun hikâyesidir.,20000,başarısız
fonbulucu,ödül,sağlık-güzellik,ya hep ya hiç,SANAL FİTNESS MERKEZİ,Nurefşan Boyalı,kadın,0,0,1,0,genel,genel,2020,,,60,yok,0,1,0,0,0,1,5,2,yok,yok,0,0,0,169,"İnsanlara kendi vücutlarına uygun olmayan ve herkese aynı programı öneren sporcunun istek ve ihtiyaçlarını anlayamayan uygulamalar yerine, sporcunun ihtiyacını anlayan,sporcuya özel bir program çıkaran bir uygulama.",8000,başarısız
crowdfon,ödül,çevre,ya hep ya hiç,Solucan Gübresi Vermicompost,Baran Çankaya,erkek,0,0,1,0,belirsiz,belirsiz,2017,,,60,yok,0,1,0,0,0,0,4,1,yok,yok,0,0,0,115,- Granüler yapısı toprağın sütrüktürünü düzenleyip havalanmayı sağlarken su tutma kapasitesinin yüksekliğ,50000,başarısız
fongogo,ödül,çevre,ya hep ya hiç,Engelli Bireylere Yönelik Youtube Kanalı,Asdas Asdas,belirsiz,0,0,1,0,kocaeli,marmara,2020,11.03.2020,7.06.2020,88,yok,0,2,0,0,0,4,8,1,yok,yok,0,0,0,124,Engelli bireylere ve diğer tüm bireylere yönelik youtube kanalı açıp toplumu bu konuda bilinçlendirmek istiyorum.,6000,başarısız
fongogo,ödül,teknoloji,ya hep ya hiç,arkasınabak - Ne Yediğinizi Bilin! Dengeli Beslenin!,Emre Kütük,erkek,0,0,1,0,istanbul,marmara,2020,09.03.2020,5.06.2020,88,var,61,2,0,0,0,3,8,2,yok,yok,0,0,0,544,Ne Yediginizi Bilin!,25000,başarısız
fongogo,ödül,diğer,ya hep ya hiç,"Geleneksel ""Bıdıkların Doğum Günü Şenliği""",Gabriela Oana Olaru,kadın,0,0,1,0,istanbul,marmara,2014,02.05.2014,1.07.2014,60,yok,0,4,0,0,0,2,5,1,yok,yok,0,0,0,197,Minnacık yüreklere kocaman eğlence ve mutluluk sığdırma oyunu.,5000,başarısız
fongogo,ödül,diğer,ya hep ya hiç,Acabanız Kalmasın  - Acaba.co,Cihat Ersin Aydın,erkek,1,0,1,0,istanbul,marmara,2018,19.03.2018,18.05.2018,60,yok,0,0,0,0,0,28,7,1,yok,yok,0,0,0,128,Aklınızdaki sorular cevapsız kalmasın.,18000,başarısız
fongogo,ödül,spor,ya hep ya hiç,Kızlar Sahada,Melis Abacioglu,kadın,0,0,1,0,istanbul,marmara,2015,04.03.2015,3.04.2015,30,var,123,6,0,0,0,3,11,2,var,var,2,7908,0,220,"7'den 70'e tüm kadınların turnuvası, Kızlar Sahada!",20000,başarısız
crowdfon,ödül,teknoloji,ya hep ya hiç,Secret Agnet: Istanbul - Gerçek Görüntülerden Oluşan Macera Oyunu ( Android Ve Ios ),Efe Sar,erkek,0,0,1,0,belirsiz,belirsiz,2016,,,60,yok,0,1,0,0,0,5,4,1,yok,yok,0,0,0,115,"Senin Maceran ekibinin yarattığı ""Secret Agent: Istanbul"" oyunu Türkiye’nin ilk ve tek gerçek video görüntüler",10000,başarısız
fongogo,ödül,teknoloji,ya hep ya hiç,Point2office; Kullanılmayan Alanların Kiralanması İçin Online Pazaryeri,Serkaan Gullum,erkek,0,0,1,0,istanbul,marmara,2018,06.09.2018,4.11.2018,59,var,60,9,0,0,0,0,6,2,var,var,4,206,5,821,"Kişilerin ya da kurumların sahip oldukları alanları, kullanmadıklarında saatlik/günlük/haftalık/aylık olarak kiralanmasını sağlayan online kiralama platformudur""",20000,başarısız
crowdfon,ödül,film-video-fotoğraf,ya hep ya hiç,Al İşte,Onur Adıgüzel,erkek,0,0,1,0,belirsiz,belirsiz,2013,,,60,yok,0,1,0,0,0,5,4,1,yok,yok,0,0,0,40,"Türkiye'de çok yeni olan mockumentary (sahte belgesel) tarzındaki, internetin yepyeni müzikal komedi dizisi!",850,başarısız
crowdfon,ödül,kültür-sanat,ya hep ya hiç,Organ Bağışı,Selçuk Demirci,erkek,0,0,1,0,belirsiz,belirsiz,2019,,,60,yok,0,1,0,0,0,7,4,1,yok,yok,0,0,0,115,Amacım sizlerin de desteğiyle Organ Bağışı temasında güçlü bir sergi hazırlamak. Bu proje aynı zaman da ilk,8300,başarısız
fongogo,ödül,film-video-fotoğraf,ya hep ya hiç,KAYIP GÖZLER ZAMANI,Fatih Güneş,erkek,0,0,1,0,izmir,ege,2019,27.02.2019,3.04.2019,35,yok,0,2,0,0,0,2,8,3,yok,var,1,339,0,700,"İnsan kaçakçılığı yaptığı dönemden tanıdığı bir mülteci ile karşılaşan Erdal, anılarının getirdiği rahatsızlığı yaşar ve mülteci ile yüzleşmeye karar verir.""""""""",8000,başarısız
arıkovanı,ödül,teknoloji,ya hep ya hiç,Ignite Greenhouse: Akıllı Sera,Yavuz Erzurumlu,erkek,0,0,1,0,belirsiz,belirsiz,2017,,,60,var,60,3,0,1,16,9,10,6,yok,yok,0,0,0,468,"Ignite Greenhouse bir akıllı sera projesidir. Sera bilgilerini uzaktan kontrol edebildiğin, talimatlar verebildiğin, hatta talimatları otomatik hale getirebildiğin bir otomasyon sistemidir",50000,başarısız
fonbulucu,ödül,sağlık-güzellik,ya hep ya hiç,Virüslerle Mücadelede Son Teknoloji,Berkin Enerji,belirsiz,0,0,1,0,istanbul,marmara,2020,,,60,var,165,7,0,0,0,21,4,1,var,yok,0,0,0,180,VDMone ve VDMoneNSI Covid-19 ile mücadelede her türlü yüzeyi dezenfekte eder ve aylarca koruma sağlar.,23600,başarılı
crowdfon,ödül,çevre,ya hep ya hiç,Temiz Yaşam Organik Yaşam,Hakan Cankaya,erkek,0,0,1,0,belirsiz,belirsiz,2019,,,60,yok,0,1,0,0,0,4,4,1,yok,yok,0,0,0,115,Sayın Fon Destekçilerim; Benim projem günümüz Türkiye'sinde yaşanan tarım sıkıntısı ve bu tarımda kullanıl,100000,başarısız
fongogo,ödül,teknoloji,ya hep ya hiç,SENSE WATCH,Oğuzhan Aydemir,erkek,0,0,1,0,istanbul,marmara,2018,25.05.2018,24.07.2018,60,yok,0,3,0,0,0,0,5,1,var,yok,0,0,2,369,"İşitme engelli bir asistan düşünün, sessizlik içerisinde gerekli olan tüm verilere ulaşabilen... Sense Watch yeni hislerinle tanış...",30000,başarısız
arıkovanı,ödül,teknoloji,ya hep ya hiç,Starelya - Mobil 3D Selfie Stüdyosu,Gürhun Şenyüz,erkek,0,0,1,0,belirsiz,belirsiz,2015,,,60,var,60,1,0,0,11,21,10,9,yok,yok,0,0,0,858,"Starelya, önemli anlarınızı 3. Boyutta gerçeğe dönüştürebilmeniz için Türk mühendisler tarafından tasarlanmış “3 Boyutlu Dijital Görüntüleme“, “Artırılmış Gerçeklik“ (Augmented Reality) ve “3 Boyutlu Baskı Teknolojilerini” barındıran bir teknoloji stüdyosudur",100000,başarısız
fongogo,ödül,teknoloji,ya hep ya hiç,hemenpasta,hasan dere,erkek,0,0,1,0,kastamonu,karadeniz,2019,21.03.2019,20.05.2019,60,var,65,9,0,1,0,0,0,1,var,var,3,2,4,195,"Ürün veya hizmet nedir ve katkısı nelerdir: 
Hemenpasta.com
İnsanların online pasta siparişi verebildiği ve pastanelerin bu siparişleri teslim ettiği bir intern""",90000,başarısız
fongogo,ödül,film-video-fotoğraf,ya hep ya hiç,Suyun Altında,Irmak Çevik,kadın,0,0,1,0,istanbul,marmara,2019,07.08.2019,27.08.2019,20,var,46,3,0,0,0,45,9,2,yok,var,1,81,4,246,"Bir şeyler üretmek isteyen birkaç gençin gerçekleştirmek istediği , heyecanlı bir senaryosu olan bir kısa film.",9000,başarılı
fongogo,ödül,film-video-fotoğraf,ya hep ya hiç,İpler,Gökçe Pehlivanoğlu,kadın,2,0,1,0,istanbul,marmara,2016,02.03.2016,1.04.2016,30,var,76,17,0,6,0,64,7,1,var,var,2,3054,0,1030,"Karavanları ile seyahat halinde yaşayan Türk-Yunan çift ve küçük kızları, yazın gelmesiyle denize doğru yolculuğa çıkarlar.",7000,başarılı
fongogo,ödül,eğitim,ya hep ya hiç,Herkes İçin Psikolojik Destek,Zümrüt Çalışkan,kadın,0,0,1,0,ankara,iç anadolu,2020,01.12.2020,31.12.2020,30,var,29,10,2,0,0,92,9,2,var,var,3,3965,2,353,Psikolojik destek ile toplumu buluşturmak ve psikolojik danışmanlık çalışanlarının mesleki gelişimlerine katkı sağlamak için gönüllü projeler yürütüyoruz.,3000,başarılı
fongogo,ödül,kültür-sanat,ya hep ya hiç,Uzak Fotoğraf Dergisi,Tuncay Dersinlioğlu,erkek,0,0,1,0,izmir,ege,2018,20.09.2018,19.11.2018,60,yok,0,10,0,0,0,3,8,1,var,var,2,792,5,723,"Uzak Dergi, farklı coğrafyalarda üretilmiş belgesel fotoğraf projelerinin görünür olması ve daha çok insanla buluşmasını hedefliyor.""",22500,başarısız
fongogo,ödül,kültür-sanat,ya hep ya hiç,Coffee Tea Carnival / Kahve Çay Karnavalı Başlıyor,Samet Tuna,erkek,0,0,1,0,eskişehir,iç anadolu,2019,17.09.2019,16.11.2019,60,var,101,2,0,0,0,0,9,1,yok,yok,0,0,1,274,Dünyamızın farklı bölgelerinden gelen kahvelerin ve çayların tadımı gerçekleştirilirken katılımcı firmaların gösterileri ile karnaval havası oluşturulacaktır.,200000,başarısız
crowdfon,ödül,diğer,ya hep ya hiç,Plazmah Şirketine Destek.,Plazmah Corp,belirsiz,0,0,1,0,belirsiz,belirsiz,2020,,,60,yok,0,0,0,0,0,0,1,1,yok,yok,0,0,0,11,Buradan kazandığımız parayı çalışanlarımıza dağıtacağız.,70000,başarısız
crowdfon,ödül,kültür-sanat,ya hep ya hiç,Cep Sahne,Tiyatro Affola,belirsiz,0,0,1,0,belirsiz,belirsiz,2017,,,60,yok,0,1,0,0,0,7,4,1,yok,yok,0,0,0,115,Tiyatro AFFOLA 2014 yılında İstanbul'da kurulmuştur.2014 yılından beri Sosyal sorumluluk projesi adı altında 30.,8300,başarısız
fongogo,ödül,film-video-fotoğraf,ya hep ya hiç,Elene Kısa Film Projesi / Elene Short Film Project,Leyla Bekar,kadın,5,0,1,0,ankara,iç anadolu,2015,24.05.2015,23.07.2015,60,var,78,4,0,1,0,101,8,2,yok,yok,0,0,0,356,"Elene, çay tarlalarında çalışan kadın işçilerin dünyasına dair bir film.",15000,başarılı
fongogo,ödül,diğer,ya hep ya hiç,Diyarbakır'da Bir Astronom: Abdülkadir Topkaç Tekrar Gökyüzüne Bakıyor,Özge A.,kadın,0,0,1,0,diyarbakır,güneydoğu,2018,15.08.2018,28.08.2018,13,yok,0,15,0,3,0,183,9,3,yok,yok,0,0,0,937,"Abdülkadir Topkaç, Diyarbakır Sur'daki çatışmalarda teleskopu kırıldığı için 27 yıl sonra ilk kez çalışmalarına ara vermek zorunda kaldı.""""""",15000,başarılı
ideanest,bağış,sağlık-güzellik,hepsi kalsın,Diatech - Kansız şeker ölçüm cihazı,Yusuf Furkan Işıldak,erkek,0,0,1,0,ankara,iç anadolu,2018,,,60,var,169,0,0,0,10,37,0,4,yok,var,3,700,0,415,Diyabet hastalarına umut ışığı olacak cihazımızın hayata geçmesi için desteklerinizi bekliyoruz,58500,başarılı
fongogo,ödül,teknoloji,ya hep ya hiç,How Much Salary,Ersin Mollaoğlu,erkek,0,0,1,1,izmir,ege,2014,09.09.2014,8.11.2014,60,yok,0,4,0,0,0,0,3,1,yok,yok,0,0,0,227,"Çalışanların kolayca birbirleriyle iletişim kurabilecekleri, maaş ve diğer bilgilerini görebilecekleri How Much Salary uygulamasının duyurulması",20000,başarısız
fongogo,ödül,film-video-fotoğraf,ya hep ya hiç,"Arabadan İn Bisiklete Bin, Belgesel Film",kino cycle,belirsiz,0,0,1,0,mersin,akdeniz,2019,09.09.2019,8.11.2019,60,var,282,19,0,0,0,8,9,21,var,var,2,543,5,862,"Kritik kitleyi oluşturarak, kentiçi bisikletli ulaşımı yaygınlaştırmayı;12 milyon araç kullanıcısının ve karar vericilerin davranışlarını değiştirmeyi istiyoruz",44000,başarısız
crowdfon,ödül,teknoloji,ya hep ya hiç,Allinpocked,Alı Can Talay,erkek,0,0,1,0,belirsiz,belirsiz,2015,,,60,yok,0,1,0,0,0,6,4,1,yok,yok,0,0,0,115,Günümüzde akıllı telefonların sayısı yaşayan insan sayısının epey üzerine çıkmıştır. Bu durum her ne k,50000,başarısız
ideanest,bağış,teknoloji,hepsi kalsın,Yapay Zeka Çalışmaları,Arda Mavi,erkek,0,0,1,0,ankara,iç anadolu,2018,,,60,var,152,0,0,0,0,37,0,1,yok,var,1,500,0,870,"Başarılarında sizin de payınız olsun, Arda desteğinizi bekliyor!",18000,başarılı
fongogo,ödül,film-video-fotoğraf,ya hep ya hiç,FATİH OLAMAYAN ADAM (Kısa Film),Plasenta Film,belirsiz,0,0,1,0,istanbul,marmara,2018,08.10.2018,7.12.2018,60,var,163,4,0,0,0,3,7,3,yok,yok,0,0,2,401,"Herkes olabileni anlattı, şimdi sıra ""OLAMAYAN"" ın hikayesinde...""",20000,başarısız
fongogo,ödül,teknoloji,ya hep ya hiç,Unifiverr.com,Suat Özkan,erkek,0,0,1,0,izmir,ege,2015,13.05.2015,12.07.2015,60,var,78,4,0,0,0,0,5,2,var,var,1,86,0,370,Üniversite öğrencilerinin yetenekleriyle para kazanmasına olanak sağlayan platform.,15000,başarısız
fongogo,ödül,kültür-sanat,ya hep ya hiç,Küçük Diktatör,Ayhan Ünlü,erkek,1,0,1,0,balıkesir,marmara,2020,13.10.2020,12.12.2020,60,var,48,15,1,0,0,10,6,1,var,var,3,288,3,302,"Sadece müzik  ve animasyon ile cennet gibi bir ülkenin adım adım cehenneme dönüşünün hikayesi. Müzik : Tartini’nin Devil’s Trill adlı violin sonatı) (16,5 dk.)",12000,başarılı
fonbulucu,ödül,kültür-sanat,ya hep ya hiç,Multi B - HW7 Yeni Nesil Perküsyon Makinesi,Berkay Akçay,erkek,0,0,1,0,ankara,iç anadolu,2020,,,60,var,44,7,0,0,0,0,7,1,var,var,1,952,0,190,Klasik Müzik ve Modern Müzik Orkestraları İçin Yeni Nesil Perküsyon Makinesidir.,100000,başarısız
buluşum,ödül,sosyal sorumluluk,ya hep ya hiç,Yuvarla,Emre Danacı,erkek,0,0,1,0,belirsiz,belirsiz,2017,,,60,yok,0,1,0,0,0,54,1,1,yok,yok,0,0,0,131,"Küsüratlarınızı Yuvarlayın, hem STK’ lar hem toplum kazansın!",50000,başarılı
fongogo,ödül,eğitim,ya hep ya hiç,BECKETT’İN QUAD’I İLE EUROMATH’A GİDİYORUZ!,ozan evkaya,erkek,5,0,1,0,antalya,akdeniz,2018,13.02.2018,5.03.2018,20,var,60,4,0,0,0,36,5,2,yok,yok,0,0,4,514,Tiyatro'da Matematik: Quad ve Uzamı Tüketmek (Samuel Beckett'in Quad'ı ve Çizge Teorisi)” adlı çalışmamızla EuroMath & EuroScience 2018’de atölye vereceğiz.,4250,başarılı
fongogo,ödül,film-video-fotoğraf,ya hep ya hiç,En Uzun Gecenin Sabahı - Kısa Film,Gökhan Altuntaş,erkek,0,0,2,0,izmir,ege,2019,05.07.2019,3.09.2019,60,var,56,0,0,0,0,1,7,1,yok,yok,0,0,0,158,En son filmimi 2015 yılında çektim. Aradan 4 yıl gibi bir süre geçti. Bu süre boyunca çok hikaye birikti. Şimdi yeni filmimi çekmek için hazırım.,15000,başarısız
fonbulucu,ödül,teknoloji,ya hep ya hiç,Twitch Yayıncılığım İçin!,Alper Yalçın,erkek,0,0,1,0,bolu,karadeniz,2018,,,60,var,115,2,0,0,0,0,4,1,yok,yok,0,0,0,95,Sizlere daha iyi bir hizmet verebilmek için çalışıyorum.,3000,başarısız
fongogo,ödül,eğitim,ya hep ya hiç,DİSLEKSİ ve Yazı Bozukluğu için Destek Eğitim Materyali: Akıllı Kutucuk Defter,Yeliz Ersin Aksoy,kadın,0,0,1,0,istanbul,marmara,2017,13.11.2017,28.12.2017,45,yok,0,6,0,0,0,1,6,1,yok,var,2,828,5,214,"Bir öğretmen girişimi olan Akıllı Kutucuk Defter Projesi'nin yaygınlaşması ve farklı gelişen çocuklarla ilgili farkındalığın artması amaçlanmaktadır.""",10000,başarısız
fongogo,ödül,film-video-fotoğraf,ya hep ya hiç,ZİYAFET - KISA FİLM,Fırat Özeler,erkek,1,0,1,0,istanbul,marmara,2017,26.09.2017,5.11.2017,40,yok,0,0,0,0,0,2,8,1,yok,yok,0,0,0,0,..,6500,başarısız
fonbulucu,ödül,çevre,ya hep ya hiç,DirektBazaarr,Kudret Yıldırım,erkek,0,0,1,0,genel,genel,2020,,,60,yok,0,1,0,0,0,1,4,1,yok,var,1,46,0,494,"Organik üreticiler ve tüketicileri aracısız olarak bir araya getiren,bu sayede daha uygun ve daha güvenli bir organik ürün ticaret sistemi sağlayan,hem tüketicisine hem üreticisine eğitim veren bir E-Pazaryeri",10000,başarısız
fongogo,ödül,film-video-fotoğraf,ya hep ya hiç,Dünya Tutuluyor,Ömer Deniz,erkek,0,0,1,0,istanbul,marmara,2018,26.03.2018,20.04.2018,25,var,120,5,0,0,0,32,7,1,yok,var,2,108,4,534,"Kendine dönüşemeyen bir karakter, hayata geçmeyi bekleyen bir kısa film.",7500,başarılı
fongogo,ödül,film-video-fotoğraf,ya hep ya hiç,Melek Nöbeti,Atakan Şatıroğlu,erkek,0,0,1,0,izmir,ege,2018,08.02.2018,9.04.2018,60,yok,0,6,0,0,0,4,8,2,var,var,1,3121,0,1052,"Filmimiz, Ege'nin ücra bir köyünde yaşayan bir grup çocuğun, arkadaşlarının ölümüne engel olmak için Azrail nöbeti tutmalarının naif hikayesini konu almaktadır.",40000,başarısız
crowdfon,ödül,çevre,ya hep ya hiç,Ulaşılabilir Organik Tarım Ürünleri,Gonca Ca,kadın,0,0,1,0,belirsiz,belirsiz,2015,,,60,yok,0,1,0,0,0,4,4,1,yok,yok,0,0,0,115,"Ekolojik tarım ile gıda ürünlerini lüks kategorisinden çıkarıp herkesin ulaşabileceği, uygun fiyatlı, GDO'suz",10000,başarısız
fongogo,ödül,film-video-fotoğraf,ya hep ya hiç,ATATÜRK - Bir Ulusun Kurtarıcısı - Animasyon Film,Mehmet Şenocak,erkek,0,0,1,0,istanbul,marmara,2018,06.11.2018,23.12.2018,47,var,60,2,0,0,0,289,9,1,var,var,3,3651,5,437,"Ülkemizin kurucusu Gazi Mustafa Kemal Atatürk'ün vefatının 80. yıl dönümünde Türkiye'de ve dünyada ilk defa yapılan animasyon çizgi film armağan etmek istiyoruz""""""""""",85000,başarılı
fongogo,ödül,film-video-fotoğraf,ya hep ya hiç,"""Meçhul"" Kısa Film Projesi",Sami Morhayim,erkek,2,0,1,0,istanbul,marmara,2016,07.10.2016,9.11.2016,33,var,19,4,0,0,0,21,9,7,var,var,1,219,5,398,"""Çok düşünme bunları. Balık işte, özgürlüğünü teslim eder elbet.""",5000,başarılı
fongogo,ödül,film-video-fotoğraf,ya hep ya hiç,BARET,Mustafa Gökpınar,erkek,5,0,1,0,istanbul,marmara,2016,01.07.2016,31.07.2016,30,var,180,15,0,1,0,20,6,2,var,var,4,2073,5,708,bir işçi kısa filmi / a worker short film,4000,başarılı
fonbulucu,ödül,teknoloji,ya hep ya hiç,WGOO Coin,Emrah Yaşar,erkek,0,0,3,0,genel,genel,2020,,,60,yok,0,1,0,0,0,0,5,1,yok,yok,0,0,0,1228,"Herhangi bir varlığın ""Tokenize"" edilip, dijital ortama aktarılıp kullanılması.",50000,başarısız
arıkovanı,ödül,teknoloji,ya hep ya hiç,Osmanlı İmparatorluğu: Muhteşem Binyıl,Şafak Yalçınkaya,erkek,0,0,1,0,belirsiz,belirsiz,2018,,,60,var,195,15,0,17,67,142,8,5,yok,yok,0,0,0,1057,"Zamanda yolculuk, vampir, kurt adam temalı fantastik hikayeler içeren fps türündeki hikaye tabanlı bilgisayar oyunlarından hoşlanıyorsan doğru yerdesin",140000,başarılı
fonbulucu,ödül,tasarım,ya hep ya hiç,Hayallerinizi Takı-n!,Buse Saad El Abyad,kadın,0,0,1,0,istanbul,marmara,2020,,,60,yok,0,14,0,0,0,1,6,1,yok,var,1,264,0,337,Soyut hayallerinizi gelin Somuta çevirelim,26000,başarısız
fongogo,ödül,diğer,ya hep ya hiç,"Topraktan Sofranıza ""Nil Işığı""",Selma Demirelli,kadın,0,0,1,0,düzce,karadeniz,2015,06.03.2015,5.05.2015,60,var,271,13,0,1,0,11,6,1,var,var,1,720,0,300,"Nilüfer Kadın Kooperatifi-Nil Işığı markasının ambalaj tasarımı, üretimi ve çardak yapımı",11000,başarısız
arıkovanı,ödül,teknoloji,ya hep ya hiç,Greenbox: Mobil Kontrol Masaüstü Serası,Önay Akpınar,erkek,0,0,1,0,belirsiz,belirsiz,2017,,,60,var,60,11,0,0,21,6,7,4,yok,yok,0,0,0,322,"Greenbox, profesyonel dokunuşlarla kendi kapalı ortamının iklimini seçtiğiniz bitkiye özel optimum seviyede tutarak her daim organik ve taze bitkileri yetiştirmenize olanak sağlar",150000,başarısız
fongogo,ödül,film-video-fotoğraf,ya hep ya hiç,Körleşme (Going Blind) Film,Hacı Orman,erkek,2,0,1,0,istanbul,marmara,2019,14.02.2019,26.03.2019,40,var,130,11,0,1,0,39,8,2,var,var,4,129,0,932,"Üç yaşında kör olmuş bir insan, tam kırk yıl sonra görmeye başlarsa ne olur? (What happens if a man who was blinded at 3 starts to see 40 years later? )""""""",12000,başarılı
fongogo,ödül,teknoloji,ya hep ya hiç,Mobil Oyun Projemizi Yapmak  İçin Sizlere İhtiyacımız Var,Savaş Kekeç,erkek,0,0,1,0,istanbul,marmara,2019,10.06.2019,9.08.2019,60,var,67,3,0,0,0,0,4,1,yok,yok,0,0,5,250,Kendi oyunumuzu geliştirerek Türkiyenin de bu sektörde ilermesini hedefliyoruz.Zor bir süreç ve yolun başındayız.Fikirlerimizle başaracagımıza inanıyoruz.,5600,başarısız
fongogo,ödül,film-video-fotoğraf,ya hep ya hiç,Pizza Pizza Amerika,Erdem Arslan,erkek,0,0,1,1,belirsiz,belirsiz,2017,,11.05.2017,60,var,60,8,1,1,1,25,6,3,var,var,3,4563,4,413,"""Mete'nin yolculuğunu birlikte tamamlayalım!""",12500,başarılı
fongogo,ödül,film-video-fotoğraf,ya hep ya hiç,Ölümün Gözleri 2,Raşit Kaya,erkek,0,0,1,0,istanbul,marmara,2018,31.07.2018,29.09.2018,60,var,104,20,0,0,0,9,9,4,yok,var,3,78,5,475,Üniversitede öğrenciyken o amatör ruhla çekmiş olduğum ilk Ölümün Gözleri filmine daha profesyonel ve geniş yelpazeden bakan bir devam filmi.,10000,başarısız
fongogo,ödül,film-video-fotoğraf,ya hep ya hiç,"""Renklerin Düşüşü"" ve "" 7. gün"" Filmlerinin Uluslarası Festival Yolculuğu",Karis Deniz Kara,kadın,3,0,1,0,istanbul,marmara,2019,20.05.2019,15.09.2019,118,yok,0,11,0,0,0,7,9,2,var,var,4,105,0,592,"Altın Koza Festivalinde en iyi deneysel kısa film ödülünü alan ""Renklerin Düşüşü""nü ve yeni filmimiz ""7. Gün""ü uluslarası festivallere göndermeyi amaçlıyoruz.",8950,başarısız
fongogo,ödül,film-video-fotoğraf,ya hep ya hiç,People of Banana Island Belgeseli,Rızacan Muzaffer Kumas,erkek,0,0,1,0,istanbul,marmara,2020,02.12.2020,16.01.2021,45,var,92,0,1,1,0,5,9,1,var,var,1,13200,0,229,Toplumsal kurallardan kacarak hayatlarini ozgurce sehrin tam ortasinda yasayan insanlarin hikayesi. Neden oradalar? Ne istiyorlar?,30000,başarısız
fongogo,ödül,teknoloji,ya hep ya hiç,Yakında çıkacak olan Online Battle Royale tarzı hayatta kalma Oyunu FLAYER,Emre Sev,erkek,0,0,1,0,adıyaman,güneydoğu,2019,31.10.2019,15.12.2019,45,var,31,7,0,0,0,0,6,2,yok,var,4,16,5,234,Bu proje yapım aşamasında olan  Online Battle Royale tarzı hayatta kalma Oyunu FLAYER adlı projedir.Oyun sektörüne devrim yaratacak yeniliklerle çıkacaktır.,10000,başarısız
fongogo,ödül,film-video-fotoğraf,ya hep ya hiç,Merhaba Canım,Ulaş Tosun,erkek,0,0,1,0,istanbul,marmara,2020,06.01.2020,6.03.2020,60,var,181,2,0,0,0,107,8,1,var,var,3,654,0,441,"“Merhaba Canım”, adlı bağımsız belgesel 1973 yılında, 25 yaşında hayatını kaybeden şair Arkadaş Z. Özger’in ötekilik ile temas eden hayatını anlatır.",25000,başarılı
fongogo,ödül,sağlık-güzellik,ya hep ya hiç,canberkiledmdsavascisiol,Canberk Sağnak,erkek,0,0,6,0,ankara,iç anadolu,2019,08.10.2019,3.12.2019,56,var,60,2,0,5,0,313,6,3,yok,var,3,3600,0,1011,"ilerleyen dmd kas erimesi hastalığım nedeniyle özel donanımlı sandalyeye kavuşup , hastalığa karşı savaşıma daha güçlü devam edebilmek",60000,başarılı
fonbulucu,ödül,diğer,ya hep ya hiç,Vitrin Mobil Uygulama,Serhat Şentürk,erkek,0,0,1,0,istanbul,marmara,2019,,,60,yok,0,1,0,0,0,0,4,2,yok,yok,0,0,0,131,Her kesime hitap edecek ve sürekliliği olacak bir fikir alma uygulaması,30000,başarısız
fongogo,ödül,kültür-sanat,ya hep ya hiç,Türk Halk Oyunları'nı Avrupa'da Yaşatmamıza Destek Olun!,Aylin Salman,kadın,0,0,1,0,ankara,iç anadolu,2019,21.01.2019,22.03.2019,60,var,518,9,0,1,0,19,6,2,yok,var,1,476,5,122,2019 Uluslararası Prag ve Lyon Festivali'nde ülkemi başarıyla temsil edebilmem için oluşan giderlerimin karşılanabilmesi.,2000,başarılı
fongogo,ödül,sağlık-güzellik,ya hep ya hiç,Engelsiz Ulaşım,Çağlar  özyiğit,erkek,0,0,1,0,istanbul,marmara,2020,18.03.2020,31.05.2020,74,var,98,5,0,1,0,2,6,1,yok,yok,0,0,0,390,"Ben Çağlar Özyiğit, ağır ve ölümcül bir hastalık olan DMD kas hastasıyım. Bu projeyle DMD hastalarında farkındalık oluşturmak istiyorum ve soğuktan etkilenmemek için asansörlü özel minibüse ihtiyacım var.",100000,başarısız
fongogo,ödül,kültür-sanat,ya hep ya hiç,Hayalimizdeki Tiyatroya Bir Işık Da Sen Tut,Gürkan Cevizci,erkek,0,0,1,0,istanbul,marmara,2018,05.03.2018,4.04.2018,30,yok,0,1,0,0,0,5,4,8,yok,var,3,90,5,270,"Her geçen gün daha da kalabalıklaşan ailemize; önceliği maddiyat olmayan, herkesle paylaşabileceğimiz bir eğitim alanı ve sahne kurmayı amaçlıyoruz.",15000,başarısız
arıkovanı,ödül,teknoloji,ya hep ya hiç,Psybot -Cebinizdeki Terapist,Hasan Alp Karaosmanoğlu,erkek,0,0,1,0,belirsiz,belirsiz,2017,,,60,var,106,4,0,1,8,24,5,1,yok,yok,0,0,0,527,"Psybot, psikoterapi tekniklerini chat ortamında kullanıcının o anki sıkıntılı durumunu çözmek için yapay zeka aracılığı ile kullanan bir bot uygulamasıdır",72000,başarısız
fongogo,ödül,film-video-fotoğraf,ya hep ya hiç,Bir Dakika Sonra,deniz kuyumcu,erkek,0,0,1,0,izmir,ege,2020,16.11.2020,15.01.2021,60,var,166,2,0,0,0,0,7,2,yok,var,1,9309,3,574,"Kötü bir şey yaşanacağında bir dakika sonrasını görebilen ve kaderi değiştiren karakterimiz, aslında her değişim ile kendi kaderini yazmaktadır.",10000,başarısız
fongogo,ödül,eğitim,ya hep ya hiç,Bambu Gönüllü Eğitim Platformu,Akın Günaydın,erkek,1,0,1,0,düzce,karadeniz,2020,27.01.2020,15.03.2020,48,var,39,10,0,0,0,54,6,9,var,var,4,13700,5,196,Sosyoekonomik durumu elverişli olmayan öğrencilere e-learning sistemimiz üzerinde canlı ve birebir olarak online eğitim desteği sağlıyoruz.,3000,başarılı
fongogo,ödül,film-video-fotoğraf,ya hep ya hiç,Kilitli Satırlar,Toprak Umut Sevinç,erkek,0,0,2,0,eskişehir,iç anadolu,2019,26.03.2019,25.04.2019,30,var,71,1,0,1,0,5,3,5,yok,yok,0,0,5,178,"Amacımız iyi bir yapım kalitesiyle, psikolojik gerilim türündeki kısa filmimiz Kilitli Satırlar'la ulusal ve uluslararası yarışmalarda başarılar kazanmak.",1000,başarılı
fongogo,ödül,eğitim,ya hep ya hiç,Masallarla Yoga,Merve Taymen,kadın,0,0,1,1,belirsiz,belirsiz,2018,,19.04.2018,60,yok,0,0,0,0,0,0,4,1,yok,yok,0,0,0,63,Mühendislik kariyerini çocuklarla çalışmak için bırakan bir çocuk delisiyim.  2 senedir bunun için çalışıyorum. Çocuklar ve yoga için üretiyorum!,10000,başarısız
fonbulucu,ödül,tasarım,ya hep ya hiç,Virgül Dergisi,Burak Doğanbaş,erkek,0,0,1,0,istanbul,marmara,2020,,,60,yok,0,3,0,0,0,1,4,1,yok,var,1,325,0,113,"Türk gençliği tarafından, Türk gençliği için hazırlanmış bir dergi oluşturmak",8000,başarısız
fongogo,ödül,film-video-fotoğraf,ya hep ya hiç,YALIN,furkan etyemez,erkek,0,0,1,0,istanbul,marmara,2019,14.11.2019,8.12.2019,24,yok,0,0,0,1,0,0,9,1,yok,yok,0,0,0,268,Sosyal medya bağımlıları çağrı merkezi çalışanlarının insanlığa umut olma yönündeki çalışmaları özetli kısa film projesi.,10000,başarısız
fongogo,ödül,film-video-fotoğraf,ya hep ya hiç,Haiz,Yusuf Esencan,erkek,0,0,1,0,istanbul,marmara,2019,26.11.2019,15.01.2020,50,var,34,5,0,0,0,8,5,1,yok,yok,0,0,0,176,"Haiz, bir insanın farklı karakterlere sahip olduğunu ve bunu zaman, mekan kısıtlaması olmadan kendi iç savaşına çevirdiğini seyirciye göstermeyi amaçlar.",7000,başarılı
crowdfon,ödül,tasarım,ya hep ya hiç,Endüstriyel Tasarım Yarışması İçin Ekipman Tedariki,Gökhun Keskin,erkek,0,0,1,0,belirsiz,belirsiz,2014,,,60,yok,0,1,0,0,0,4,4,1,yok,yok,0,0,0,115,"Sadece davet edilen kişilerin katılabildiği, yat sektörüne yönelik karbon fiber ürün tasarımı yarışması, sa",6000,başarısız
fongogo,ödül,kültür-sanat,hepsi kalsın,"19 Mayıs ""Göç ve Kadın"" Temalı Resim Yarışması Ödül Töreni",İçel Soroptimist Kulübü,belirsiz,0,0,1,0,mersin,akdeniz,2019,25.04.2019,29.06.2019,65,var,42,2,0,0,0,0,3,1,yok,var,1,289,0,87,Mersin Üniversitesi Güzel Sanatlar Fakültesi öğrencileri için düzenlenen resim yarışması ödülleri için talep edilmektedir.,10000,başarısız
crowdfon,ödül,teknoloji,ya hep ya hiç,Help Me | Acil Durum Bilekliği,Cem Metin,erkek,0,0,1,0,belirsiz,belirsiz,2019,,,60,yok,0,1,0,0,0,0,4,1,yok,yok,0,0,0,115,Projemiz taciz tecavüz olaylarının arttığı çocuk kaçırmalarının olduğu anlamsızca ortadan bir anda kaybolan,50000,başarısız
fongogo,ödül,film-video-fotoğraf,ya hep ya hiç,KHK: Kanun Hükmünde Kahkaha,Sertaç Yıldız,erkek,0,0,2,0,mersin,akdeniz,2018,21.12.2018,11.02.2019,52,var,60,0,0,0,0,22,8,3,yok,var,2,918,0,1637,"KHK ile ihraç edilen akademisyen Ulaş Bayraktar'ın hikayesini anlatan belgesel. Mücadelesinden ve kahkahasından vazgeçmeyenlerin filmi.""",20000,başarılı
fongogo,ödül,film-video-fotoğraf,ya hep ya hiç,Çamurdan Gölgeler,Halil Can Akbulut,erkek,0,0,1,0,istanbul,marmara,2020,23.10.2020,22.12.2020,60,var,91,8,0,0,0,16,7,2,yok,var,1,106,5,453,Babasını tanıma yolculuğundaki bir yönetmenin ilk uzun metrajlı filmi.,20000,başarısız
fongogo,ödül,müzik,ya hep ya hiç,1.Aşama: Ev Stüdyom İçin MIDI Kontrol Cihazı,Emin Yorgun,erkek,0,0,1,1,belirsiz,belirsiz,2019,,14.10.2019,60,yok,0,0,0,0,0,0,4,1,yok,yok,0,0,0,63,Müzik konusundaki bilgimi ve hayal gücümü kullanabilmem için giriş seviyesi bir ev stüdyosuna ihtiyacım var ve ilk aşama bir MIDI kontrol cihazı.,2153,başarısız
fongogo,ödül,çevre,ya hep ya hiç,Geleceğe Miras - Ormanlar Yok Olmasın ( Paletli İtfaiye Aracı ),Emre BAŞ,erkek,4,0,1,0,bursa,marmara,2020,17.01.2020,17.03.2020,60,var,112,5,0,0,0,7,9,1,yok,var,1,443,5,464,"Orman yangınlarında daha etkili müdahale edebilecek, her türlü arazi koşuluna uygun, zırhlı ve paletli itfaiye aracı ile artık ormanlarımız yok olmayacak..",50000,başarısız
fongogo,ödül,film-video-fotoğraf,ya hep ya hiç,GENÇLİK TİYATROSU BELGESELİ,Nurgül Bayram,kadın,1,0,1,0,eskişehir,iç anadolu,2020,11.03.2020,28.04.2020,48,var,168,22,0,0,0,27,7,3,yok,var,2,858,0,1050,Türk tiyatrosunda önemli bir değişimin ilk alevini yakan çağdaş gençliğin hikayesini gelecek kuşaklara aktarıyoruz...,20000,başarılı
fongogo,ödül,kültür-sanat,hepsi kalsın,Karaca Sineması Destek Kampanyası,Serdar Arslan,erkek,0,0,1,0,izmir,ege,2020,09.06.2020,16.06.2020,7,var,60,1,0,1,0,62,3,1,var,var,2,9357,0,51,Salgın sonrası dönemde Karaca Sineması desteklerinizi bekliyor.,200000,başarısız
fonbulucu,ödül,eğitim,ya hep ya hiç,ÇÖZEN KARINCA,Cansu Akça,kadın,0,0,1,0,aydın,ege,2018,,,60,var,102,1,0,0,1,2,4,1,yok,yok,0,0,0,111,Sınavlara hazırlanırken kaynak kitaplara çok ihtiyaç olduğunu biliyorum ve ihtiyacı olan herkesin kaynak kitaplara ulaşmasını sağlamak için çalışıyorum.,5000,başarısız
fonbulucu,ödül,kültür-sanat,ya hep ya hiç,Salbatanu Albüm Çalışması,İstemihan Ergezer,kadın,0,0,1,0,adana,akdeniz,2018,,,60,var,310,2,0,0,1,1,4,1,yok,var,1,237,0,135,Bu toprakların makamsal müziği ile metal müziği harmanlamak,3000,başarısız
fonbulucu,ödül,teknoloji,ya hep ya hiç,BLOCKCHAIN | gelecek sizinle,Emrah Yaşar,erkek,0,0,3,0,genel,genel,2019,,,60,yok,0,1,0,0,0,0,4,1,yok,yok,0,0,0,570,Gençleri Geleceğe Hazırlamak,25000,başarısız
fonbulucu,ödül,çevre,ya hep ya hiç,Yeni Nesil Elektrik Transformatör,Okan Aydın,erkek,0,0,1,0,istanbul,marmara,2018,,,60,yok,0,1,0,0,13,1,7,1,yok,var,1,15,0,487,"Electric transformer; yeni bir teknik olan elektrik alan akı indüksiyonu prensibiyle çalışan, bünyesinde çelik nüve ve sargı içermeyen, bu sayede boyutları çok daha küçük, çok daha hafif, üretilmesi kolay ve maliyetleri daha düşüktür.",40000,başarısız
fongogo,ödül,spor,ya hep ya hiç,Arkamızdan esen rüzgar olmak ister misiniz?,Soner Sarıhan,erkek,0,0,1,0,bursa,marmara,2019,10.07.2019,9.08.2019,30,var,60,8,0,0,0,210,9,1,var,var,3,37628,4,451,"İlk kez bir Türk aile, kanolarıyla Çek Cumhuriyeti'nden başlayarak, Almanya boyunca Elbe Nehri üzerinde kürek çekerek doğayı, tarihi yüzlerce km takip edecek.",27000,başarılı
ideanest,bağış,sağlık-güzellik,hepsi kalsın,Kanseri beraber yenelim,İnci Kadribegiç,kadın,1,0,1,0,istanbul,marmara,2018,,,60,var,148,0,0,0,1,40,0,1,yok,yok,0,0,0,421,Hayallerinin Peşinden Giden Bir Bilim Kadını,21100,başarılı
fongogo,ödül,film-video-fotoğraf,ya hep ya hiç,Zamanımızın Bir Kahramanı,Miraç Atabey,erkek,0,0,1,0,rize,karadeniz,2020,21.07.2020,19.09.2020,60,var,65,1,0,0,0,14,3,1,var,var,2,735,0,180,Zamanımızın Bir Kahramanı adlı uzun metraj sinema filmi projesi.,5000,başarılı
crowdfon,ödül,çevre,ya hep ya hiç,Sülfür Hidbrit,Nevzat Batuş,erkek,0,0,1,0,belirsiz,belirsiz,2017,,,60,yok,0,1,0,0,0,5,4,1,yok,yok,0,0,0,115,Karadeniz içerdiği hidrojen sülfürden dolayı her geçen gün kirlenmekte. Eğer bu hidrojen sülfür kontrollü bir,10000,başarısız
crowdfon,ödül,teknoloji,ya hep ya hiç,Soğuk Hayat - Hayatta Kalma Oyunu,Tayfun Tuna,erkek,0,0,1,0,belirsiz,belirsiz,2013,,,60,yok,0,1,0,0,0,5,4,1,yok,yok,0,0,0,40,"Daha önce Soğuk Hayat isminde bir oyun yapmıştım ve bu oyun, buzul çağında sağ kalıp yaşam mücadelesi veren",200,başarısız
fongogo,ödül,kültür-sanat,ya hep ya hiç,"""İlginç Adamlar ve Kadınları""",Nazan Arısoy,kadın,0,0,1,0,istanbul,marmara,2015,24.12.2015,22.02.2016,60,yok,0,14,0,0,0,3,5,1,var,var,3,4251,0,380,Aynaya baktığında görmek istediklerinle yansıttıkların arasındaki fark bu kitapta...,10000,başarısız
fongogo,ödül,film-video-fotoğraf,ya hep ya hiç,ÇİZGİYİ GEÇME KISA FİLM,Yılmaz küçük,erkek,0,0,1,0,istanbul,marmara,2020,4.12.2020,2.02.2021,60,yok,0,2,3,1,0,0,7,1,yok,yok,0,0,5,396,Hikaye iki insanın farklı hayatlarını anlatmaktadır birinin maddi durumu yeterken diğerinin ise maddi durumu yetersiz olan 2 kişinin hayatının günlük yaşantısı,30000,başarısız
fongogo,ödül,eğitim,ya hep ya hiç,YAŞAMA DESTEK(yurtdışı eğitimi),Ramazan Karaoğlanoğlu,erkek,0,0,2,0,izmir,ege,2019,27.07.2019,26.08.2019,30,var,182,10,0,0,0,4,7,1,yok,var,2,6,5,310,"Almanya’nın en iyi okullarından biri olan HfM Saar üniversitesi, yüksek lisans eğitimine kabul edildim. Orada okuyabilmem için maddi desteğe ihtiyacım var...",35000,başarısız
fongogo,ödül,çevre,ya hep ya hiç,Yanan İmece Evi'ni tekrar inşa ediyoruz.,Mert Erkan Alemdar,erkek,0,0,1,4,muğla,ege,2016,15.12.2016,15.01.2017,31,var,95,12,0,14,0,111,9,3,var,var,1,7000,5,206,İmece Evi 10 Aralık akşamı çıkan yangında kül oldu. Ahali bebekleri ile beraber evsiz kaldılar. İmece Evi'ni tekrar yapmak için desteğiniz gerekiyor.,25000,başarılı
fongogo,ödül,film-video-fotoğraf,ya hep ya hiç,Gece Seansı Uzun Metraj Sinema Filmi,Hürdoğan Güvendiren,erkek,0,0,1,0,istanbul,marmara,2016,29.06.2016,29.07.2016,30,yok,0,5,0,0,0,2,9,1,yok,var,2,5055,5,326,"Bu oyun ""OYUN"" olmaktan çıktı!",26500,başarısız
fongogo,ödül,eğitim,ya hep ya hiç,Hayallerime ulaşmama yardım eder misiniz?,Barış Bayraktar,erkek,0,0,1,0,istanbul,marmara,2020,06.04.2020,5.06.2020,60,var,110,1,0,1,0,153,9,1,var,var,4,1150,0,594,"Merhaba ben Barış Bayraktar, ABD'deki Penn State üniversitesinden kabul almış bulunmaktayım. Bu benim hep hayalimdi, gerçekleşmesine yardım etmek ister misiniz?",271000,başarısız
fongogo,ödül,sağlık-güzellik,ya hep ya hiç,DMD hastası kardeşinizin güçsüzleşen kaslarıma güç olun,Canberk Sağnak,erkek,0,0,6,0,ankara,iç anadolu,2019,05.04.2019,16.04.2019,11,var,60,4,0,3,0,280,7,16,yok,var,2,3600,5,843,"DMD hastalığı ile olan savaşımda başarılı olmaya devam edebilmem ve hayata daha sıkı sarılabilmem için gerekli olan akülü sandalyenin ilk adımı""",45000,başarılı
fongogo,ödül,sağlık-güzellik,ya hep ya hiç,Olağanüstü Kan Konferansı,Onur Irmako,erkek,0,0,2,0,adana,akdeniz,2017,19.08.2017,23.09.2017,35,var,59,8,0,0,0,0,5,1,yok,yok,0,0,5,315,"Projemizin amacı, son zamanlarda azalan kan bağışını arttırmak için bilinçlendirme çalışmaları yapmaktır.",2150,başarısız
fongogo,ödül,eğitim,ya hep ya hiç,Eğitim ve Soru paylaşım platformu,Mesut Koçaker,erkek,0,0,1,0,elazığ,doğu,2019,07.02.2019,8.04.2019,60,yok,0,6,0,0,0,0,8,3,yok,yok,0,0,2,360,Genç kardeşlerim başta olmak üzere herhangi derste çözemedikleri soruları detaylı olarak anlatabilecek birini bulamıyorlar ve o soruyu geçiştiriyorlar.Buna son!,15000,başarısız
arıkovanı,ödül,teknoloji,ya hep ya hiç,Tolkido | Akıllı Oyun Arkadaşım,Can Yıldız,erkek,0,0,1,0,belirsiz,belirsiz,2017,,,60,var,156,7,0,1,6,120,3,1,yok,yok,0,0,0,423,"Tolkido, otizmli çocukların dil ve konuşma eğitimlerinde kullandıkları görsel eğitim kartlarını kişiselleştiren ve seslendirilebilir hale getiren bir sistemdir",100000,başarılı
fongogo,ödül,film-video-fotoğraf,ya hep ya hiç,""" 4:14 "" Kısa Film",Onur Uzun,erkek,1,0,1,0,istanbul,marmara,2018,06.09.2018,8.10.2018,32,var,29,0,0,0,0,68,8,4,yok,var,2,162,4,425,"Zaman, mekan ve paralel evren paradoksu üzerine bir kısa film.",13650,başarılı
crowdfon,ödül,teknoloji,ya hep ya hiç,Kafanerde.net Ve Kafanerde Tv Büyümek İstiyor,Ayhan Akbayrak,erkek,0,0,1,0,belirsiz,belirsiz,2020,,,60,var,37,1,0,0,0,1,3,1,yok,yok,0,0,0,118,"Türkiye'nin yeni başarılara imza atmasını planladığım, sosyal medya içerik sitesi ve YouTube TV projesi kafaner",7000,başarısız
fongogo,ödül,gıda-yeme-içme,ya hep ya hiç,Marmados cafe bistro,Murat NARMAN,erkek,0,0,1,0,istanbul,marmara,2019,31.01.2019,17.03.2019,45,yok,0,3,0,0,0,1,7,1,var,var,3,3,5,169,"Yemek sektörün de  ilk adım. Her kez girme yapamazsın diyen kişilere inat 
destek ve yardım olmadan tek başıma çabalama mücadelesi.",150000,başarısız
fongogo,ödül,eğitim,ya hep ya hiç,Talkius Yabancı Dil Eğitimi,Hakan Dikbakan,erkek,0,0,1,0,adana,akdeniz,2019,02.12.2019,31.01.2020,60,var,59,2,0,0,0,0,8,2,var,var,4,734,5,1150,Talkius Öğrencilerin fiziken başka bir ülkede bulunmadan o ülkenin dilini konuşan insanlarla pratik yapabildiği ve eğitim alabildiği bir platform.,10000,başarısız
fongogo,ödül,film-video-fotoğraf,ya hep ya hiç,Paşa'nın Rüyası Kısa Film,Ediz  Kentkuran,erkek,0,0,1,1,belirsiz,belirsiz,2021,,10.01.2021,60,yok,0,2,0,0,0,2,5,1,yok,yok,0,0,0,120,Atatürk Nutuk Konuşmasının son gününe çıkmadan önce bir rüya görür ve rüyasında 100 yıl sonrasına gelir. Geri döndüğünde ise hepimiz için bir mesajı vardır.,75000,başarısız
fongogo,ödül,eğitim,ya hep ya hiç,Akademik Çalışmalar İçin Derslik,Metin Öz,erkek,0,0,1,0,samsun,karadeniz,2018,13.08.2018,12.09.2018,30,var,60,3,0,0,0,0,4,1,var,var,4,843,3,353,1 yıl önce kurulan akademikkaynak.com üzerinden akademik yayında bulunan yazar ekibiyiz. Samsun merkezinde kurmuş olduğumuz derneğe derslik yapmak istiyoruz.,2000,başarısız
fonbulucu,ödül,teknoloji,ya hep ya hiç,Kriptobi,Muhammed Yakup Ay,erkek,1,0,1,0,trabzon,karadeniz,2019,,,60,yok,0,8,0,0,7,12,8,2,var,var,1,9076,0,554,Hız kesmeden tüm dünyada yaygınlaşan kripto için kripto eğitim platformu.,24000,başarısız
fonbulucu,ödül,çevre,ya hep ya hiç,Gifiji,Osman Demir,erkek,0,0,1,0,istanbul,marmara,2019,,,60,var,28,11,0,0,3,6,6,1,var,var,3,1001,0,587,Konum bazlı kullanıcılara işletmelerde indirimleri özel fırsatları sunan bir sosyal medya projesi.,30000,başarılı
fongogo,ödül,film-video-fotoğraf,ya hep ya hiç,BANKET,Cem ÜNSAL,erkek,0,0,1,0,istanbul,marmara,2018,23.03.2018,27.04.2018,35,var,113,1,0,1,0,42,9,9,yok,var,2,133,0,405,Klasik yol filminden ziyade bir yola çıkışın filmi.,10000,başarılı
fongogo,ödül,kültür-sanat,ya hep ya hiç,Boğaziçi Caz Korosu Europa Cantat 2015'te Türkiye'yi Temsil Edecek,Boğaziçi Caz Korosu,belirsiz,0,0,1,0,istanbul,marmara,2015,28.04.2015,27.06.2015,60,var,252,19,0,0,0,135,11,3,var,var,3,259000,0,1226,'Dünya Şampiyonu' koromuz Boğaziçi Caz Korosu'nun Europa Cantat 2015 festivalinde ülkemizi bir kez daha gururla temsil edebilmesi için desteğinize ihtiyacı var!,60000,başarısız
fongogo,ödül,eğitim,ya hep ya hiç,Reach The Game,Öykü Duran,kadın,0,0,1,0,istanbul,marmara,2018,23.10.2018,13.11.2018,21,var,52,2,0,0,0,23,5,1,yok,var,1,167,0,266,"Bu proje; çocukların oyunu kullanarak kendi haklarını öğrenmeleri ve bunu içselleştirerek tüm hayatlarında kullanmalarını sağlamak amacıyla hazırlanmıştır""",7500,başarılı
fongogo,ödül,çevre,ya hep ya hiç,Dostları Besliyoruz Kampanyası,Hakan Ertan,erkek,0,0,1,0,istanbul,marmara,2019,18.07.2019,27.08.2019,40,var,213,2,0,0,0,52,6,1,var,yok,0,0,5,269,"Sanatçıların öncülük ettiği, ilgimize ve yardımımıza muhtaç sokak hayvanlarının gıda, su ve ilaç ihtiyaçlarını karşılama kampanyası.""",3750,başarılı
arıkovanı,ödül,teknoloji,ya hep ya hiç,Drivee SafeCall: Hayat kurtarır,Nihat Emir Çavuş,erkek,0,0,1,0,belirsiz,belirsiz,2018,,,60,var,138,13,0,0,5,61,5,1,yok,yok,0,0,0,368,"Drivee SafeCall, trafik kazasında zaman kazandırarak hayata tutunmanızı sağlar",130000,başarılı
crowdfon,ödül,film-video-fotoğraf,ya hep ya hiç,Çiçekçi (kısa Film),Aykut Topçu,erkek,0,0,1,0,belirsiz,belirsiz,2015,,,60,yok,0,1,0,0,0,6,4,1,yok,yok,0,0,0,115,"BEN KİMİM ?   Öncelikle beni, sinema işine merak sarmış ve hayali bu işi yapmak olan, bu işte yürümek için si",5000,başarısız
fongogo,ödül,diğer,ya hep ya hiç,"""Maide"" birleşik mutfaklar, güçlü kadınlar",Shirley Kaston,kadın,0,0,1,0,istanbul,marmara,2018,14.11.2018,15.01.2019,62,var,215,6,0,2,0,23,9,4,var,var,3,279,4,1234,"Yerinden edilmiş bireylerin mutfak eğitimi alarak kendi ekonomik değerlerini yaratabilmeleri için hijyen koşulları sağlanan, kanunlara uygun bir çatı oluşturmak",40000,başarısız
fongogo,ödül,film-video-fotoğraf,ya hep ya hiç,Aralık,Uğur Ayverdi,erkek,2,0,1,0,istanbul,marmara,2016,10.02.2016,10.04.2016,60,yok,0,1,0,3,0,48,4,1,yok,yok,0,0,0,236,"On dakikanın altında olarak hesaplanan kısa filmimiz, iki sekans ile kötülüğün sürekliliği üzerine vurgu yapmayı hedefliyor.",6000,başarılı
fongogo,ödül,diğer,hepsi kalsın,Küçükbaş Hayvancılık Projesi,Sendegel Derneği,belirsiz,0,0,3,0,istanbul,marmara,2014,21.05.2014,19.08.2014,90,var,1589,4,0,0,0,4,4,4,var,var,3,16952,0,254,Hayvan yetiştiriciliği için Gambiya Köyü’nde sürdürülebilir beslenme sistemi ve kazançlı istihdamın geliştirilmesi projesi,4000,başarısız
fongogo,ödül,kültür-sanat,ya hep ya hiç,Somalı Fotoğrafçı Çocuklar Atölyesi,Didem Mahsunlar,kadın,5,0,1,0,manisa,ege,2014,29.05.2014,8.07.2014,40,var,147,11,0,6,0,112,9,3,yok,yok,0,0,0,589,"Somalı çocuklarla buluşmaya; beraberce görmeye, anlamaya, anlatmaya gidiyoruz. Çocuklarla fotoğraf atölyemiz destekleriniz sayesinde hayat bulacak!",15000,başarısız
fonbulucu,ödül,diğer,ya hep ya hiç,SESTEN YAZIYA,Sadık Erkan Baydar,erkek,0,0,1,0,antalya,akdeniz,2018,,,60,yok,0,1,0,0,0,0,5,1,yok,var,1,341,0,184,"Sen konuş, biz yazıyoruz.",20000,başarısız
fonbulucu,ödül,teknoloji,ya hep ya hiç,CLEANBOT,Şebnem Demircan,kadın,0,0,1,0,genel,genel,2020,,,60,var,57,3,0,0,0,3,7,2,yok,var,1,62,0,482,Mikro ve makro plastiklerin deniz dibinden temizliği sağlanacak.,50000,başarısız
fongogo,ödül,teknoloji,ya hep ya hiç,HAYALLERİMİZ İÇİN FUSION ROBOTICS'E DESTEK OLUN,Sahranur Çalış,kadın,0,0,1,0,istanbul,marmara,2019,04.11.2019,16.12.2019,42,var,125,10,0,0,0,0,5,5,yok,var,2,74,5,667,Fusion Robotics olarak FRC Long Island'da yarışıp sizlerin destekleriyle ülkemizi temsil edeceğiz ve hayallerimize kavuşacağız.,10000,başarısız
crowdfon,ödül,müzik,ya hep ya hiç,Harika Şarkılar Çıkarmam İçin Desteğinizi Bekliyorum,Mehmet Yıldırım,erkek,0,0,1,0,belirsiz,belirsiz,2020,,,60,var,25,1,0,0,1,2,2,1,yok,yok,0,0,0,51,"Merhaba ben Mehmet,Çukurova Üniversitesi 3.sınıf öğrencisiyim.Her öğrenci gibi benimde maddi bütçem çok kıs?",8000,başarısız
fongogo,ödül,eğitim,ya hep ya hiç,YOUTUBE EĞİTİM KANALIM İÇİN PROFESYONEL ÇALIŞMA ORTAMI VE EKİPMANLAR,Hasan ÖZPOLAT,erkek,0,0,1,0,antep,güneydoğu,2019,25.02.2019,26.04.2019,60,yok,0,2,0,0,0,0,7,1,yok,var,1,109,0,122,"Geçmişine takılmadan geleceğe yol lan, kendini en iyi şekilde geliştirmek isteyen. Yeni ufuklar açmak için profesyonel çalışmak isteyen bir genç!",12000,başarısız
fongogo,ödül,çevre,ya hep ya hiç,Bir Patinin Nesi Var İki Patinin Sesi Var,Efe Örencik,erkek,0,0,1,0,ankara,iç anadolu,2020,03.07.2020,1.09.2020,60,var,78,4,0,0,0,49,5,1,yok,yok,0,0,0,145,ODTÜ kampüsündeki hayvanlara yaptığınız yardımlar bu proje sayesinde ve Otsimo'nun katkılarıyla 2'ye katlanıyor.,5000,başarılı
fongogo,ödül,çevre,ya hep ya hiç,Gülümset!,Onur Eşelioğlu,erkek,0,0,1,0,izmir,ege,2014,08.05.2014,17.06.2014,40,var,99,4,0,0,0,2,3,1,yok,yok,0,0,0,259,"Bu bir farkındalık videosu projesidir. Evsiz kişilere verilecek hediyelerin yarattığı gülümsemeler filme alınacak, viral olarak internette yer alacaktır.",500,başarısız
crowdfon,ödül,diğer,ya hep ya hiç,Bisikletle Türkiye'den Kamboçya'ya,Nezih Öget,kadın,0,0,1,0,belirsiz,belirsiz,2018,,,60,yok,0,1,0,0,0,0,4,1,yok,yok,0,0,0,115,"Şimdilik 2 kişi, belki 3 kişi, 1 yıl içinde Türkiye'den yola çıkıp, bisikletle pedallayarak en kısa sürede Ka",50000,başarısız
fongogo,ödül,film-video-fotoğraf,ya hep ya hiç,Peygamberdevesi Kısa Film,Aykut Çekim,erkek,0,0,2,0,istanbul,marmara,2020,09.03.2020,13.04.2020,35,var,188,1,0,0,0,0,5,1,yok,var,1,77,5,172,"Köylülerin saldırısından dolayı,  yol kenarında cenaze yıkamak zorunda kalan imamın başından geçen olaylar.",4000,başarısız
fongogo,ödül,eğitim,ya hep ya hiç,Kızım Funda'nın yurtdışı eğitimine destek,Müslüme Kargin,kadın,0,0,1,0,çanakkale,marmara,2016,30.12.2016,28.02.2017,60,yok,0,5,0,0,0,4,9,3,yok,yok,0,0,0,149,"Kızı Funda'nın Yurtdışı Yüksek lisans eğitim hayalini gerçekleştirmek isteyen Çiftçi annesi Müslüme , Ürettiği sağlıklı doğa dostu ürünleri size sunuyor.",10000,başarısız
crowdfon,ödül,tasarım,ya hep ya hiç,Ayakkabının Markası İsmin Olsun,Evren Sevimli,erkek,0,0,1,0,belirsiz,belirsiz,2013,,,60,yok,0,1,0,0,0,6,4,1,yok,yok,0,0,0,40,"İsminin ayakkabında marka olmasını isteyen biriysen, sana özel sana ait bir ürün istersen projemiz tam sana göre",4150,başarısız
crowdfon,ödül,film-video-fotoğraf,ya hep ya hiç,Zeta Photography,Hasan Uzun,erkek,0,0,1,0,belirsiz,belirsiz,2019,,,60,yok,0,1,0,0,0,0,4,1,yok,yok,0,0,0,115,"İyi günler :) Sanat ve ticari amaçlı stüdyo açmayı planlıyorum iki etaplı olucak birincisi hem ofisin, vesikal?",50000,başarısız
fongogo,ödül,eğitim,ya hep ya hiç,"POLITECNICO DI MILANO Master Programına Kabul Edildim ! 1 Euro 8,7  Oldu..",Inci Özmen,kadın,0,0,1,0,istanbul,marmara,2020,27.08.2020,26.10.2020,60,yok,0,2,0,1,0,2,7,1,yok,var,1,270,5,455,"Merhaba herkese!
Ben İnci. Bugün burada toplama sebebimiz ise (umarım toplanırız) benim Politecnico di Milano'da yüksek lisans eğitimim için katkıda bulunmak.",13500,başarısız
fongogo,ödül,eğitim,hepsi kalsın,Ezi Masal Evinin Ayakta Kalması İçin Desteğinize İhtiyacı Var,gizem başbuğa,kadın,4,0,2,0,antalya,akdeniz,2020,16.06.2020,15.08.2020,60,var,60,4,0,0,0,47,6,3,yok,var,1,231,3,222,"Pandemi sürecinden Ezi Masal Evi'de olumsuz etkilenmiştir. Gönüllü atölyelerini sürdürebilmek, çocuk atölyelerini devam ettirebilmesi için desteğe ihtiyacı var.",7000,başarılı
crowdfon,ödül,diğer,ya hep ya hiç,Özel Kutlama,Sınan Gök,erkek,0,0,1,0,belirsiz,belirsiz,2015,,,60,yok,0,1,0,0,0,0,4,1,yok,yok,0,0,0,115,"Doğum afişinden, nikah şekerine, kapı süsünden, foto kitaba el örmesi bebek patiğinden foto çerçevesine gibi k",50000,başarısız
fongogo,ödül,teknoloji,ya hep ya hiç,evdekampanya.com,Ibrahim Yıldırım,erkek,0,0,1,0,bursa,marmara,2015,19.01.2015,20.03.2015,60,yok,0,14,0,0,0,0,5,2,yok,yok,0,0,0,172,"Mobilya, dekorasyon, mobilya yan sanayi, küçük ev aletleri ve kısaca evle alakalı aklınıza gelebilecek bir çok ürünü bulabileceğiniz bir platform.",7750,başarısız
fongogo,ödül,diğer,ya hep ya hiç,Süpüür,Artun Akalın,erkek,0,0,1,0,antalya,akdeniz,2014,26.11.2014,25.01.2015,60,var,222,10,0,0,0,0,6,1,yok,yok,0,0,0,271,Yepyeni bir pazarlama websitesini hayata geçirmek için değerli katkılarınızı bekliyorum.,20000,başarısız
fongogo,ödül,müzik,ya hep ya hiç,Pupalive - İlk Albümü için Desteğinizi Bekliyor,umut yumurtacı,erkek,0,0,1,0,antalya,akdeniz,2020,08.09.2020,7.11.2020,60,var,270,1,1,2,0,33,7,1,var,var,2,3324,5,189,2011'den beri biriktirdiğimiz çalışmalarımızı düzenleyip kendi parçalarımızı yayınlamak istiyoruz. Ekipmanlarımızı alabilmek için desteğinizi bekliyoruz.,15000,başarılı
fongogo,ödül,çevre,ya hep ya hiç,Sürdürülebilir ve Sıfır Atık Festival,Ahmet Cem Aydin,erkek,0,0,1,0,istanbul,marmara,2019,02.08.2019,16.08.2019,14,var,128,1,0,0,0,19,6,1,var,var,1,35600,5,540,"Ülkemizde gerçekleştirilen festivallerin sürdürülebilir olmasına katkı sağlamam için Flow Festival’in gönüllü ekibinde tecrübe kazanmama yardımcı olur musun?""""",3000,başarılı
fongogo,ödül,kültür-sanat,hepsi kalsın,İSTİKLAL YOLU,Ünal Çeken,erkek,0,0,1,0,ankara,iç anadolu,2020,28.05.2020,27.06.2020,30,var,106,4,0,0,0,12,3,11,yok,var,3,1746,5,173,Tiyatromuzun kapanmaması için  pandemi döneminde desteğinize ihtiyacımız var.,50000,başarısız
fongogo,ödül,turizm,hepsi kalsın,BAŞARILI İŞLER YAPMAYA DEVAM EDEBİLMEMİZ İÇİN CANSUYU OL,Ahmet Şenol,erkek,0,0,1,0,antalya,akdeniz,2020,12.05.2020,11.07.2020,60,var,155,7,0,0,0,0,5,1,var,var,3,724,0,502,Turizm ve Eğitimde hizmet veren 3 kişilik aile şirketiyiz. Maalesef bu zor dönemde Devlet desteği alamadık. İndirim kuponu alarak bize destek verebilirsiniz.,90000,başarısız
crowdfon,ödül,müzik,ya hep ya hiç,Sualsiz,Enes Demir,erkek,0,0,1,0,belirsiz,belirsiz,2019,,,60,yok,0,1,0,0,0,0,4,1,yok,yok,0,0,0,115,Elimizde birçok beste çalışması ve hazır besteler vardır.Albüm çıkarmak istiyoruz ve fonlarınız sayesinde bu,50000,başarısız
fongogo,ödül,film-video-fotoğraf,ya hep ya hiç,Geleneksel Bitki Bilgeliği: Kapıdağ Yarımadası,Utkan Bugay,erkek,9,0,2,0,istanbul,marmara,2017,07.05.2017,6.06.2017,30,var,152,8,0,6,0,78,9,2,var,var,2,2487,4,516,Bitki ve insan ilişkisi üzerine bir belgesel.,8000,başarılı
crowdfon,ödül,diğer,ya hep ya hiç,Mobil Küvöz Cihazı,Göksu Hamarat,kadın,0,0,1,0,belirsiz,belirsiz,2019,,,60,yok,0,1,0,0,0,4,4,1,yok,yok,0,0,0,115,"Mobil küvöz cihazı.

Amaç:Savaş, terör, doğal afet vb. durumlarda ortaya çıkan olumsuz durumları minimize eder",16500,başarısız
fonbulucu,ödül,teknoloji,hepsi kalsın,Uniqgene,Yasemin Ük,kadın,2,0,1,0,istanbul,marmara,2019,,,60,var,161,5,0,0,0,38,9,3,var,var,3,358,0,809,"Uniqgene; spora yeni başlayacak bireyler, amatör ve profesyonel sporcular için, genetik testler aracılığıyla kişinin potansiyelini ortaya çıkarmak ve sporda başarı oranını arttırmak amacıyla kişiselleştirilmiş raporlar sunar.",15000,başarısız
fonbulucu,ödül,çevre,ya hep ya hiç,Yenilenebilir enerji ile çalışan 6 tekerli arazi aracı,Ömer Faruk Top,erkek,0,0,1,0,genel,genel,2020,,,60,yok,0,13,0,0,0,1,5,4,var,var,1,12,0,761,Genellikle tek kişinin kullandığı fosil yakıtlarla çalışacak araçlara marifetli bir alternatif,25000,başarısız
fongogo,ödül,film-video-fotoğraf,ya hep ya hiç,sevgi dediğin,fırat yavuz,erkek,0,0,1,1,belirsiz,belirsiz,2018,,16.01.2018,60,yok,0,3,0,0,0,14,5,1,yok,yok,0,0,0,120,"Sevgi Dediğin, Ortadoğu'daki yıkıcı savaşın etkilerinden yola çıkarak halklar arası empatiyi, kader birlikteliğini kısa ve dramatik bir dille anlatır.""""",17500,başarısız
fongogo,ödül,diğer,ya hep ya hiç,Mucizeler Köyü,Nida Çetinşahin,kadın,0,0,1,0,uşak,ege,2021,5.01.2021,6.03.2021,60,var,188,3,3,2,7,7,5,1,yok,yok,0,0,0,227,Felçli ve engelli hayvanların mucizesi olmak!,50000,başarısız
fongogo,ödül,çevre,ya hep ya hiç,Meraklı Merdane 23 Nisan Çocuk Şenliği,Elvan Başarı,kadın,0,0,1,0,denizli,ege,2014,06.03.2014,16.04.2014,41,var,30,6,0,0,0,12,6,2,var,var,2,2512,0,258,"Meraklı Merdane, Denizli Polis Amca Özel Eğitim Uygulama Merkezi'nde ki zihinsel engelli öğrencilere 23 Nisan'da ""Çocuk Şenliği"" düzenliyor.",600,başarılı
crowdfon,ödül,yayıncılık,ya hep ya hiç,Kamp: Uzak,Ahmet Fatih Yumak,erkek,0,0,1,0,belirsiz,belirsiz,2015,,,60,yok,0,1,0,0,0,0,4,1,yok,yok,0,0,0,115,"Merhabalar. 
Atatürk Üniversitesi Türk Dili ve Edebiyatı mezunuyum. Üniversite yıllarımda gece mi gündüzüme ka",50000,başarısız
fonbulucu,ödül,teknoloji,ya hep ya hiç,Mikrobiyoloji Laboratuvarı Kuruyoruz...,Neslihan Taşkale Karatuğ,kadın,0,0,1,0,genel,genel,2019,,,60,yok,0,23,0,0,0,22,8,1,var,var,2,4764,0,745,"Patojenlerle mücadelede bakterilerin tekil formu ile yapılan çalışmalar, yerini biyofilm çalışmalarına bırakmaktadır. Benzeri olmayan ve TÜBİTAK Destekli projemiz ile kuracağımız laboratuvara destek olun...",50000,başarısız
fongogo,ödül,teknoloji,ya hep ya hiç,Rastgelelik Kavramsal Veri Arama Motoru ve Sözlüğü,Mevlüt Baki Tapan,erkek,0,0,1,0,istanbul,marmara,2020,05.06.2020,4.08.2020,60,var,124,3,0,1,0,0,4,1,var,var,3,205,4,856,"Bilindik arama motorlarının ötesinde kapsamlı kavramsal arama motoru ve sözlük oluşturmak, herkesin kendi özel arama motorunu kurabilmesine imkan sağlamak.",10000,başarısız
fongogo,ödül,film-video-fotoğraf,ya hep ya hiç,"""5 Silahşörler""",Serdar Pehlivanoğlu,erkek,0,0,1,0,istanbul,marmara,2017,07.12.2017,1.01.2018,25,var,159,6,0,6,0,70,9,2,var,var,3,305,3,708,"5 Silahşörler çocukluktan arkadaştır. Yapmaları gereken son büyük soyguna Refik şiddetle karşı durur, arkadaşları ona siper olur.",30000,başarılı
fongogo,ödül,eğitim,ya hep ya hiç,Gençler Gelişiyor,Ferhat Aykut,erkek,0,0,1,0,istanbul,marmara,2020,07.12.2020,21.01.2021,45,var,297,5,2,0,0,0,6,2,var,var,3,162,5,266,Tüm gençlerin bir araya gelmesini sağlayarak 'network' oluşturmak istiyoruz. Kimin ne hakkında yardıma ihtiyacı var ise bunu sağlayacak bir ekip.,15000,başarısız
fongogo,ödül,eğitim,ya hep ya hiç,RiverRoboticsTeam FRC yolunda desteğinizi bekliyor.,Sevda Yılmaz,kadın,1,0,1,0,antalya,akdeniz,2019,23.12.2019,21.02.2020,60,var,165,11,0,0,0,2,4,4,yok,var,3,78,5,724,"RiverRoboticsTeam olarak mekanik, elektronik, finans, iletişim ve liderlik alanlarında ilham veren FRC yarışmalarının önemli bir parçası olmak istiyoruz.",6000,başarısız
fongogo,ödül,eğitim,ya hep ya hiç,Arkerobox ile Kültürel Mirası Keşfet!,Kaşif  Arkero,belirsiz,0,0,1,0,istanbul,marmara,2020,18.12.2020,1.02.2021,45,var,124,11,7,0,0,27,6,5,var,var,4,213,0,727,Kültürel mirasın bütün dünya çocukları tarafından bilinmesini ve gelecek nesillere aktarılmasını sağlamak için kutu oyunları geliştiriyoruz.,36000,başarısız
fongogo,ödül,çevre,ya hep ya hiç,BOĞAZİÇİ HAYVAN,Merve Sevingen,kadın,0,0,1,0,antalya,akdeniz,2020,15.04.2020,14.06.2020,60,var,162,8,0,0,0,73,8,5,var,var,3,2791,5,145,Boğaziçi Üni. kampüs hayvanlarının refah seviyesini korumak için çalışan gönüllülerin bu zor dönemde tedavileri sürdürebilmek için desteğe ihtiyacı var!,5000,başarılı
fongogo,ödül,film-video-fotoğraf,ya hep ya hiç,BARBO:Hurdacı Mehmet ve Şair Halasının Enteresan Hikayesi,Gökhan Kara,erkek,0,0,1,1,belirsiz,belirsiz,2018,,19.06.2018,60,yok,0,3,0,0,0,5,5,1,yok,yok,0,0,0,120,"Devamlı darbelerin olduğu bir ülkede toplum değişir mi? Değişirse nasıl olur ? BARBO; ütopik bir köyde geçen, distopik yaşamların hikayesidir.",9000,başarısız
fongogo,ödül,film-video-fotoğraf,ya hep ya hiç,Ben-cil (Orta Metraj),Görkem sinan Kotan,erkek,0,0,1,0,kocaeli,marmara,2019,17.06.2019,6.08.2019,50,var,274,2,0,0,0,2,7,1,var,var,1,4,5,546,Kaçmamız gereken şey(ler) dışarıda değil içimizde olan(lar)dır. Bencil sizi size anlatacak. Bilincimiz görünenden daha derin.,30000,başarısız
fongogo,ödül,teknoloji,ya hep ya hiç,Yön Ver,Abdurrahim Sağlam,erkek,0,0,1,0,sakarya,marmara,2018,20.11.2018,19.01.2019,60,yok,0,2,0,1,0,1,5,4,yok,var,1,18,5,319,"Toplumdaki bireylerin, ""benim dememle ne değişir ki?"" Algısından kurtulup, ""benim dememle çok şey değişir!"" Düşüncesine kavuşabildiği bir mobil platform.",10000,başarısız
fongogo,ödül,eğitim,hepsi kalsın,O da Sizin Çocuğunuz,Tuba Eken Kızılay,kadın,0,0,1,0,istanbul,marmara,2014,30.03.2014,28.06.2014,90,var,51,24,0,0,0,9,4,2,var,var,2,1557,0,256,"Küçük katkılar, büyük dünyalar yaratır! Katkılarınızla 30 öğrencinin endişesiz bir yarı dönem geçirmesini sağlayabilirsiniz!",31000,başarısız
fongogo,ödül,turizm,ya hep ya hiç,Barkın ANTARKTİKA'YA gidiyor.,Barkin Ozdemir,erkek,0,0,1,0,istanbul,marmara,2017,14.07.2017,12.09.2017,60,var,137,1,0,0,0,42,7,1,yok,var,2,80000,3,182,Hayal etmek bedava ve hayal ortaklığı en büyük gücümüz. Hedefim Antarktika'ya gitmek ve dünyanın tüm kıtalara ayak basmış en genç Türk'ü ünvanını almak.,20000,başarılı
fongogo,ödül,sağlık-güzellik,ya hep ya hiç,Organik krem deodorant,Ayşenur Kandemir,kadın,0,0,1,0,antalya,akdeniz,2019,20.05.2019,29.06.2019,40,yok,0,3,0,0,0,1,5,1,yok,var,2,469,5,244,"Ozon tabakasını delmeyen, kanser yapmayan deodorant üretmek istiyorum. Başarılı olduğum taktirde bütün temel bakım ürünlerini üretmeye başlayacağım.",1200,başarısız
fongogo,ödül,gıda-yeme-içme,ya hep ya hiç,Freshflawor'a Destek,Sinem  Karaveli,kadın,0,0,2,0,mersin,akdeniz,2020,27.07.2020,25.09.2020,60,yok,0,2,0,0,0,0,9,1,yok,yok,0,0,1,180,Yıllardır hayalim olan butik pastaneyi açmak ve hayallerimi gerçekleştirmek istiyorum. Bana destek olur musunuz?,7000,başarısız
fonbulucu,ödül,hayvanlar,ya hep ya hiç,Akıllı BıdıklarKedi Kısırlaştırma Projesi,Sümeyye Beyza Kurnaz ,kadın,0,0,1,0,istanbul,marmara,2018,,,60,yok,0,1,0,0,1,1,4,1,yok,yok,0,0,0,145,"Kısırlaştırma çalışmamıza İstanbul ili, Şişli ilçesi, İnönü Mahallesi, Küçükbayır Sokak ve çevresi için başlayacağız. Bu bölgedeki kısırlaştırılacak yaşa gelmiş kedi sayısı ortalama olarak 30'dur.",6000,başarısız
fonbulucu,ödül,eğitim,ya hep ya hiç,Liseli Gençleri Bilimle Buluşturalım...,Metin Yöney,erkek,0,0,1,0,ankara,iç anadolu,2020,,,60,yok,0,3,0,0,0,10,4,1,yok,yok,0,0,0,176,"Gençlerimiz sadece teorik olarak değil, deneyerek ve yaşayarak öğrensin. Ankara Cumhuriyet Fen Lise'sinde bulunan Kimya laboratuvarımızı, bilgilerin uygulamalı olarak pekiştirilmesi için gerekli ekipman ve kimyasallarla donatmak istiyoruz.",7000,başarısız
fongogo,ödül,teknoloji,ya hep ya hiç,görev yap ve bursu kap,Olcay AÇAR,erkek,0,0,1,0,aydın,ege,2019,10.01.2019,1.03.2019,50,var,180,2,0,0,0,0,6,1,yok,yok,0,0,5,154,ucuz ve gerçek kitlesi gençler olan firmalar ile eğlenceli görevler yaparak 10-15tl arası görev başı para kazanacak gençleri bir araya getirecek sosyal platform,20000,başarısız
crowdfon,ödül,diğer,ya hep ya hiç,Türkçe Öğretimi,Huseyın Yb,erkek,0,0,1,0,belirsiz,belirsiz,2015,,,60,yok,0,1,0,0,0,0,4,1,yok,yok,0,0,0,115,Kahramanmaraş sınırları içerisinde yaşayan suriyeli mültecilere Türkçe eğitimi verilmesini kapsıyor proje.,50000,başarısız
crowdfon,ödül,diğer,ya hep ya hiç,Chef’s Secret Culinary Art Yemek Okulu,Yıldırım Serim,erkek,0,0,1,0,belirsiz,belirsiz,2011,,,60,var,89,4,0,0,1,22,9,1,yok,yok,0,0,0,17,Hiç yemek yapmasını bilmeyen ve öğrenmek isteyen herkesi Bahçeşehir’de açacağım Chef’s Secret Culinary Art,8630,başarılı
fongogo,ödül,diğer,ya hep ya hiç,Türkiye'de Doğaya ve İnsana Zarar Vermeyen Kozmetik Ürünler,Kaan Onur Kaftanoğlu,erkek,0,0,1,0,istanbul,marmara,2019,25.07.2019,24.08.2019,30,yok,0,1,0,0,0,0,8,1,yok,yok,0,0,5,526,Türkiye'de hem doğaya hem de insana zarar vermeyen organik kozmetik ürünlerinin kullanımını sağlamak ve insanları buna teşvik etmek.,25000,başarısız
ideanest,bağış,teknoloji,hepsi kalsın,Robotel Derneği için 3D yazıcı,Zeynep Karagöz,kadın,0,0,1,0,istanbul,marmara,2018,,,60,var,141,0,0,0,1,18,0,1,yok,var,1,500,0,469,Engellerin ortadan kaldırılmasında sosyal sorumlu bir çalışma olan projemize desteklerinizi bekliyoruz,40000,başarılı
fongogo,ödül,film-video-fotoğraf,ya hep ya hiç,"""Otel"" Kısa Film Projesi",halil tanışan,erkek,0,0,1,0,istanbul,marmara,2019,12.07.2019,10.09.2019,60,var,98,5,0,0,0,26,8,1,yok,yok,0,0,0,459,Çizgi romanın karanlık atmosferini ve varoluş sıkıntısını hayal dünyamdan sinema perdesine yansıtmak!,15500,başarılı
fongogo,ödül,film-video-fotoğraf,ya hep ya hiç,B.O.K. Sinema Filmi,Taha Ulukaya,erkek,0,0,1,0,izmir,ege,2015,07.01.2015,8.03.2015,60,yok,0,24,0,0,0,39,7,3,yok,var,1,15,0,685,Bu bizim ilk filmimiz ve senin yardımınla beyaz perdeye taşınabilir.,15000,başarısız
fonbulucu,ödül,teknoloji,ya hep ya hiç,FABU - Fiziksel Programlayıcı,Fatih Gün,erkek,0,0,1,0,genel,genel,2018,,,60,yok,0,3,0,0,1,1,5,1,var,yok,1,4,0,650,Bilgisayar kullanmadan programlama yapmak! Robotik ve robotik programlamayı bireylerin daha hızlı öğrenmesi ve algılamasına yardımcı olacak bir programlama tekniği geliştiriyoruz.,5000,başarısız
fongogo,ödül,film-video-fotoğraf,ya hep ya hiç,Bazen Sebep Olduklarınız Tahmin Edebiliceklerinizden Fazladır,Mustafa Tütüneken,erkek,0,0,1,0,istanbul,marmara,2020,02.06.2020,1.08.2020,60,var,88,1,0,0,0,0,7,1,yok,yok,0,0,0,211,"Dikkat... bu hikaye kocası tarafından fiziki, psikolojik ve cinsel tacize maruz kalan kadınların hikayesidir.",10000,başarısız
fongogo,ödül,kültür-sanat,ya hep ya hiç,Yort Kitap,Osman Şişman,erkek,0,0,1,0,eskişehir,iç anadolu,2019,08.08.2019,24.09.2019,47,var,184,10,0,24,0,106,5,4,yok,var,1,1377,5,449,"Yort Kitap, yeni düşünce, sinema kuramı ve edebiyat alanlarında güçlü metinleri Türkçeye kazandırmayı hedefliyor.""",25500,başarılı
fongogo,ödül,kültür-sanat,ya hep ya hiç,Gezerek kitap yazma,Halit Can Noktacı,erkek,0,0,1,0,denizli,ege,2020,27.01.2020,27.03.2020,60,var,65,2,0,0,0,0,9,1,yok,var,3,155,5,428,"Gezerek yazacağım, farklı kültürleri de barındıran felsefik, eleştirel ve seyahatname tarzındaki kitabı bastırıp, gelirinin büyük kısmını yoksullara bağışlamak.",30000,başarısız
fongogo,ödül,film-video-fotoğraf,ya hep ya hiç,FOTOĞRAF KISA FİLMİ YAŞATALIM,Ozan Takış,erkek,0,0,1,0,istanbul,marmara,2018,04.05.2018,3.06.2018,30,yok,0,13,0,0,0,5,8,6,yok,var,1,101,1,410,Göz yaşlarımızı akıtarak gittiğimiz yollarda geride bıraktığımız şehirlerin hiç ağladığını duydunuz mu? Bu filmde duyacaksınız...,21000,başarısız
crowdfon,ödül,film-video-fotoğraf,ya hep ya hiç,Bir Kara Aşk - Aşık Kara,Onur Coşkun,erkek,0,0,1,0,belirsiz,belirsiz,2015,,,60,yok,0,1,0,0,0,0,4,1,yok,yok,0,0,0,115,Ülkemizin aşık geleneğinden gelen en büyük sanatçılarından biridir Aşık Kara. Artvin'de yaşamının son zama,50000,başarısız
crowdfon,ödül,diğer,ya hep ya hiç,Bir Hayalim Var,Mervan Tapınç,kadın,0,0,1,0,belirsiz,belirsiz,2019,,,60,yok,0,1,0,0,0,0,4,1,yok,yok,0,0,0,115,PROJENİN ADI BİR HAYALİM VAR. BİR HAYALİM VAR PROJESİ ÇOCUKLARIN HAYALLERİNİ RESİM ÇİZEREK SANAT YOLU İLE D,50000,başarısız
fongogo,ödül,kültür-sanat,ya hep ya hiç,"""Kendime Engel Olamıyorum""",Elif Gamze Bozo,kadın,0,0,1,1,belirsiz,belirsiz,2016,,11.02.2016,60,yok,0,2,0,0,0,6,6,1,yok,yok,0,0,0,120,Engelli bir sanatçının gözünden Senegal'in fotoğraf sanatı ve belgesel ile anlatımı projesi.,8200,başarısız
fongogo,ödül,teknoloji,ya hep ya hiç,"kuyumcuvitrini.com | Girişimimizi hayata geçirdik, desteğe ihtiyacımız var",Musa Tuğrul Akbaş,erkek,0,0,1,0,ankara,iç anadolu,2019,24.06.2019,23.08.2019,60,var,102,8,0,0,0,0,6,3,var,var,3,7,5,570,"Türkiye'nin ilk ve tek kuyumcu & mücevher platformu ""kuyumcuvitrini.com""  desteğinizi istiyor. Amacımız kuyumcu kuyumcu gezme zahmetini ortadan kaldırmak.",19200,başarısız
fonbulucu,ödül,çevre,ya hep ya hiç,Su Bazlı Fosforlu Yol Çizgi Boyası,Mehmet Emin Kaçar,erkek,0,0,1,0,genel,genel,2020,,,60,var,12,7,0,0,1,1,7,1,yok,var,1,32,0,290,Kaza risklerinin önüne geçeyi ve ülke ekonomisine direkt olarak katkı sağlayan proje.,100000,başarısız
fonbulucu,ödül,spor,ya hep ya hiç,Genç Sporculara Destek,Burakcan Gür,erkek,0,0,1,0,genel,genel,2018,,,60,yok,0,3,0,0,0,0,9,2,yok,var,2,115,0,178,AVRUPADA OYNAMAK İSTİYORUZ VE TÜRKİYE CS:GO SUNU BİRDAHA ORALARDA GÖRMEK İSTİYORUZ,30000,başarısız
fongogo,ödül,teknoloji,ya hep ya hiç,Lalin: Konuşacak Birisi,Bünyamin Erdem  Yahşi,erkek,0,0,1,0,antalya,akdeniz,2020,11.03.2020,24.05.2020,74,yok,0,4,0,1,0,2,7,3,var,var,2,147,0,303,Lalin iki tarafın da anonim olduğu ve duygular üzerinden eşleşebildiği bir mesajlaşma platformu.,15000,başarısız
fongogo,ödül,film-video-fotoğraf,ya hep ya hiç,Kulak Misafiri,Ahmet Toğaç,erkek,0,0,1,0,istanbul,marmara,2019,18.02.2019,15.04.2019,56,var,144,6,0,0,0,64,8,1,yok,var,2,352,5,319,"Selamet, telefonunu dinlediği bir yabancıyı keşfederek hayatını ona benzetmeye çalışırken biz, konuşmadan onu seyredebilecek miyiz?",10000,başarılı
fongogo,ödül,turizm,hepsi kalsın,Covid-19 sürecinden sonra doğa ile iç içe FOÇA TATİLİNİZ BİZDEN !!!,Harun Şahin,erkek,0,0,1,0,izmir,ege,2020,12.05.2020,11.07.2020,60,var,46,8,0,0,0,0,5,1,yok,var,1,1666,0,135,İçerisinde bulunduğumuz bu zor dönemde; 15 yılı aşkın süredir hizmet veren işletmemizin ayakta kalmasına sizde yardımcı olun. (Çadır kamp-Karavan-Dalış-plaj),20000,başarısız
fongogo,ödül,film-video-fotoğraf,ya hep ya hiç,'Garf' Kısa Film,Furkan Nuri Keleş,erkek,0,0,1,0,izmir,ege,2019,13.11.2019,9.01.2020,57,var,88,0,0,0,0,0,6,1,yok,yok,0,0,0,320,Paha biçilemez bir eser ortaya çıkarmak isteyen genç resim öğretmeninin yaptığı canice plan ile eseri ortaya çıkarırken 4 kişinin ölümüne yol açmasını anlatıyor,30000,başarısız
fongogo,ödül,diğer,hepsi kalsın,Sen Koştukça Uzanırız Tüm Dünya'ya!,İhtiyaç Haritası,belirsiz,0,0,1,0,istanbul,marmara,2018,26.10.2018,25.12.2018,60,var,300,7,0,0,0,20,7,1,var,var,4,51374,1,356,"Türkiye'den Dünya'ya uzanan #onlineimece hareketi""""",2795,başarılı
fonbulucu,ödül,teknoloji,ya hep ya hiç,Learn Group,Sami Haman,erkek,0,0,1,0,izmir,ege,2020,,,60,var,68,0,0,0,0,1,6,4,yok,yok,0,0,0,196,"Öğrenme arkadaşları bulup, dünyanın herhangi bir ülkesinden dostlar edinip onlarla beraber bildiklerini anlatıp, bilmediklerini sorma imkanı.",20000,başarısız
fongogo,ödül,eğitim,ya hep ya hiç,KIVILCIM OL!,Gözdenur Tilki,kadın,0,0,1,0,manisa,ege,2020,11.03.2020,5.05.2020,55,var,73,25,0,2,0,41,9,4,yok,var,1,634,3,440,Dezavantajlı bölgelerdeki köy okullarımıza tebessüm olmaya gidiyoruz!,7500,başarılı
fongogo,ödül,film-video-fotoğraf,ya hep ya hiç,Ahtapot - Kısa film,Engin Erden,erkek,3,0,1,0,istanbul,marmara,2019,10.06.2019,30.06.2019,20,var,40,2,0,0,0,48,6,3,yok,var,1,380,4,331,"Bir yaz günü, tek işleri boş vakit geçirmek ve haylazlık olan iki çocuk, yaşadıkları bir olay sonucu ilk defa yetişkinler dünyasının gerçekleriyle yüzleşirler.",20000,başarılı
fongogo,ödül,film-video-fotoğraf,ya hep ya hiç,Ben de Buradayım - Belgesel,Kıvılcım Akay,kadın,0,0,1,1,belirsiz,belirsiz,2017,,13.08.2017,60,var,60,8,1,1,1,40,6,3,var,var,2,751,4,413,"Hayalleri olan, dayanıştıkça güçlenen, ""ben de buradayım"" diyen göçmen - mülteci kadınların hikayesidir.",30000,başarılı
fongogo,ödül,eğitim,ya hep ya hiç,DAYANIŞMANIN EV HALİ,Yeter Erel Tuma,kadın,0,0,1,0,diyarbakır,güneydoğu,2020,13.04.2020,23.05.2020,40,var,300,0,0,0,0,76,6,1,var,var,3,2120,0,629,Covid-19 dolayısıyla evde kalan Sur'da yaşayan çocuklarla telekonferans yöntemi ile atölyeler yapacağız. Gerekli kırtasiye malzemeleri için dayanışmaya!,11500,başarılı
fongogo,ödül,müzik,ya hep ya hiç,KAYRA - Albümler ve Tshirtler,Onur İnal,erkek,0,0,1,0,istanbul,marmara,2020,27.10.2020,1.12.2020,35,var,95,8,4,2,77,976,5,2,yok,var,1,19200,0,148,"Uzun zamandır dinleyicilerimize ulaştırmak için çabaladığımız albüm baskıları ve tshirtleri, bizzat dinleyicilerimizin desteğiyle hazırlamak.",55000,başarılı
fongogo,ödül,diğer,ya hep ya hiç,Afrikalı Çocuğun Gözünden Afrika ve Onların Hayallerinin Sergisi,mehmet bilgin,erkek,0,0,1,0,kocaeli,marmara,2019,11.04.2019,10.06.2019,60,var,193,4,0,0,0,0,8,1,yok,yok,0,0,0,482,"Özellikle sergileme ile onların da “sanat eseri yaratabileceklerinin algısını yaratıp,fotoğraf aracılığı ile kendilerini ifade etmeleri duygusunu kazandırmak.",10000,başarısız
crowdfon,ödül,film-video-fotoğraf,ya hep ya hiç,Ekümenopolis Sinema Ve İnternet Dağıtımı,Gaye Günay,kadın,0,0,1,0,belirsiz,belirsiz,2011,,,60,var,97,8,0,0,1,212,10,1,yok,yok,0,0,0,17,"Ekümenopolis, bir filmden öte, yaşadığımız,  sevdiğimiz İstanbul’un ızdıraba dönüşen haline karşı içi",19890,başarılı
fongogo,ödül,diğer,ya hep ya hiç,e-universiteli,Fatih Cakıroglu,erkek,0,0,1,0,trabzon,karadeniz,2014,21.01.2014,22.03.2014,60,yok,0,10,0,0,0,1,3,1,var,yok,0,0,0,311,"üniversiteli öğrencilerin öğrenim hayatı  boyunca ihtiyaç duyacağı her şeyi bir sitede  toplamak (yurtlar,apartlar,ilanlar,üniversite hocaları)",5000,başarısız
fongogo,ödül,film-video-fotoğraf,ya hep ya hiç,FRAME Kısa Film,İbrahim ÇIRAK,erkek,0,0,1,0,giresun,karadeniz,2019,04.03.2019,3.05.2019,60,var,71,3,0,0,0,1,7,1,yok,yok,0,0,5,149,Karaketerimiz televizyon çerçevesinin ardında hapsolduğu bu esrarengiz dünya da işaretleri takip ederek gerçeğe ulaşmasını konu alıyor filmimiz.,2000,başarısız
arıkovanı,ödül,teknoloji,ya hep ya hiç,PEGGYMATIC - Pati Yıkama Cihazı,Yağmur Sürmeli,kadın,0,0,1,0,belirsiz,belirsiz,2016,,,60,var,262,11,0,13,91,467,6,1,yok,yok,0,0,0,1330,"PEGGYMATIC, Evde Beslenen Kedi ve Köpeklerin Pati ve Tuvalet Sonrası Temizlik Cihazı",100000,başarılı
fongogo,ödül,film-video-fotoğraf,ya hep ya hiç,Yeni Çorlu Sineması: HÜR,Onur Canpek,erkek,9,0,3,0,istanbul,marmara,2016,29.07.2016,28.08.2016,30,var,58,1,0,0,0,21,8,5,yok,var,2,63,5,502,"9 yaşındaki Eylül, hayalini kurduğu özgürlüğe kavuşma yolunun, annesinin ölümünden geçtiğini bilmektedir. Peki, küçük kız, özgürlük ne demek, biliyor mu?",3400,başarılı
fongogo,ödül,teknoloji,ya hep ya hiç,İTÜ LAGARİ THRUST ROKET TAKIMI,Mert Çeliktürk,erkek,0,0,1,0,istanbul,marmara,2019,22.01.2019,23.03.2019,60,var,100,3,0,0,0,6,6,2,yok,var,4,556,5,370,"İTÜ Lagari Thrust Roket Takımı olarak, katılacağımız TEKNOFEST 2019 ve IREC (Uluslarası Roket Mühendisliği Yarışması) için destek arıyoruz.",5000,başarısız
fongogo,ödül,eğitim,ya hep ya hiç,'İngilizceyi Öğrenmeyi Öğreniyorum' Kitap Destek,Percin Imrek,erkek,3,0,7,0,istanbul,marmara,2017,27.09.2017,23.11.2017,57,var,60,2,0,4,0,38,6,1,yok,var,1,4252,5,122,'Girişimcilik Hikayeleri' ve 'Dünyanın Yerlisi' kitaplarımızdan sonra üçüncü kitabımız 'İngilizceyi Öğrenmeyi Öğreniyorum' sizler ile.,10000,başarılı
fonbulucu,ödül,teknoloji,ya hep ya hiç,Plastik Mayın Bulabilen İnsansız Hava Aracı,Abdurrahman Ekecik,erkek,0,0,1,0,konya,iç anadolu,2019,,,60,yok,0,0,0,0,3,1,6,2,yok,var,1,12,0,368,Gizlenmiş mayın veya plastik mayınları bulabilen insansız hava aracı.,20000,başarısız
fongogo,ödül,spor,ya hep ya hiç,1bisikletmasali,Senem Türkaydın Elmalı,kadın,0,0,1,0,izmir,ege,2020,14.01.2020,14.03.2020,60,var,13,2,0,0,0,1,7,1,var,var,1,4715,5,153,"4,5 yaşındaki kızımız Masal'la 9 ay sürecek bir bisiklet macerasına atılacağız. Deneyimlerimizi Instagram hesabımızdan (@1bisikletmasali) aktaracağız.",15000,başarısız
fongogo,ödül,eğitim,hepsi kalsın,Sivas-Divriği İstiklal İlkokulu Yenileme Projesi,Ozan KOÇ,erkek,0,0,2,0,sivas,iç anadolu,2017,14.03.2017,18.03.2017,4,yok,0,4,0,0,0,1,6,4,yok,var,2,1500,0,194,Cumhuriyet Üniversitesi Toplum Gönülleri Kulübüyüz. Çeşitli sosyal sorumluluk projeleri yapıyoruz. Şimdi ise her dönem yaptığımız gibi bir köy şenliği yapacağız,5000,başarısız
fongogo,ödül,spor,ya hep ya hiç,İşitme Engelli Voleybol Takımımız Şampiyonlar Ligi İçin Destek Bekliyor!,Sertaç Aydoğan Musoski,erkek,0,0,2,0,izmir,ege,2018,05.09.2018,25.10.2018,50,var,104,6,0,0,0,0,9,1,var,var,1,1124,1,248,"7-11 Kasım tarhilerinde İstanbul'da düzenlenecek Avrupa Şampiyonlar Ligi'nde temsil edecek takımımız için destek arıyoruz.""",10500,başarısız
fongogo,ödül,sağlık-güzellik,ya hep ya hiç,Tekerlekli Sandalye Ve Medikal İhtiyaçlar.,Yok Yok,belirsiz,0,0,1,0,adana,akdeniz,2019,30.12.2019,28.02.2020,60,var,60,13,0,0,0,199,9,1,var,var,3,100,0,150,%92 Bedensel engelliyim boynumda 2 adet platin ve vidalar var kollarım hariç göğüsümden aşağısı tamamen felç his ve hareket yok tam bağımlı halde yaşıyorum.,25000,başarılı
fongogo,ödül,kültür-sanat,ya hep ya hiç,tiyatro.co,Taha Altınkaya,erkek,0,0,1,0,ankara,iç anadolu,2020,30.06.2020,30.07.2020,30,var,82,4,0,1,0,20,7,1,var,var,4,1379,5,761,"Merhaba, 2017'den bu yana tiyatro.co ile tiyatronun hikâyesini anlatıyoruz. Daha çok hikâyeye şahit olmak, daha çok hikâye anlatmak için desteğini bekliyoruz.",3600,başarılı
fongogo,ödül,çevre,hepsi kalsın,Good4trust.org - Güven için İyilik - Doğa ve İnsan Dostu Türetim,Good4Trust .org,belirsiz,0,0,1,0,istanbul,marmara,2015,21.01.2015,8.03.2015,46,var,65,21,0,2,0,84,8,3,var,var,3,7981,0,290,Destek olarak doğa ve insan dostu ürünlere kolayca ulaşabilir ve bu üreticileri destekleyerek daha adil ve doğaya zarar vermeyen insanlık için el verebilirsin.,14000,başarılı
fongogo,ödül,eğitim,ya hep ya hiç,Gonullupsikolog.org Kadın Güçlendirme Hareketi,Pınar Canbaz,kadın,0,0,1,0,istanbul,marmara,2020,15.10.2020,14.12.2020,60,var,50,2,1,0,0,7,5,1,var,var,4,590,0,353,"Gonullupsikolog.org olarak gönüllü psikologlarımızla, 18 yaş ve üzerindeki kadınlara yönelik Flört Şiddeti Eğitimi ve Öz-şefkat Atölyeleri düzenlemek istiyoruz.",15000,başarısız
fongogo,ödül,eğitim,ya hep ya hiç,BBOM ESKİŞEHİR'DE MÜMKÜN OLSUN!,Melek Altınay Aksözek,kadın,0,0,1,0,eskişehir,iç anadolu,2017,11.06.2017,31.07.2017,50,var,90,42,0,5,0,80,9,4,var,var,3,1900,5,367,"Ben ve bir çok kişi, Başka Bir Okul Mümkün'ün Eskişehir'de hayata geçmesini her şeyden çok istiyoruz ve bunun için bir kapalı spor salonu gerekiyor.",23000,başarılı
fongogo,ödül,film-video-fotoğraf,ya hep ya hiç,YAŞANILAN OLAYLARDAN ESİNLENİLMİŞ KADINA ŞİDDET KISA FİLM PROJESİ,Gelecek Sensin  Topluluğu,belirsiz,0,0,2,0,ankara,iç anadolu,2020,18.11.2020,8.12.2020,20,var,57,2,1,0,0,0,8,1,yok,var,1,1023,5,195,"Özgecan Aslan, Emine Bulut ve Pınar Gültekin cinayetlerinden esinlenerek yaşanmış gerçek hikayeleri farklı bir pencereden anlatıp topluma güzel bir mesaj vermek",25000,başarısız
fongogo,ödül,teknoloji,ya hep ya hiç,"Türkiye'de 4 Milyon, Dünyada 100 Milyon Hedef Kitleli Projeye Destek",Muhammet Akdemir,erkek,0,0,1,1,belirsiz,belirsiz,2020,,18.01.2020,60,yok,0,0,0,0,0,0,4,1,yok,yok,0,0,0,63,"E-Spor'un demirbaşı olan League of Legends(LoL) oyunu için geliştirilmiş, oyuncuların kendini geliştirebileceği bir sistem.",5000,başarısız
crowdfon,ödül,teknoloji,ya hep ya hiç,Kuponoskop.com - Mobil Fırsat Sitesi - Sadece İndirim...,Zafer Özberk,erkek,0,0,1,0,belirsiz,belirsiz,2019,,,60,yok,0,1,0,0,0,7,4,1,yok,yok,0,0,0,115,"Hepimiz, günümüzde para kazanmanın ne kadar zor olduğunu fazlası ile biliyoruz.
Hep şunu düşünen kitle olarak",60000,başarısız
fongogo,ödül,teknoloji,ya hep ya hiç,Start AR,Alper Aziret,erkek,0,0,1,0,bursa,marmara,2019,14.11.2019,8.12.2019,24,yok,0,4,0,0,0,0,5,1,yok,yok,0,0,0,127,Klasik Pazarlama anlayışını Artırılmış Gerçeklik ile Dijital Pazarlamaya getirmek ve bunun dışında insan yaşamını kolaylaştırmak istiyoruz.,5000,başarısız
fonbulucu,ödül,teknoloji,ya hep ya hiç,Podcast Yayınım için Mikrofon,Sedat Aldağ,erkek,0,0,1,0,genel,genel,2020,,,60,yok,0,1,0,0,0,0,5,1,yok,yok,0,0,0,220,"Bilgiyi sunmanın yöntemleri, kanalları, araçları, en az bilginin içeriği kadar önemlidir.",2500,başarısız
crowdfon,ödül,diğer,ya hep ya hiç,Anaokulu Çiftliği,Boomix Dinamixtoys,belirsiz,0,0,1,0,belirsiz,belirsiz,2017,,,60,yok,0,1,0,0,0,6,4,1,yok,yok,0,0,0,115,Bu projeyi kısaca  yarı  anaokulu yarı çiftlik olarak tanımlayabilirim. Çocuğunun doğayla tam bir etkileşim iç,50000,başarısız
fongogo,ödül,kültür-sanat,ya hep ya hiç,Yaşamın Sembolleri - Kumaşla Tasvir,Eti Koen,kadın,0,0,1,0,istanbul,marmara,2014,05.05.2014,25.05.2014,20,var,93,11,0,0,0,27,7,2,yok,var,1,1096,0,197,Çalışmalarımın dünya barışına katkısı olur düşüncesi ile bir sergiye katılıyorum .,3300,başarılı
fongogo,ödül,teknoloji,ya hep ya hiç,BildirirİZ,Ahu Yurtoğlu,kadın,0,0,3,0,istanbul,marmara,2015,14.05.2015,13.07.2015,60,var,156,3,0,0,0,1,6,1,var,var,3,89,0,285,"BildirirİZ, taciz ve diğer toplumsal vakalar ile güvenlik risklerinin harita üzerinde işaretlenerek bildirilebileceği bir mobil aplikasyon projesidir.",50000,başarısız
fongogo,ödül,film-video-fotoğraf,ya hep ya hiç,Bekleyiş-18:00,Gökhan Koç,erkek,0,0,1,0,istanbul,marmara,2020,17.09.2020,16.11.2020,60,yok,0,2,1,0,0,0,9,1,yok,var,1,10,4,291,Agorafobili insanların hayatının gizli kalmış yönlerinden birtanesinden bir kesit sunmak ve topluma bu hastalığın ciddiyetini anlatmak.,30000,başarısız
fongogo,ödül,film-video-fotoğraf,ya hep ya hiç,Krematoryum,Furkan Özdemir,erkek,0,0,1,0,antalya,akdeniz,2016,05.01.2016,5.03.2016,60,var,64,11,0,0,0,0,5,1,yok,yok,0,0,0,392,Film patlayan nükleer santral sonucu mahvolan hayatları ve düzeni konu almaktadır.,2500,başarısız
fongogo,ödül,kültür-sanat,ya hep ya hiç,SUGAR BABY,Burak Can Doğan,erkek,0,0,1,0,istanbul,marmara,2019,21.02.2019,22.04.2019,60,var,26,3,0,0,0,0,6,1,yok,var,1,453,0,736,"Çocukların anne ve baba'ya ebeveynlik yaptığı bir oyun. Aile olamamak , git gide yalnızlaşmak ve değersiz hissetmek.",8500,başarısız
fongogo,ödül,film-video-fotoğraf,ya hep ya hiç,"Domates, Biber, Depresyon (Uzun Metraj Film)",Aybüke Avcı,kadın,0,0,1,0,adana,akdeniz,2019,02.07.2019,16.08.2019,45,var,304,4,0,0,0,66,6,1,yok,var,1,382,0,540,"Depresyonun en organik, en katkısız, en doğal hali...",20000,başarılı
fonbulucu,ödül,eğitim,ya hep ya hiç,KADIN İŞTE,İdil Siret Parlar,kadın,0,0,1,0,hatay,akdeniz,2020,,,60,var,75,5,0,0,0,0,9,3,var,var,1,695,0,1017,"İş bulmakta zorlanan kadınların, sürdürülebilir ekonomiye daha etkin bir şekilde katılımının sağlanması amacıyla meslek edindirme kursları ile işsiz kadınların  katılımıyla   istihdam garantili mesleki eğitimler  planlanmıştır.",35000,başarısız
fongogo,ödül,film-video-fotoğraf,ya hep ya hiç,KUSURLU,Bilen Sevda Könen,kadın,3,0,1,0,istanbul,marmara,2018,28.01.2018,30.03.2018,61,var,306,33,0,0,0,37,7,3,yok,var,2,227,5,701,"Kadınlara dayatılan kusursuzluk algısına inat bizi biz yapan pürüzlerimize sahip çıkmak için yola çıkmış trajikomik bir film.""",12000,başarılı
crowdfon,ödül,müzik,ya hep ya hiç,Klibime Fon Lütfen,Klibime Fon Lütfen,belirsiz,0,0,1,0,belirsiz,belirsiz,2014,,,60,var,60,1,0,0,0,16,4,1,yok,yok,0,0,0,40,Elçin Orçun ve Ece Özey klibine fon arıyor!,10002,başarısız
fongogo,ödül,teknoloji,ya hep ya hiç,BildirirİZ,Ahu Yurtoğlu,kadın,0,0,3,0,istanbul,marmara,2015,05.03.2015,4.05.2015,60,yok,0,6,0,0,0,1,4,1,var,var,3,2419,0,303,"BildirirİZ, taciz ve diğer toplumsal vakalar ile güvenlik risklerinin harita üzerinde işaretlenerek bildirilebileceği bir mobil aplikasyon projesidir.",50000,başarısız
fongogo,ödül,film-video-fotoğraf,ya hep ya hiç,NAFTALİN,M. Furkan Daşbilek,erkek,0,0,1,0,istanbul,marmara,2018,13.04.2018,13.05.2018,30,var,79,12,0,0,0,12,8,4,yok,yok,0,0,4,741,"Alzheimer olduğunu öğrenen Cemil, onu hayata bağlayan tek torunu Meriç'in Tokyo'ya gideceğini öğrenir. Onu yanında ve zihninde tutabilmenin yollarını arar.",9000,başarısız
fongogo,ödül,film-video-fotoğraf,ya hep ya hiç,Bir Profesörün Bilinmeyen Notları - Kısa Film,Sezer Uçak,erkek,0,0,2,0,istanbul,marmara,2020,14.10.2020,13.12.2020,60,yok,0,0,1,0,0,0,9,1,yok,var,1,152,0,423,Kısa filmimi çekerek insanlara yapay bir deneyim yaşatmak istiyorum.,35000,başarısız
crowdfon,ödül,teknoloji,ya hep ya hiç,Sevgiline İnternet Sitesi Hediye Et,Kürşad Altan,erkek,0,0,1,0,belirsiz,belirsiz,2015,,,60,yok,0,1,0,0,0,5,4,1,yok,yok,0,0,0,115,Sevgililer gününde veya özel günlerde sevgilinize hediye edebileceğiniz kadar şık bir tasarıma sahip ve size öz,800,başarısız
fongogo,ödül,film-video-fotoğraf,ya hep ya hiç,Bizden Biri,Ilker Hakan Akdeniz,erkek,0,0,1,0,kocaeli,marmara,2015,28.04.2015,27.06.2015,60,yok,0,7,0,0,0,0,5,2,yok,yok,0,0,0,349,Bir karşı kültür olarak evrensel müzik alanı olan Hip-Hop kültürünün ve bu kültürle irtibatlı gençlerin ele alındığı Türkçe Hip-Hop Belgeseli.,20000,başarısız
crowdfon,ödül,film-video-fotoğraf,ya hep ya hiç,4 Nesil Türkiye,Evrim Eseryel,kadın,0,0,1,0,belirsiz,belirsiz,2015,,,60,yok,0,1,0,0,0,7,4,1,yok,yok,0,0,0,115,Türk aile kültürünü ve aynı zamanda ailenin kültürel neslin devamlılığı adına bir sergi çalışması yapı,25000,başarısız
fongogo,ödül,eğitim,ya hep ya hiç,Cool Kampüs,Mediyne Ceylin  Gözüm,kadın,0,0,1,0,istanbul,marmara,2020,21.12.2020,20.01.2021,30,var,130,11,1,1,0,13,7,2,yok,var,1,856,0,349,"Cool Kampüs, meslek seçimi konusunda kararsız ya da hayalindeki meslek hakkında soruları olan öğrencileri meslek sahipleri ile buluşturan bir platformdur.",5000,başarısız
fonbulucu,ödül,eğitim,ya hep ya hiç,Anne Olmak Bunu Gerektirir,Gözde Engür,kadın,0,0,1,0,balıkesir,marmara,2019,,,60,yok,0,1,0,0,2,1,4,1,yok,yok,0,0,0,437,"Özel gereksinimli çocuk annelerinin ilham veren azim,umut ve cesaret veren hikayelerini söyleşilerle nöro-tipik gelişime sahip çocuk ailelerine aktararak toplumdaki engellilere bakış açısını değiştirmeye çalışıyoruz.",10000,başarısız
fongogo,ödül,eğitim,ya hep ya hiç,Cenevre'de Nörobilim Masterı Eğitimi / Support for Master Degree at UNIGE,Neslihan Önay,kadın,1,0,1,0,istanbul,marmara,2019,05.07.2019,19.08.2019,45,var,325,2,0,0,0,40,8,1,yok,var,3,361,0,1155,Hayallerimin gerçekleşmesine ramak kaldı. Destek olmak ister misiniz?,58000,başarısız
crowdfon,ödül,teknoloji,ya hep ya hiç,Hediye Alma Rehberi,Süleyman Gül,erkek,0,0,1,0,belirsiz,belirsiz,2015,,,60,yok,0,1,0,0,0,7,4,1,yok,yok,0,0,0,115,"Türkiye de bütün illerini ilgilendiren Hediye Alma Rehberi İnternet üzerinden faliyet gösterecek.

Hediye Alma Reh",5000,başarısız
crowdfon,ödül,kültür-sanat,ya hep ya hiç,Buca Sanat: 'inadına Sanat',Yunus Emre Işık,erkek,0,0,1,0,belirsiz,belirsiz,2014,,,60,yok,0,1,0,0,0,2,4,1,yok,yok,0,0,0,115,Eylül 2014 tarihi itibariyle Buca'da kurulacak olan gençlik sanat topluluğuna sizde destek olun.,2500,başarısız
crowdfon,ödül,teknoloji,ya hep ya hiç,Basketbol İle İlgili Mobil Uygulama,Can Ünal,erkek,0,0,1,0,belirsiz,belirsiz,2019,,,60,yok,0,1,0,0,0,7,4,1,yok,yok,0,0,0,115,Basketbol ile ilgili mobil uygulama.Çeşitli çekilişler yapılacaktır crowdfon'un katkılarıyla.Basketbol içerikli,12500,başarısız
crowdfon,ödül,moda,ya hep ya hiç,Tejido ; Minimalist Ve Organik Moda,Esat Gülen,erkek,0,0,1,0,belirsiz,belirsiz,2015,,,60,yok,0,1,0,0,0,5,4,1,yok,yok,0,0,0,115,Tamamen organik kumaş ve boyalarla ekolojik ürünler üreterek doğaya faydalı TEJİDO markasını ortaya çıkartmak,10000,başarısız
fongogo,ödül,diğer,ya hep ya hiç,Çanakkale'nin Evlatları Atasının İzinde,Doğancan Çetin,erkek,0,0,1,0,çanakkale,marmara,2017,8.08.2017,1.09.2017,24,var,92,1,0,0,0,14,9,4,yok,var,1,115,5,584,"4GENÇ; Atatürk'ün tarihi yeniden yazdığı Çanakkale'den, mavi gözlerini dünyaya açtığı eve gidiyor..",2500,başarısız
fonbulucu,ödül,teknoloji,ya hep ya hiç,SLight Bilgisayar Optimize,Semih Silistre,erkek,0,0,1,0,genel,genel,2018,,,60,var,33,1,0,0,0,2,4,1,yok,yok,0,0,0,136,Bilgisayarınızdan daha iyi performans almak istermisiniz ?,5000,başarısız
fongogo,ödül,film-video-fotoğraf,ya hep ya hiç,Evde Yok / AS IF I NEVER EXISTED,Murat Emir Eren,erkek,3,0,1,0,istanbul,marmara,2019,22.05.2019,21.06.2019,30,var,41,5,0,3,0,67,7,3,yok,var,3,159,0,498,"Evde Yok, kaygıya ve yok olma arzusuna dair kısa bir gerilim filmidir / As If I Never Existed is a thriller short film about anxiety and desire to disappear.",22000,başarılı
fongogo,ödül,eğitim,ya hep ya hiç,Sosyal Sirkle Özgür Çocuklar,ruya nesrin,kadın,0,0,1,0,istanbul,marmara,2020,07.01.2020,26.02.2020,50,var,205,2,0,1,0,5,9,3,yok,var,2,303,0,570,"Çocukların bedenlerini ve düşünce yapılarını sosyal sirk aracılığı ile daha yakından tanımalarına ve sosyal uyumlarına destek olmak, özgüvenlerini güçlendirmek.",33250,başarısız
fongogo,ödül,eğitim,hepsi kalsın,Sosyal Liseliler,Songül Tuğçe Özkan,kadın,0,0,2,1,düzce,karadeniz,2020,10.06.2020,9.08.2020,60,var,71,8,0,0,0,2,6,3,var,var,4,540,0,1347,"CoopCool, liseli öğrencilerin kullanabileceği sosyal ağ uygulaması, diğer sosyal ağlardan farkı öğrencilere eğleterek okul derslerini öğretiyoruz.",25000,başarısız
fongogo,ödül,kültür-sanat,ya hep ya hiç,BİRAZ TİYATRO - (KİTAP),mervan  tapınç,kadın,0,0,1,1,belirsiz,belirsiz,2020,,18.08.2020,60,yok,0,2,0,0,0,2,6,1,yok,yok,0,0,0,120,"Bir Yazarın Sanat İçin Çırpınışı Ne Kadar Ses Getirir Bilinmez Ancak Ben Tiyatro İçin Çırpınmaya Devam Edeceğim Kitap, Yazara ve Okura Yeni Bir Yol Açan Kapıdır",6000,başarısız
fongogo,ödül,diğer,ya hep ya hiç,Kombinova -Türkiye'nin Moda Platformu,Doğan SORGUT,erkek,0,0,1,0,sakarya,marmara,2019,26.08.2019,25.10.2019,60,var,71,13,0,0,0,1,5,2,yok,var,2,44,0,749,"Kombinova, kadınların modadaki kararsızlık sorunlarına ve moda paylaşım platformu eksikliğine çözüm getirmeyi amaçlar. Moda 
markalarına da analiz sunar.",20000,başarısız
fonbulucu,ödül,çevre,hepsi kalsın,ZEYTİN AĞACINA SPONSOR OLDUM,Birsel Gonca,kadın,2,0,1,0,aydın,ege,2020,,,60,var,60,30,0,0,5,12,9,9,yok,var,2,14,0,236,Herkesin bir zeytin ağacı olmalı,5000,başarısız
fongogo,ödül,moda,ya hep ya hiç,Hayallere Köprü Oluyoruz!,Mef Üniversitesi Mimarlık Öğrencileri,belirsiz,0,0,1,0,istanbul,marmara,2015,03.06.2015,18.06.2015,15,var,110,15,0,0,0,73,6,7,yok,var,2,512,0,314,Ayazağa İlköğretim Okulunda bahçenin kullanılamayan kısmının da kullanılabilmesi için bir yaya köprüsünün ve bahçenin tasarlanıp uygulanması.,10000,başarılı
fongogo,ödül,film-video-fotoğraf,ya hep ya hiç,KATHARSİS (A SHORT MOVIE),S.Buğra Bekdemir,erkek,0,0,1,0,istanbul,marmara,2018,11.10.2018,6.11.2018,26,var,37,1,0,0,0,77,9,5,yok,var,2,196,5,698,"""İstikameti derin bir suskunluğa çevrilmiş bir ömrün öyküsü.""""""",5000,başarılı
fongogo,ödül,film-video-fotoğraf,ya hep ya hiç,Tarihin Kırıldığı An: TÜRKLERİN İSLAMİYETLE TANIŞMASI,İdris Adil,erkek,0,0,1,1,belirsiz,belirsiz,2018,,2.01.2018,60,yok,0,2,0,0,0,5,5,1,yok,yok,0,0,0,120,"Türkler nasıl Müslüman oldu? Kılıç zoruyla mı, gönüllü mü? Türkler Müslüman olmasalardı ne olurdu? Belgeselimiz belgelerle tarihin kırıldığı bu anı ele alıyor.",30000,başarısız
fongogo,ödül,film-video-fotoğraf,ya hep ya hiç,KARA TAHTA KISA FİLM,Tahir Emre Özder,erkek,0,0,1,1,istanbul,marmara,2019,21.01.2019,7.03.2019,45,yok,0,2,0,0,0,7,8,7,yok,yok,0,0,5,165,"""Kuşlar gibi uçmasını, balıklar gibi yüzmesini öğrendik Ancak bu arada çok basit bir sanatı unuttuk; kardeş olarak yaşamayı...""",5000,başarısız
fongogo,ödül,teknoloji,ya hep ya hiç,QUBIT ROBOTICS FRC TURNUVASINA KATILSIN!,Aslı Çakmak,kadın,0,0,6,0,istanbul,marmara,2019,05.11.2019,19.11.2019,14,var,139,10,0,0,0,10,6,3,var,var,4,277,0,708,Bir Fen Lisesi olarak robot yapmanın zorluklarını aşmayı başardık! FRC turnuvasına katılabilmeleri için geleceğin mühendislerine destek olmaya ne dersiniz?,3000,başarısız
fongogo,ödül,film-video-fotoğraf,ya hep ya hiç,HAYALETLER,Heimatlos Films,belirsiz,3,0,2,1,antalya,akdeniz,2019,27.06.2019,16.08.2019,50,var,212,15,0,1,0,74,9,3,yok,yok,0,0,0,1087,"Küçük Kara Balıklar ve Sulukule Mon Amour'un yönetmeni Azra Deniz Okyay, Hayaletler'de İstanbul'da hayatları birbirini etkileyen 4 karaktere odaklanıyor.""",30000,başarılı
fongogo,ödül,kültür-sanat,ya hep ya hiç,Kültür Mantarı Sanat Hareketi,Serina Tara,kadın,2,0,1,0,istanbul,marmara,2019,26.04.2019,26.05.2019,30,var,59,10,0,0,0,106,8,1,var,var,2,77000,5,547,Çocuklara ve ailelerine kısacası 7'den 77'ye herkese sanat dallarını öğretmeyi ve sevdirmeyi amaçlayan bir sosyal sorumluluk projesi,20000,başarılı
arıkovanı,ödül,teknoloji,ya hep ya hiç,Myst Legends - MOBA Oyunu,Elvan Uslu,kadın,0,0,1,0,belirsiz,belirsiz,2017,,,60,var,131,3,0,0,17,4,8,3,yok,yok,0,0,0,362,"Myst Legends: Strateji oyunlarındaki rekabeti,kapışmayı,meydan okumaları, RPG yani rol yapma oyunlarındaki zevk ve heyecanla birleştiren online bir oyundur",30000,başarısız
fongogo,ödül,film-video-fotoğraf,ya hep ya hiç,ARAFTA,Ahmet Ziya  Çalışkan,erkek,0,0,1,0,istanbul,marmara,2020,24.09.2020,9.11.2020,46,var,158,0,0,0,0,2,7,2,yok,yok,0,0,0,455,Özentilik sonucu oluşan alkol ve uyuşturucu bağımlılığının önüne geçmek amacıyla yazılan bir kısa film.,30000,başarısız
fongogo,ödül,kültür-sanat,ya hep ya hiç,Türk Fantastik Roman Serisi - Esrakt - Unutulmuş Düşman,Mehmet Emir İlgün,erkek,0,0,1,0,istanbul,marmara,2019,05.04.2019,4.06.2019,60,yok,0,7,0,1,0,4,9,1,yok,yok,0,0,5,462,"Yepyeni bir Mitoloji, Uluslararası bir proje. Türkçe ve ingilizce yayımlanacak 3 ana kitap, 6 yan hikayeden oluşan serimin ilk kitabı. Sonraki Hedefim pc oyunu!",39000,başarısız
fongogo,ödül,film-video-fotoğraf,ya hep ya hiç,Hadi Abi !,Mehmet Cenk Cinaloğlu,erkek,0,0,1,0,antalya,akdeniz,2015,15.05.2015,14.07.2015,60,var,48,2,0,0,0,0,4,1,yok,var,1,445,0,505,''Hadi Abi !'' dizi ve sinema set çalışanlarının çalışma şartlarını ve yaşantılarını konu alan uzun metraj bir belgeseldir.,2500,başarısız
fongogo,ödül,eğitim,ya hep ya hiç,Youtube Dünyası İçeriklerini Blog Şeklinde WordPress Altyapısına Taşımak,Habibullah TOKPINAR,erkek,0,0,1,0,adana,akdeniz,2019,02.07.2019,1.08.2019,30,var,205,6,0,0,0,0,3,1,var,var,4,1,5,142,Youtube Dünyası kanalındaki içeriklerinden  www.youtubedas.com adresinden blog şeklinde Wordpress altyapısını kullanarak daha fazla kişiye ulaşmasını sağlamak.,1000,başarısız
fongogo,ödül,eğitim,ya hep ya hiç,Yurt Dışında Üniversite Okuma Hayalim,Osman Cihan Kahraman,erkek,0,0,1,0,antalya,akdeniz,2020,05.05.2020,4.07.2020,60,var,64,10,0,0,0,3,6,1,yok,var,3,89,0,357,Yurt dışında (Litvanya) üniversite okuma hayalim için bir süredir çalışıyorum. Amacım uluslararası çapta bir yazılım mühendisi olabilmek.,7000,başarısız
fongogo,ödül,film-video-fotoğraf,ya hep ya hiç,45 Saniye - Belgesel,Berk Erözer,erkek,0,0,1,0,kocaeli,marmara,2019,07.05.2019,6.06.2019,30,var,68,0,0,0,0,16,8,1,yok,yok,0,0,0,403,17 Ağustos 1999 Gölcük depreminde kaybolan ve bulunamayan çocukların hikayesini anlatan belgesel film.,15000,başarısız
fongogo,ödül,film-video-fotoğraf,ya hep ya hiç,1915: Kimsesiz Topraklar belgeseli desteklerinizi bekliyor,Altan Sancar,erkek,1,0,3,0,istanbul,marmara,2019,26.11.2019,25.01.2020,60,yok,0,4,0,0,0,0,9,1,yok,var,2,105,5,1077,Süryani ve Ermenilerin 1915'te yaşadıklarını anlatacak 1915: Kimsesiz Topraklar adlı uzun metraj ikinci belgesel çalışmamız desteklerinizi bekliyor.,35000,başarısız
fongogo,ödül,teknoloji,ya hep ya hiç,AssistFarm,Mehmet AKSOY,erkek,0,0,1,0,ankara,iç anadolu,2019,14.11.2019,29.12.2019,45,var,52,3,0,0,0,0,6,4,var,yok,0,0,0,418,Tohumun toprakla buluşmasından ürüne dönüşüp satışı yapılana kadar ürün üreticisinin asistanlığını yapmayı amaçlayan bir projedir.,20000,başarısız
fonbulucu,ödül,tasarım,ya hep ya hiç,DesignerHouse,Yüksel Demirel,erkek,0,0,1,0,genel,genel,2019,,,60,yok,0,6,0,0,0,0,9,1,yok,var,1,320,0,146,Kültür Miraslarımız İpek İğne Oyası Dünya'ya Açılıyor,12000,başarısız
fongogo,ödül,film-video-fotoğraf,ya hep ya hiç,Büyük İstanbul Depresyonu / The Great Istanbul Depressıon,NAZLI BULUM,kadın,0,0,1,0,istanbul,marmara,2019,01.07.2019,5.08.2019,35,var,54,18,0,0,0,104,9,5,yok,var,1,1437,5,1062,"Ne olursa olsun bu İstanbul’da, İstanbul’a karşı birlikte verdikleri bir mücadeledir.""""",25000,başarılı
fongogo,ödül,kültür-sanat,ya hep ya hiç,Okursan Yazarım Kitap Projesi,Emre Özerden,erkek,0,0,1,0,istanbul,marmara,2014,10.12.2014,8.02.2015,60,yok,0,8,0,0,0,2,4,1,yok,var,2,5266,0,180,Bu kitap en başta bir hiç olacak; yazanı ve okuyanı gibi.,5000,başarısız
arıkovanı,ödül,teknoloji,ya hep ya hiç,Bulut Board | Çocuklar için Kodlama Kiti,Mekatronik Lab,belirsiz,0,0,1,0,belirsiz,belirsiz,2017,,,60,var,132,11,0,5,30,119,1,5,yok,yok,0,0,0,474,"BulutBoard, üzerinde çocukların tüm duyularını etkileyen ışık, sıcaklık, mikrofon, mesafe, grafik ekran, bluetooth gibi birçok uygulama modülünü dahili olarak bulunduran, kodlama ve elektronik eğitim kitidir.",30000,başarılı
fongogo,ödül,kültür-sanat,ya hep ya hiç,Yüzleşme?Bir fotoğraf sergisi,Özümcan Akın,kadın,0,0,1,0,istanbul,marmara,2017,21.03.2017,20.05.2017,60,var,90,6,0,0,0,11,7,2,yok,var,2,69,5,368,Yaşadığımız olayları 4-5 inç ekranlara hapsettiğimiz yakın geçmişimizin iletişimsizliğine karşılık sizleri bu olayların izini taşıyan 10 kişiyle yüzleştiriyoruz,8000,başarısız
crowdfon,ödül,film-video-fotoğraf,ya hep ya hiç,Unutulmayan İnsan - Kısa Film,Mervan Tapınç,kadın,0,0,1,0,belirsiz,belirsiz,2019,,,60,yok,0,1,0,0,0,4,4,1,yok,yok,0,0,0,115,"BEN YÖNETMEN ADAYI BİR GENÇ, MERVAN TAPINÇ. HAYATIMI SANATA VE SİNEMAYA ADAMIŞ BİR GENÇ. BİR ÇOK ÜNLÜ YÖNET",20000,başarısız
crowdfon,ödül,yayıncılık,ya hep ya hiç,"""konuşma Sanatı"" Diksiyon Kitabı",Cüneyt İngız,erkek,0,0,1,0,belirsiz,belirsiz,2014,,,60,yok,0,1,0,0,0,5,4,1,yok,yok,0,0,0,115,"""KONUŞMA SANATI"" Diksiyon Kitabımın basımı için desteklerinizi bekliyorum.",3000,başarısız
fonbulucu,ödül,çevre,ya hep ya hiç,"Afrikada, BROTHERHOOD Su Kuyusunu Açıyoruz!",Kemal Toktaş,erkek,0,0,1,0,genel,genel,2020,,,60,var,285,1,0,0,0,1,4,1,yok,var,1,3400,0,269,Afrika'da suya ihtiyacı olan yüz binlerce insanı su ile buluşturmaya çalışıyoruz.,1000,başarısız
fongogo,ödül,film-video-fotoğraf,ya hep ya hiç,Borç Kısa Film,Veysel AYVAZOĞLU,erkek,1,0,1,0,balıkesir,marmara,2020,24.11.2020,3.01.2021,40,var,82,2,1,0,0,22,6,1,yok,yok,0,0,0,181,"Esnaf olan Yusuf’un, Toptancı Ahmet’te senet borcu vardır. Yusuf, Ahmet’te olan borcunu ödeyebilmek için Boyacı Kaani’den borcunu tahsil etmeye çalışır.",4000,başarılı
fongogo,ödül,eğitim,ya hep ya hiç,Özgürlüğün Dansı,Sara Fallahi,kadın,0,0,1,0,istanbul,marmara,2018,07.06.2018,6.08.2018,60,yok,0,7,0,0,0,1,6,3,yok,var,1,217,1,224,İranlı bir kız olarak ülkemdeki baskıdan kurtulup tüm barajları yıkarak hayalime kavuşmak.,30000,başarısız
fongogo,ödül,teknoloji,ya hep ya hiç,Just Hide,Emirhan Kursun,erkek,0,0,1,0,istanbul,marmara,2020,09.01.2020,9.03.2020,60,yok,0,5,0,0,0,0,4,1,yok,yok,0,0,0,189,Oyunumuzun geliştirilmesi ve Türk oyun sektörünün gelişmesi için sizin bağışlarınıza ihtiyacımız var.,3000,başarısız
fongogo,ödül,diğer,ya hep ya hiç,ONLAR İÇİN TRAKTÖR ALMAK İSTİYORUM,Ahmet TORUN,erkek,0,0,1,0,samsun,karadeniz,2019,11.06.2019,10.08.2019,60,yok,0,3,0,0,0,0,4,1,yok,yok,0,0,0,260,"Samsun'un Çarşamba ilçesinde çiftçilik ile uğraşıyorum. Köy işlerimi yapmakta ihtiyacım olan traktörü almak için destek bulmaya çalışıyorum.""",63000,başarısız
crowdfon,ödül,yayıncılık,ya hep ya hiç,Hasret - Şiir Kitabı,Savaş Ünsal,erkek,0,0,1,0,belirsiz,belirsiz,2014,,,60,var,60,1,0,0,0,11,8,1,yok,yok,0,0,0,115,"Son 20 Yılda Yazdığım Şiirlerimden derlediğim bir şiir kitabını çıkarmak, sevdiklerimle paylaşmak amacıyla",1575,başarılı
fonbulucu,ödül,hayvanlar,ya hep ya hiç,Vetnorm,Sinan Canpolar,erkek,2,0,1,0,genel,genel,2019,,,60,var,74,2,0,0,0,3,4,1,yok,var,1,29,0,477,Dijital Veteriner Hekim Danışma Hizmeti,10000,başarısız
fongogo,ödül,moda,ya hep ya hiç,Köy Okulunda Özerk Tasarım,Sunay Paşaoğlu,erkek,0,0,1,0,istanbul,marmara,2015,31.08.2015,30.09.2015,30,var,36,9,0,0,0,1,6,4,yok,var,1,1912,0,280,Yerden Yüksek Çocuklar ile Mimarlık Topluluğu Beykoz Mahmut Şevket Paşa Köy Okulu'nda bağımsız tasarım mekanını çocuklar ile birlikte inşa ediyor !,10000,başarısız
fongogo,ödül,film-video-fotoğraf,ya hep ya hiç,"""İzleyenler""  Kısa Bilim kurgu/Gerilim Filminin Hayata Geçmesi İçin Destek",Hasan Ündoğduaka,erkek,0,0,1,0,hatay,akdeniz,2021,8.01.2021,9.03.2021,60,yok,0,3,0,0,0,2,9,2,yok,yok,0,0,0,356,Bir sabah uyandığımda nedensizce birinin beni seyrettiğini hissettim. Yaşadığım bu psikolojik olay önce felsefe tartışmasına daha sonra ise bir senaryoya döndü,10000,başarısız
fongogo,ödül,film-video-fotoğraf,ya hep ya hiç,Hayy-ı Layemut,Sarp Karagemicioğlu,erkek,0,0,1,0,istanbul,marmara,2018,06.08.2018,26.08.2018,20,var,25,3,0,2,0,19,6,1,yok,var,1,20,0,296,"""Sonsuzluk"" ve ""Özgür İrade"" konularına Ölümsüz bir adamın gözünden bakış. 
Hayy-ı Layemut: Ölümün kendisi için söz konusu olmadığı daimî hayat sahibi.",3500,başarılı
fonbulucu,ödül,eğitim,ya hep ya hiç,Kırkiki,a b,belirsiz,0,0,1,0,genel,genel,2018,,,60,yok,0,3,0,0,0,0,4,1,yok,yok,0,0,0,250,Her kesime hitap eden güncel İnternet blogu.,5000,başarısız
fongogo,ödül,teknoloji,ya hep ya hiç,"""TUTUNJ""u Hep Birlikte Dünya Markası Yapalım!",Ege Tütüncü,erkek,0,0,4,0,ankara,iç anadolu,2018,08.06.2018,7.08.2018,60,var,60,31,0,2,0,54,7,1,var,var,3,10800,5,804,"Amacım,3 yıldır halihazırda gelişmekte olan ""TUTUNJ"" adlı markamı, 
e-ticaretin 1 numaralı ülkesi olan Amerika'ya taşıyıp, doğru bağlantılarla Dünya'ya açmak!",20000,başarılı
fongogo,ödül,yayıncılık,ya hep ya hiç,Onlıne Enflasyon Hesaplama Projesi,Ufuk Alparslan,erkek,0,0,1,0,istanbul,marmara,2020,27.10.2020,26.11.2020,30,var,132,2,0,0,0,0,3,1,var,var,1,582,5,218,Online fiyatları çeken bir kod yazdık ve TÜİK'in kullandığı enflasyon sepetinin aynısını kullanarak alternatif bir enflasyon hesabı yarattık,50000,başarısız
fongogo,ödül,kültür-sanat,ya hep ya hiç,Uşak Uluslararası  Kanatlı Denizatı Kısa Film   Festivali,Deniz  Karbas,erkek,0,0,1,0,uşak,ege,2019,20.11.2019,10.12.2019,20,var,57,5,0,1,0,18,7,2,var,var,3,246,0,403,"U.Ü İletişim Topluluğu olarak öğrenciler tarafından düzenlenen,telif hakkı veren,uluslararası kanatlı denizatı kısa film festivali olarak el ele çalışıyoruz.",5000,başarılı
fonbulucu,ödül,teknoloji,ya hep ya hiç,Otomatik Balon Şişirici,Samed Kütük,erkek,0,0,1,0,genel,genel,2018,,,60,yok,0,3,0,0,1,1,4,1,yok,yok,0,0,0,252,Yeni Nesil Otonom Balon Şişirme Makinesi,1500,başarısız
fonbulucu,ödül,eğitim,ya hep ya hiç,Yazar Olmak,Baturalp İlkay Gülten,erkek,0,0,1,0,genel,genel,2018,,,60,yok,0,1,0,0,1,2,6,1,yok,var,2,679,0,465,"Yazar ve yazar adayları için bilgi ve önerilerin paylaşıldığı sosyal platform. imiz, yazar ve yazar adaylarının deneyimlerini paylaştığı, sorularına yanıt bulduğu bir platform olmak.",7000,başarısız
fongogo,ödül,kültür-sanat,ya hep ya hiç,Etiketsiz Yaşam LGBTQ Hareketi,Simge Sinem Kaya,kadın,0,0,1,0,ankara,iç anadolu,2020,23.03.2020,22.05.2020,60,var,64,1,0,0,0,0,7,1,yok,yok,0,0,5,1313,LGBTQ+ topluluğundaki herkesin yuvası olarak görebileceği bir yer hazırlamama yardım eder misin?,20000,başarısız
crowdfon,ödül,diğer,ya hep ya hiç,Magnezyam,Yunus Bozok,erkek,0,0,1,0,belirsiz,belirsiz,2021,,,60,var,24,1,0,0,0,1,1,1,yok,yok,0,0,0,57,"Türkiye e ticaret sektöründe güvenilir, hızlı ve hem satıcıları hem alıcıların düşük maliyetler ile bir a",300000,başarısız
fongogo,ödül,film-video-fotoğraf,ya hep ya hiç,Çiçekçi (Kısa Film),Aykut Topçu,erkek,0,0,1,0,bursa,marmara,2015,24.12.2015,22.02.2016,60,yok,0,0,0,0,0,1,5,1,yok,yok,0,0,0,251,Desteklerinizle çekmek istediğimiz projelerimizden biri: Çiçekçi.,7000,başarısız
fongogo,ödül,film-video-fotoğraf,ya hep ya hiç,Amigdala (Kısa Film),UTKU NAR,erkek,0,0,1,0,izmir,ege,2019,15.05.2019,14.06.2019,30,yok,0,2,0,0,0,0,9,1,yok,yok,0,0,2,125,Dışa vuramadığınız her şeyin en somut haliyle açığa çıkarılmasını ister misiniz ?,8000,başarısız
fongogo,ödül,film-video-fotoğraf,ya hep ya hiç,Hazeran,Gizem Çoşgun,kadın,0,0,1,0,istanbul,marmara,2018,31.10.2018,15.12.2018,45,yok,0,2,0,0,0,0,6,1,yok,yok,0,0,0,189,Şiddet şiddeti doğurur.,7000,başarısız
crowdfon,ödül,film-video-fotoğraf,ya hep ya hiç,Kısa Film Projem,Orhan Kara,erkek,0,0,1,0,belirsiz,belirsiz,2013,,,60,var,60,1,0,0,0,13,8,1,yok,yok,0,0,0,72,Hem senaryo hem kurgu hem de oyunculuk performansları açısından kısa film türünde alışılmışın dışında bi,1600,başarılı
fongogo,ödül,sağlık-güzellik,hepsi kalsın,Kuaför Uğurkan Esim - Kuaförünü Destekle,Uğurkan Esim,erkek,0,0,1,0,antep,güneydoğu,2020,16.04.2020,30.04.2020,14,var,49,4,0,0,0,2,4,1,yok,var,1,23400,5,133,Salonumuzun bakanlık kararıyla kapalı olduğu bu dönemde ayakta kalması sizin elinizde,10000,başarısız
fongogo,ödül,diğer,ya hep ya hiç,Fikirlerimiz Hayat Bulsun!,Üsküdar Çocuk Üniversitesi,belirsiz,1,0,1,0,istanbul,marmara,2017,09.01.2017,23.02.2017,45,var,115,16,0,0,0,19,8,8,var,var,3,7285,0,389,"Sosyal Sorumluluk çalışmalarımız kapsamında, farkındalık çalışmalarımızı hayata geçirebilmek için stüdyoya ihtiyacımız var.",15000,başarısız
fongogo,ödül,film-video-fotoğraf,ya hep ya hiç,Portreler Fotoğraf Kitabı,Can Mocan,erkek,0,0,1,0,istanbul,marmara,2020,15.06.2020,14.08.2020,60,var,388,4,0,1,0,36,7,2,var,var,2,4312,4,367,2007-2020 arasında yaptığım portre çekimlerden oluşan bir fotoğraf kitabı.,20000,başarılı
fongogo,ödül,film-video-fotoğraf,ya hep ya hiç,Serbest Radikaller/Free Radicals,Gamze Terra,kadın,0,0,1,1,istanbul,marmara,2018,20.09.2018,20.10.2018,30,var,34,5,0,0,0,28,8,4,yok,var,1,186,2,798,"Hayatımızın çemberine isteyerek ya da istemeyerek dahil ettiğimiz, sınırlarımızı zorlayan serbest radikaller nelerdir?""",7000,başarılı
fongogo,ödül,kültür-sanat,ya hep ya hiç,KAVRAM ve KARMAŞA,Veysel Boğatepe,erkek,0,0,1,0,ankara,iç anadolu,2019,22.02.2019,23.04.2019,60,var,61,12,0,0,0,0,6,2,yok,var,3,130,5,349,"Kurgu ve tasarımlarla yorumladığım 12 kavramla, toplumsal aydınlanmaya ve bilinçlenmeye katkı sunmayı amaçladım. Sanatçılar bu duyarlılıkla projede yer aldılar.",15000,başarısız
fongogo,ödül,diğer,hepsi kalsın,Oktay Torlak Hair Studio - Kuaförünü Destekle,Oktay Torlak,erkek,0,0,1,0,istanbul,marmara,2020,10.04.2020,10.05.2020,30,var,86,6,0,0,0,17,4,1,yok,var,1,19400,5,104,Covid-19 sebebiyle içinden geçtiğimiz bu zor dönemde bize destek olarak salonumuzun ayakta kalmasını sağlamak sizin elinizde.,20000,başarısız
fongogo,ödül,diğer,ya hep ya hiç,"ENGELSİZ-EŞİT YAŞAMI,SANAT VE SPORLA MÜMKÜN KILAN YER: DÜŞLER AKADEMİSİ KAŞ",Düşler Akademisi Kaş,belirsiz,0,0,1,1,belirsiz,belirsiz,2015,,13.07.2017,60,yok,0,4,0,0,0,9,6,3,yok,yok,0,0,0,102,"Düşler Akademisi Kaş, hayatlarında ilkleri yaşayan engelli ve dezavantajlı bireylere daha iyi imkanlar sunabilmek için desteklerinizi bekliyor!",45000,başarısız
fongogo,ödül,yayıncılık,ya hep ya hiç,Uzaydan Bilim Dergisi 3 Aylık Özel Sayı,Uzaydan Com,belirsiz,0,0,1,0,antalya,akdeniz,2020,22.05.2020,21.07.2020,60,var,47,5,0,0,0,2,5,1,var,var,2,3515,5,645,"Uzaydan Güncel Haber Ve Bilgi Platformu; uzay, astronomi, keşif konularına ilişkin özel bir bilim dergisi çıkarmak için desteğe ihtiyaç duyuyor...",5500,başarısız
fongogo,ödül,teknoloji,ya hep ya hiç,Unless World,Muhammet Eroğlu,erkek,0,0,1,0,adıyaman,güneydoğu,2020,24.01.2020,24.03.2020,60,var,93,2,0,0,0,0,6,1,yok,var,1,195,0,154,Projemin Amacı Oyun Sektöründe Yenilikçi Bir Şirket Olmak.,2000,başarısız
fongogo,ödül,kültür-sanat,hepsi kalsın,Pandemide Caz Müzisyenleriyle Dayanışma Konseri,Eren Noyan,erkek,0,0,1,0,istanbul,marmara,2020,22.12.2020,7.02.2021,47,var,58,8,1,0,0,100,7,1,yok,yok,0,0,5,318,Pandemi şartlarında caz müzisyenlerine destek olmak ve 2021'e daha umutlu girebilmek için yılbaşını caz dolu bir konserle karşılıyoruz,50000,başarısız
fongogo,ödül,diğer,ya hep ya hiç,Frontline Warfare,OverDamage  Studios,belirsiz,0,0,1,0,istanbul,marmara,2020,20.11.2020,19.01.2021,60,var,31,3,0,0,0,0,4,1,yok,var,1,1,0,220,"Frontline Warfare; Hikâye tabanlı, birçok ülkenin siyasi ve tarihi savaşlarının anlatıldığı (Oynandığı). Bir savaş oyunudur. Türkiye'de eşi olmayan bir projedir",5000,başarısız
crowdfon,ödül,tasarım,ya hep ya hiç,Ahşap Sürat Teknesi,Engın Erdem,erkek,0,0,1,0,belirsiz,belirsiz,2015,,,60,yok,0,1,0,0,0,2,4,1,yok,yok,0,0,0,115,Yıllardır hevesle gelen bir projemi artık hayata geçirmek istiyorum . Ahşap sürat teknesinde kararlıyım . İçte,2500,başarısız
fongogo,ödül,film-video-fotoğraf,ya hep ya hiç,Çekimleri Biten Nokta Filminin Animasyon Sahnesi İçin Destek Kampanyası,karis deniz kara,erkek,3,0,1,0,istanbul,marmara,2019,20.05.2019,19.07.2019,60,yok,0,11,0,0,0,7,9,2,var,var,4,58,0,592,"Çekimleri Tamamlanan ve Kaba Kurgusu Biten Kurmaca Filmimizin Animasyon Olarak Yapılacak Son Sahnesini Yapabilmek Adına Desteğinizi Bekliyoruz...""",25000,başarısız
fongogo,ödül,kültür-sanat,hepsi kalsın,ESKİŞEHİR KIRAATHANE KÜLTÜR SANAT EVİ'Nİ YAŞATMA VE DAYANIŞMA PROJESİ,Murat  Şen,erkek,0,0,1,0,eskişehir,iç anadolu,2020,24.09.2020,24.10.2020,30,var,181,1,1,1,0,2,3,1,yok,var,1,16335,5,186,"Eskişehir'de yıllardır sanat ve sanatçıyı destekleyen Kıraathane Kültür Sanat Evi; pandemi döneminde çok zarar etti, sizin desteğinizle yaşamaya devam etsin...",150000,başarısız
fonbulucu,ödül,çevre,ya hep ya hiç,Nemli elektrik,Yasin Koyuncu,erkek,0,0,1,0,kayseri,iç anadolu,2020,,,60,var,170,3,0,0,1,0,6,1,yok,yok,0,0,0,307,Nem ile elektirik üretmek,50000,başarısız
fongogo,ödül,diğer,hepsi kalsın,#Onlineimece iyilik için koş ya da iyiliğini bağışla!,Ali Ercan Özgür,erkek,0,0,1,0,izmir,ege,2018,5.02.2018,6.04.2018,60,var,101,15,0,0,0,66,6,1,var,var,4,51373,5,284,İyiliğe bağış yapabilir ya da Runatolia'da İhtiyaç Haritası İmece Takımı ile birlikte koşabilirsin. Bu koşuda her adım gülümsemek ve gülümsetmek için!,9200,başarılı
fongogo,ödül,film-video-fotoğraf,ya hep ya hiç,Dönüşüm Belgeseli,Dönüşüm Film,belirsiz,0,0,1,0,istanbul,marmara,2018,06.08.2018,20.08.2018,14,var,186,0,0,0,0,29,7,6,yok,var,2,32,4,152,Dönüşüm Belgeseli,7500,başarılı
fonbulucu,ödül,diğer,ya hep ya hiç,Çorbada Benim de Tuzum Olsun,Seçkin Şevki Özer,erkek,0,0,2,0,sivas,iç anadolu,2018,,,60,yok,0,2,0,0,0,1,4,1,yok,var,1,81,0,90,Genç girişimciler olarak geleceğin teknolojilerini üretmek için ihtiyaç duyduğumuz araçlar için desteklerinizi bekliyoruz.,1000,başarısız
fongogo,ödül,film-video-fotoğraf,ya hep ya hiç,HAKKI KADIN,Rabia Görmez,kadın,0,0,1,1,belirsiz,belirsiz,2017,,3.09.2017,60,yok,0,2,0,0,0,3,5,1,yok,yok,0,0,0,120,"Bu proje 28. Ankara ULUSLARARASI Kısa film festivali içindir. Tema; ""Kadın hakları insan haklarıdır. Türkiye de kadın haklarını nasıl savunulmalı?""",6000,başarısız
fongogo,ödül,film-video-fotoğraf,ya hep ya hiç,AYŞE,Ömer Sevinç,erkek,0,0,1,0,çanakkale,marmara,2018,28.08.2018,27.09.2018,30,yok,0,9,0,1,0,6,9,5,yok,yok,0,0,0,476,Ayşe'nin babasından karne hediyesi olarak beraber denize girmelerini ve yıldız hikayelerini dinlemeyi istemesiyle bir masala ortak oluruz.,4000,başarısız
fongogo,ödül,kültür-sanat,ya hep ya hiç,Doğada Hayat Var Yaratıcı Etkinlik Merkezinin Kurulması,Çiğdem Yıldız,kadın,0,0,1,0,istanbul,marmara,2017,06.02.2017,23.03.2017,45,var,143,7,0,1,0,6,8,3,yok,var,4,3880,5,410,Doğa ve sanat konulu etkinliklere kolaylıkla ulaşamayanlar için bir yaratıcı etkinlik merkezi açmak istiyorum.,25000,başarısız
crowdfon,ödül,yayıncılık,ya hep ya hiç,Hayallerimiz Belkide Yazdıklarımızdan İbarettir,Gökhan Atik,erkek,0,0,1,0,belirsiz,belirsiz,2016,,,60,yok,0,1,0,0,0,0,4,1,yok,yok,0,0,0,115,Yaklaşık 4 yıldır yazmış olduğum yaşamdan çıkardığım yazılar şiirlerin bulunduğu bir kitap çıkartmak i,50000,başarısız
crowdfon,ödül,teknoloji,ya hep ya hiç,Firmsare.com Global B2b Platformu Projesi,Firmsare,belirsiz,0,0,1,0,belirsiz,belirsiz,2018,,,60,yok,0,1,0,0,0,0,4,1,yok,yok,0,0,0,115,"Firmsare global ölçekli olarak firmalara yönelik yayın yapan bir ilan ve teklif sistemidir. 

Firmsare üzerinde fir",50000,başarısız
fongogo,ödül,film-video-fotoğraf,ya hep ya hiç,7Filmi,Nazım Erdinç Turan,erkek,0,0,1,0,konya,iç anadolu,2018,16.05.2018,15.06.2018,30,var,55,3,0,0,0,1,4,17,var,var,3,27,5,191,"AristoteIes’in“GençIere  önem veriniz; çünkü bu yoIda en küçük ihmaI, üIkenin yapısını ve geIeceğini yok eder.”Sözünden yola çıkarak  çekilecek bir sinema filmi",30000,başarısız
fongogo,ödül,müzik,ya hep ya hiç,Küçük Zaman Kızı,Doğukan Güvercin,erkek,0,0,1,0,istanbul,marmara,2015,06.05.2015,5.07.2015,60,yok,0,8,0,0,0,2,6,1,yok,yok,0,0,0,274,Küçük Zaman Kızı'nın notalara dökülme hikâyesi. Bir single projesi.,7000,başarısız
crowdfon,ödül,film-video-fotoğraf,ya hep ya hiç,Yaşam Marangozu,Deniz Koçak,kadın,0,0,1,0,belirsiz,belirsiz,2013,,,60,yok,0,1,0,0,0,2,4,1,yok,yok,0,0,0,40,Yaşam Marangozu film projesi 'Dünya hepimize yeter' diyen enternasyonal bir insanın Sarkis Çerkezyan'ın hayatını,3000,başarısız
crowdfon,ödül,teknoloji,ya hep ya hiç,Matchmytag,Mustafa Cem Pehlivan,erkek,0,0,1,0,belirsiz,belirsiz,2018,,,60,yok,0,1,0,0,0,8,4,1,yok,yok,0,0,0,115,"İş dünyasındaki kişileri , lokasyon bazlı olarak , yetenek ve ihtiyaçlarına göre birbirleriyle eşleştirecek o",32750,başarısız
fongogo,ödül,film-video-fotoğraf,hepsi kalsın,Ç-Engel,Suat Şenocak,erkek,0,0,1,0,bursa,marmara,2015,01.12.2015,29.02.2016,90,var,303,17,0,4,0,17,10,1,yok,var,2,139,0,1065,"Engel değil, Çengel Selami'nin fevkalade öyküsü... 'Apert Sendromu'na farkındalık yaratacak çok özel bir sinema filmi projesi ""Ç-Engel / The Cedilla""",50000,başarısız
crowdfon,ödül,film-video-fotoğraf,ya hep ya hiç,Hayvan Deneyleri,Uğur Kara,erkek,0,0,1,0,belirsiz,belirsiz,2014,,,60,yok,0,1,0,0,0,4,4,1,yok,yok,0,0,0,115,Hayvan deneylerini anlatan ve önlenmesi için bilinç sağlamaya çalışan belgesel film çalışmamıza desteklerini,5000,başarısız
fongogo,ödül,kültür-sanat,ya hep ya hiç,The Madman and The Nun by Wıtkacy Polonya'ya Gidiyor,Daniel Irizarry,erkek,0,0,1,1,belirsiz,belirsiz,2017,,16.09.2017,60,yok,0,2,0,0,0,5,6,1,yok,yok,0,0,0,120,Dünya prömiyerini Türk oyuncular ile Bilkent Üniversitesi'nde yapan The Madman And The Nun oyunu Polonya'daki Gardzienice Tiyatro Festivali'ne davet edildi.,15000,başarısız
fongogo,ödül,film-video-fotoğraf,ya hep ya hiç,İmparatorlukta Zor Bir Gün / A Hard Day at the Empire,Beste Yamalioglu,kadın,11,0,2,1,istanbul,marmara,2017,11.09.2017,11.10.2017,30,var,97,2,0,5,0,96,7,3,yok,var,1,420,5,1128,Osmanlı İmparatorluğu ile ilgili bir televizyon dizisinde sanat asistanı olarak çalışan Cansu’nun setteki trajikomik bir günü.,20000,başarılı
fongogo,ödül,diğer,ya hep ya hiç,Doğadaki Çocuk,Seren Kutadgu,kadın,2,0,1,0,istanbul,marmara,2019,2.09.2019,1.11.2019,60,var,149,5,0,0,0,105,8,6,yok,var,1,144,3,571,"İstanbul'daki çocuk yuvalarında yaşayan dezavantajlı çocukların topluma kazandırılmasına katkı sağlamak ve doğanın korunması konusunda farkındalık yaratmaktır.""",30000,başarılı
fongogo,ödül,sağlık-güzellik,hepsi kalsın,ALS hastalarını hayata bağlayalım..,Alper Ertuna,erkek,8,0,1,0,antalya,akdeniz,2018,10.09.2018,13.11.2018,64,var,72,7,0,1,0,131,5,1,yok,yok,0,0,0,781,"Projemizin amacı ALS hastalarına göz bilgisayarları alarak onları hayata bağlamak.""""""""",40000,başarılı
fongogo,ödül,diğer,ya hep ya hiç,Fongogo - Hayat Bulsun!,Fongogo Team,belirsiz,3,0,2,0,istanbul,marmara,2015,4.05.2015,3.07.2015,60,yok,0,12,0,0,0,51,11,7,yok,var,3,5634,0,167,"Fongogo ekibi olarak büyümek, daha geniş kitlelere ulaşmak ve daha fazla başarı hikayesi yaratmak istiyoruz!",50000,başarılı
fonbulucu,ödül,teknoloji,ya hep ya hiç,Kitlesel Alış-Veriş Platformu Limdrop,Barış Yusuf Eryentür,erkek,0,0,1,0,istanbul,marmara,2018,,,60,yok,0,3,0,0,0,1,9,1,yok,var,1,8,0,333,Ön sipariş modeli ile insanların kitlesel bir şekilde siparişlerinin toplandığı ve toptan birim fiyatına yakın ürün satın alabildikleri bir platform,30000,başarısız
fongogo,ödül,çevre,ya hep ya hiç,"Kuşlara Yuva, Toprağa Tohum",Ali Seyfullah Ari,erkek,0,0,1,0,konya,iç anadolu,2014,11.04.2014,10.06.2014,60,yok,0,4,0,0,0,1,3,1,yok,yok,0,0,0,211,Ağaç ev ve çamlarla daha fazla kişinin hem aileleriyle zaman geçirmesini hem de kuşların yaşamına ve doğaya katkıda bulunmasını hedefliyoruz.,1000,başarısız
fongogo,ödül,film-video-fotoğraf,ya hep ya hiç,Mavinin Yedi Tonu Eğirdir,selim dilmenbh,erkek,0,0,1,0,ısparta,akdeniz,2016,14.04.2016,2.06.2016,49,yok,0,0,0,0,0,17,5,2,yok,yok,0,0,0,0,Mavinin 7 tonunu görüldüğü Eğirdir Gölü konulu belgeselimiz için bize destek olun.,1250,başarılı
fongogo,ödül,film-video-fotoğraf,ya hep ya hiç,YASEMİN,Şaban ÇELİK,erkek,0,0,1,0,diyarbakır,güneydoğu,2017,23.10.2017,22.11.2017,30,var,91,5,0,0,0,0,6,2,yok,yok,0,0,0,154,Hayatın önüne koyduğu tüm engellerle cesurca mücadele etmiş bir kadının hikayesi. Biz O'nu çok sevdik. Eminiz siz de çok seveceksiniz.,8500,başarısız
fonbulucu,ödül,gıda-yeme-içme,ya hep ya hiç,Anne Eli Yemekleri,Barış Yılmaz,erkek,0,0,1,0,genel,genel,2018,,,60,var,55,1,0,0,0,1,5,1,yok,yok,0,0,0,62,Anne evi yemekleri,25000,başarısız
fongogo,ödül,film-video-fotoğraf,ya hep ya hiç,BİR TAŞRA DOKTORUNUN ANILARINDAN,berkan tekkaynar,erkek,0,0,1,0,istanbul,marmara,2019,07.01.2019,8.03.2019,60,yok,0,2,0,0,0,0,8,1,var,yok,0,0,1,367,25 YAŞINDA HİÇ KİMSEYİ SEVEMEDEN ÖLMEK DEHŞET VERİCİDİR.,10000,başarısız
crowdfon,ödül,diğer,ya hep ya hiç,Benim Babam (kısa Film Senaryosu,Gökmen Denk,erkek,0,0,1,0,belirsiz,belirsiz,2018,,,60,yok,0,1,0,0,0,0,4,1,yok,yok,0,0,0,115,Gerçek Hayattan Alınma Bir Kısa Film Senaryosu Yazdım Fakat Çekebilmem İçin Destege İhtiyacım Var Ve Kısa Film,50000,başarısız
crowdfon,ödül,teknoloji,ya hep ya hiç,Mülteciler İçin Minirov,Kıvanç Mutlu,erkek,0,0,1,0,belirsiz,belirsiz,2016,,,60,yok,0,1,0,0,0,7,4,1,yok,yok,0,0,0,115,Ülkemiz coğrafi olarak sıcak bir bölgede bulunmaktadır. Çevremizde insanı dramlar ve savaşlar vardır. Bu gergin,30000,başarısız
fonbulucu,ödül,teknoloji,ya hep ya hiç,Dijital Ürünler İlan Sitesi,Hüseyin Demirci,erkek,0,0,1,0,genel,genel,2020,,,60,yok,0,1,0,0,0,0,6,1,yok,var,3,3,0,358,"Dünün Deneyimi, Bugünün Bilgisi Ve Geleceğin Teknolojisi İle Güçlü Ve Kararlı Bir Girişim; Wolaps.Com",3000,başarısız
fongogo,ödül,film-video-fotoğraf,ya hep ya hiç,DI NAVBERÊ DE / ARADA,Ali Kemal Çınar,erkek,2,0,1,0,diyarbakır,güneydoğu,2018,24.07.2018,2.09.2018,40,var,56,6,0,0,0,101,7,1,var,var,2,1626,5,1634,"Osman anladığı dili konuşamayan, konuştuğu dili de anlamayan biridir. Bu özelliğinden dolayı zaman içinde iki işi aynı anda yapamaz hale gelir.",20000,başarılı
fongogo,ödül,film-video-fotoğraf,ya hep ya hiç,YANILGI - KISA FİLM,Ferhat Ertem,erkek,0,0,1,0,kocaeli,marmara,2019,26.11.2019,10.01.2020,45,yok,0,1,0,0,0,0,9,2,yok,yok,0,0,1,406,Merhabalar. Biz bir kısa film çekmek ve bu kısa film ile ulusal/uluslararası festivallerde yarışmak istiyoruz. Fakat bunun için desteğinize ihtiyacımız var!,12500,başarısız
fongogo,ödül,film-video-fotoğraf,ya hep ya hiç,Siz Biraz Uzak Kaldınız,Elif Refig,kadın,5,0,1,0,istanbul,marmara,2019,16.05.2019,25.06.2019,40,var,65,12,0,0,0,51,6,2,yok,var,2,170,5,357,"Bir öğrenci evi,iki kadın,bir adam, iki skor, bir akşam yemeği, aşk, kalabalık sokaklar, bitmeyen umutlar, şehrin kocaman sesi altında ezilen küçük çığlıklar...",20000,başarılı
fonbulucu,ödül,teknoloji,ya hep ya hiç,Tdijits,Emrah Yaşar,erkek,0,0,3,0,genel,genel,2019,,,60,yok,0,4,0,0,0,0,5,1,yok,yok,0,0,0,542,Türk lirası endeksli digital para,1000000,başarısız
fonbulucu,ödül,eğitim,ya hep ya hiç,Ünicim,Salih Yemenli,erkek,0,0,1,0,genel,genel,2019,,,60,var,138,1,0,0,5,0,5,1,yok,var,1,1,0,391,Öğrencilerin sorunların en aza indirgeyip tatlı bağımlılık yapan bir projedir.,80000,başarısız
fongogo,ödül,spor,ya hep ya hiç,SPORSEN.COM,Ufuk Bozkaya,erkek,0,0,1,0,istanbul,marmara,2015,19.01.2015,20.03.2015,60,yok,0,6,0,0,0,0,6,1,yok,var,1,113,0,342,"Spor aşkını arttırmak için sporun her alanını internete taşıyan, spora özgü kurulmuş bir sosyal ağ",20000,başarısız
crowdfon,ödül,teknoloji,ya hep ya hiç,Happykids Çocuk Tableti,Tufan Macar,erkek,0,0,1,0,belirsiz,belirsiz,2013,,,60,yok,0,1,0,0,0,7,4,1,yok,yok,0,0,0,40,"0-5 ve 6-13 yaş grubu için eğitici, eğlenceli tablet pc Çocuklarınız dilerse müzik dinler, oyun oynar, çizgi fi",4500,başarısız
fongogo,ödül,film-video-fotoğraf,ya hep ya hiç,Kendim ile - Kısa Film,özlem çıngırlar,kadın,0,0,1,0,istanbul,marmara,2020,14.07.2020,18.08.2020,35,var,60,8,0,0,0,32,7,3,yok,var,1,300,0,414,"Korkaklıklarımızın farkına vardığımızda ve içimizde gizli kalanları uyandırdığımızda ne olur?', 'İçerde mi dışarda mı daha özgür olabilir bir insan?'",15750,başarılı
fonbulucu,ödül,eğitim,ya hep ya hiç,Ögrenci Blogları,İbrahim Aydoğdu,erkek,0,0,1,0,genel,genel,2018,,,60,yok,0,3,0,0,0,1,4,1,var,var,2,315,0,237,Gündemi daha eğlenceli okuma,6000,başarısız
fonbulucu,ödül,teknoloji,ya hep ya hiç,BUL7 | Merkezi Olmayan Arama Motoru,Bora Özer,erkek,0,0,1,0,genel,genel,2018,,,60,yok,0,3,0,0,1,4,10,1,yok,yok,0,0,0,444,"Veri hususunda kalıcı ve merkezi olmayan, çok yönlü bir sorgu sistemi.",50000,başarısız
arıkovanı,ödül,teknoloji,ya hep ya hiç,Wollox Pro - Ekranlarını Özgürleştir,Alaattin Tamer Cengiz,erkek,0,0,2,0,belirsiz,belirsiz,2018,,,60,var,60,4,0,0,0,22,9,1,yok,yok,0,0,0,549,Wollox Pro yeni nesil flat TV ve projeksiyon kullanımını kolaylaştıran bir görüntü kontrol sistemi olarak tanımlanabilir.,200000,başarılı
fongogo,ödül,müzik,ya hep ya hiç,MÜZİK EKSPRESİYLE DOĞU - İLK ALBÜM VE KARS'TAKİ MÜZİK FİLMİM,Deniz Orhangazi,erkek,0,0,1,1,belirsiz,belirsiz,2019,,18.10.2019,60,yok,0,1,0,0,0,1,6,1,yok,yok,0,0,0,120,Sömürülmeden sanatımızı elimizden gelen en iyi şekilde sunabilmek için desteğe ihtiyacımız var.,25000,başarısız
fongogo,ödül,müzik,ya hep ya hiç,Müzik Dünyasında Yeni Bir Nefes,Hasan Savaş,erkek,0,0,1,0,istanbul,marmara,2020,22.09.2020,21.11.2020,60,var,68,2,6,0,0,0,9,1,yok,yok,0,0,0,146,Özenle yaratılmış ilham verici müzik yapımlarının başka bir boyuta taşınabilmesi adına canlı performans ve video klip çekimleri için ekipmana ihtiyaç var.,8000,başarısız
fongogo,ödül,eğitim,ya hep ya hiç,Ben değil Biz:Hayalimdeki şirketten yurtdışında staj kabulü aldım.,Berkay Ürkmez,erkek,0,0,1,0,ankara,iç anadolu,2019,29.04.2019,31.05.2019,32,var,204,3,0,0,0,27,8,1,yok,var,2,500,5,980,"Ülkemizin ekonomik geleceğini katkıda bulunabilmek için ithalat-ihracat üzerine uluslararası bir şirkette staj yapmayı hayal ettim,MSC İtalya'dan kabul aldım.""",29812,başarılı
fongogo,ödül,dans-performans,ya hep ya hiç,Nart Dance'ın Hayaline Ortak Olur Musunuz?,Yeşim  Durmaz,kadın,2,0,1,0,sakarya,marmara,2020,20.01.2020,20.03.2020,60,yok,0,2,0,0,0,112,7,3,yok,yok,0,0,3,132,"Amacımız; çocukların ve gençlerin dansı, müziği, kültürü sevip benimseyebilecekleri bu sayede güzel dostluklar kurup bunu sürdürebilecekleri bir çatı olabilmek.",35000,başarısız
fonbulucu,ödül,teknoloji,ya hep ya hiç,Labirent Bilgi Yarışması,Mustafa Ünsal,erkek,0,0,1,0,genel,genel,2019,,,60,yok,0,1,0,0,0,1,4,1,yok,yok,0,0,0,290,Sıradışı bir bilgi yarışması deneyimi,50000,başarısız
arıkovanı,ödül,teknoloji,ya hep ya hiç,Hergele Elektrikli Scooter,Bugay Çağlar,erkek,0,0,1,0,belirsiz,belirsiz,2019,,,60,var,60,13,0,1,38,72,3,6,yok,yok,0,0,0,309,"Hergele nedir? Hergele, çok amaçlı kullanımı ile dikkat çeken bir elektrikli scooter olarak tanımlanabilir. Günlük kullanıma uygun ve kolay kullanılabilir bir yerli üretim ürünü olan Hergele, Türk mühendisler ve tasarımcılar tarafından özenle geliştirilmiş bir proje.",100000,başarılı
fongogo,ödül,sağlık-güzellik,hepsi kalsın,Ms Güzellik Salonu - GÜZELLİK SALONUNU DESTEKLE,Menevşe  Sanal,kadın,0,0,1,0,ankara,iç anadolu,2020,28.04.2020,12.05.2020,14,var,49,4,0,0,0,0,4,1,yok,var,1,10100,0,127,Merkezimizin kapalı olduğu bu günlerde işletmemize CANSUYU olmak sizin elinizde,10000,başarısız
fongogo,ödül,eğitim,ya hep ya hiç,"Hindistan Yolunda, Yolları Birleştirmek...",Ayşen Atıl,kadın,1,0,1,0,istanbul,marmara,2016,20.12.2016,3.02.2017,45,var,117,11,0,4,0,16,9,3,var,var,4,1628,4,846,"Bu proje bir sanat, yoga, yolculuk ve bunların birleşimiyle yolları birleştirme, hayalleri gerçekleştirme projesidir.",10000,başarısız
fongogo,ödül,film-video-fotoğraf,ya hep ya hiç,Yalın,Yağız Arıkan,erkek,0,0,1,0,istanbul,marmara,2019,15.04.2019,13.05.2019,28,var,55,2,0,0,0,18,9,4,yok,yok,0,0,4,367,Yalnızlık bir filmde karakter olsaydı?,5000,başarılı
fongogo,ödül,yayıncılık,ya hep ya hiç,81 İlin Bir Avuç Toprağını Toplamak! Özgürlük Yolculuğu #Yol-açık-yola-çık,Ömer Can SÜMERLİ,erkek,1,0,1,0,muğla,ege,2020,04.05.2020,3.07.2020,60,var,246,19,0,0,0,0,5,1,var,var,1,1,5,441,"Üniversite öğrencisi olarak Otostop-Tren gibi yollarla Türkiye'yi gezmeye çalışıyorum. Gezdiğim yerleri, kültürlerini, yol maceralarımı videolarla paylaşıyorum.",3500,başarısız
fongogo,ödül,kültür-sanat,ya hep ya hiç,Hatay'a Cep Tiyatro Kurmak,ali birecik,erkek,0,0,1,0,hatay,akdeniz,2020,24.02.2020,25.03.2020,30,yok,0,0,0,0,0,0,8,2,yok,yok,0,0,4,534,2 yıldır Hatay Antakya'da tiyatro ile uğraşıyoruz. Şehirde olmayan Doğaçlama Tiyatro kültürünü yaymaya çalışıyoruz.,8200,başarısız
fongogo,ödül,film-video-fotoğraf,ya hep ya hiç,Ortanca Kendini Kurtardı Ama Büyük Oğlan Serseri Oldu,Santral Kumpanya,belirsiz,0,0,1,0,istanbul,marmara,2019,24.10.2019,23.12.2019,60,var,91,2,0,1,2,16,5,1,var,yok,2,2325,5,142,"Dizimizin ilk bölümünü çekmek için kamera,ışık ve ses ekipmanları ile mekan kiralamanın yanı sıra, dekor,kostüm ve oyuncular için bu bütçeye ihtiyacımız var. :)",2000,başarılı
fonbulucu,ödül,teknoloji,ya hep ya hiç,GraVVindy-Windagrotech için destek,Atilla Öztürk,erkek,1,0,2,0,istanbul,marmara,2018,,,60,var,61,11,0,0,0,1,6,1,yok,var,1,240,0,219,"Şimdi Ver, Aralık Ayında Geri Al. EIT FOOD SEEDBED BELFAST BOOTCAMP'a kabul edilen 6 ekipten biri olan GraVVindy-Windagrotech projesine destek çağrısı.",18000,başarısız
fongogo,ödül,film-video-fotoğraf,ya hep ya hiç,Bembeyaz Kısa Filmi,Fongogo Fongogo,belirsiz,0,0,1,0,istanbul,marmara,2016,12.05.2016,1.07.2016,50,var,58,4,0,0,0,0,5,2,yok,yok,0,0,0,221,Modern hayatın gereklilikleri ve gerçeklik kavramı üzerine.,2550,başarısız
fongogo,ödül,müzik,ya hep ya hiç,Kilise Orglarını Beraber Kurtaralım!,Tarkan Şendal,erkek,0,0,1,0,istanbul,marmara,2019,24.06.2019,23.08.2019,60,var,315,3,0,0,0,0,7,1,yok,yok,0,0,0,276,Ülkemizde gölgede kalmış olan kilise orglarını ve müziğini geliştirip tanıtabilmemiz adına daha fazla orgu kurtarmamız yolunda desteğinize ihtiyacımız var...,25000,başarısız
fongogo,ödül,eğitim,hepsi kalsın,Fongogo ile Okullar Hayat Bulsun!,Fongogo Team,belirsiz,3,0,2,0,mardin,güneydoğu,2016,07.11.2016,6.12.2016,29,yok,0,20,0,0,0,7,9,6,var,var,4,5672,0,214,Fongogo olarak yardım talebi için gelen okullara kayıtsız kalmayarak fiziki imkanlarını yenilemek için kampanya başlattık. Bu kampanyaya sende destek ol.,60000,başarısız
fongogo,ödül,diğer,ya hep ya hiç,Gültepe Robotics Takımına Destek,Gültepe Robotics Team,belirsiz,0,0,1,0,istanbul,marmara,2019,20.11.2019,19.01.2020,60,var,202,13,0,0,0,0,6,1,var,var,4,162,0,480,Kendimizi her yönden geliştirmek isteyen bir Robotik takımıyız. Amacımız Türkiye'nin yüksek teknoloji üreten gençleri arasında yer alabilmek.,15000,başarısız
fongogo,ödül,kültür-sanat,ya hep ya hiç,"Safranbolu ""3 Farklı Dil Bir Şehir""",Sinan Savaş,erkek,1,0,1,0,karabük,karadeniz,2014,01.12.2014,30.01.2015,60,yok,0,3,0,0,0,0,4,1,yok,yok,0,0,0,252,"Türkçe, İngilizce ve Japonca dillerinde hayata geçirmeyi planladığım Safranbolu'nun tadını hissedebileceğiniz bir roman hazırlıyorum.",4000,başarısız
arıkovanı,ödül,teknoloji,ya hep ya hiç,Solar Curtain : Elektrik Üreten Akıllı Perde,Ahmet Fuat Yalçın,erkek,0,0,1,0,belirsiz,belirsiz,2016,,,60,var,153,17,0,3,31,29,3,1,yok,var,4,596,0,295,Dünyanın ilk ve tek katlanabilir gerçek perde görünümüne sahip güneş paneli,100000,başarılı
fonbulucu,ödül,tasarım,ya hep ya hiç,TishGeek,Mustafa Güner,erkek,0,0,1,0,istanbul,marmara,2020,,,60,yok,0,10,0,0,0,1,5,1,yok,var,1,866,0,254,Moduna göre giyin!,50000,başarısız
fongogo,ödül,teknoloji,ya hep ya hiç,6×6 E-A-A,Ömer Faruk Top,erkek,0,0,1,0,kütahya,ege,2020,02.06.2020,1.08.2020,60,yok,0,12,0,0,0,0,8,1,var,var,1,13,0,676,Amacımız genelde tek kişinin kullandığı fosil yakıt tüketen araçlara alternatif olarak 6x6 çekişli tek kişilik bir SUV prototipi geliştirmek.,20000,başarısız
crowdfon,ödül,film-video-fotoğraf,ya hep ya hiç,Tutun Bana!,Mustafa Karnas,erkek,0,0,1,0,belirsiz,belirsiz,2017,,,60,yok,0,1,0,0,0,6,4,1,yok,yok,0,0,0,115,"Dibe vurmuş bir insanın yeniden hayata tutunmasını anlatan, ilham verici, örmek oluşturucu deneysel bir ruhsal ve",50000,başarısız
fongogo,ödül,çevre,ya hep ya hiç,Ülkemizin Doğal Güzelliklerinin Tanıtımı ve Turizmin Desteklenmesi,Enes YILMAZ,erkek,0,0,1,0,istanbul,marmara,2021,4.01.2021,5.03.2021,60,var,74,4,1,0,0,0,6,1,yok,var,1,5857,0,476,"Ülkemizin doğal güzelliklerini keşfetmek ve tanıtmak. Ülkemize yerel ve yabancıları turistleri çekerek, yerel ve ulusal gelire katkıda bulunmak",20000,başarısız
fongogo,ödül,sağlık-güzellik,hepsi kalsın,STUDIO MK KUAFÖR  - KUAFÖRÜNÜ DESTEKLE,Musa Karataşoğlu,erkek,0,0,1,0,istanbul,marmara,2020,24.04.2020,8.05.2020,14,var,49,4,0,0,0,6,3,1,yok,var,1,160,0,136,Güzellik hizmeti veren tüm işletmeler gibi zor günlerden geçtiğimiz bu dönemde bize CANSUYU olmak sizin elinizde!,10000,başarısız
fongogo,ödül,film-video-fotoğraf,ya hep ya hiç,Adrenalin,Kutlu Can Soydan,erkek,0,0,1,0,antalya,akdeniz,2019,29.04.2019,19.05.2019,20,yok,0,0,0,0,0,0,4,2,yok,yok,0,0,5,308,Bitirme projesi kapsamında çekmek istediğimiz ve hayalini kurduğumuz eseri oluşturabilmek istiyoruz.,4000,başarısız
fongogo,ödül,müzik,ya hep ya hiç,Rotam müzik,Cihan Selçuk Ateşoğlu,erkek,0,0,1,1,belirsiz,belirsiz,2018,,6.01.2018,60,yok,0,1,0,0,0,3,6,1,yok,yok,0,0,0,120,"Bir ideal için yola çıkıyorum. Hedeflerime ulaştığımda kendi hayatımı değiştirmiş ve başkalarını da teşvik etmiş olacağım. İnanıyorum, güzel bir yol olacak!",20000,başarısız
fongogo,ödül,film-video-fotoğraf,ya hep ya hiç,Vargit Zamanı,Nurdan Tümbek Tekeoglu,kadın,31,0,6,0,trabzon,karadeniz,2017,01.08.2017,12.09.2017,42,var,60,7,0,1,0,182,6,1,var,var,2,303,4,397,"Sonbaharda açar, ayrılığı ve mahsunluğu anımsatır. Geri gelmeyecek gençliğin acımasız anlatımıdır Vargit Çiçeği...",30000,başarılı
fongogo,ödül,teknoloji,ya hep ya hiç,Macbook pro pesinde,Oğuzhan GÜMÜŞ,erkek,0,0,1,0,ankara,iç anadolu,2019,07.03.2019,6.05.2019,60,yok,0,2,0,0,0,2,6,1,yok,var,1,62,5,285,"Benim Bir Hayalim Var İhracat Yapmak İstiyorum Bir Fitness Uygulaması Yapmaya Başladım Fakat Bir Macbook Pro'ya İhtiyacım Var Çünkü Bilgisayarım'da Sorun Var.""",10000,başarısız
fongogo,ödül,eğitim,ya hep ya hiç,Paris'te master hayalim için desteğinizi bekliyorum,Serdar Ayaz,erkek,0,0,1,0,istanbul,marmara,2019,20.12.2019,21.02.2020,63,var,68,3,0,0,0,0,8,1,yok,var,1,500,1,216,HEC Paris MSc Pazarlama bölümünden kabul aldım. Hayalimi gerçekleştirmeye artık çok yakınım!,6000,başarısız
crowdfon,ödül,kültür-sanat,ya hep ya hiç,Usta'ya Saygı Sergisi 'ahmet Bozkaya ',Emre Öztürk,erkek,0,0,1,0,belirsiz,belirsiz,2014,,,60,yok,0,1,0,0,0,6,4,1,yok,yok,0,0,0,40,Projemizin içeriği geçen sene kaybettiğimiz Eskişehir'li saatçi ustası Ahmet BOZKAYA anısına düzenlenecek bir,5000,başarısız
crowdfon,ödül,kültür-sanat,ya hep ya hiç,Sanat Atölyesi,Ozan Ince,erkek,0,0,1,0,belirsiz,belirsiz,2015,,,60,yok,0,1,0,0,0,7,4,1,yok,yok,0,0,0,115,Kule Babil Sanat Atölyesi,25000,başarısız
arıkovanı,ödül,teknoloji,ya hep ya hiç,Plantone Akıllı Mini Bahçe,Plantone Diversity,belirsiz,0,0,1,0,belirsiz,belirsiz,2019,,,60,var,60,22,10,0,4,19,9,1,yok,var,4,1832,0,1491,Plantone kullanıcılarının aynı anda 5 farklı bitki yetiştirmesine olanak veren akıllı aydınlatma ve otomatik sulama yapan kompakt boyutlu bir yetiştirme sistemidir,65000,başarısız
fongogo,ödül,eğitim,hepsi kalsın,BİRLİKTE FİLİZLENİYORUZ,Hülya Aras,kadın,0,0,1,0,bursa,marmara,2020,04.05.2020,3.07.2020,60,yok,0,11,0,0,0,7,9,4,var,var,4,362,0,397,Sosyal girişimcilerle özel gereksinimli bireyleri bir çatı altında buluşturup sosyal ve üretken hale getirerek toplumsal fayda odaklı hizmetler gerçekleştirmek,32000,başarısız
fongogo,ödül,kültür-sanat,ya hep ya hiç,Naz Makamı Usanmazımsın Şiir Kitabı,Enes Çubukçu,erkek,0,0,1,0,antep,güneydoğu,2015,21.01.2015,22.03.2015,60,yok,0,20,0,0,0,1,5,1,yok,var,1,320,0,502,"Farklı bir pencereden bakan şiir kitabı ""Naz Makamı Usanmazımsın""",4000,başarısız
fongogo,ödül,film-video-fotoğraf,ya hep ya hiç,Gitardaki İz: Maestro Raffi Arslanyan,Bahar Adıgüzel Sala,kadın,0,0,1,0,çorum,karadeniz,2018,09.07.2018,23.08.2018,45,var,110,13,0,0,0,2,9,2,yok,var,2,13,0,263,"Türkiye klasik gitar camiasında ""hocaların hocası"" olarak anılan Raffi Arslanyan hakkında uzun metraj belgesel çalışmasıdır.",20000,başarısız
fongogo,ödül,film-video-fotoğraf,ya hep ya hiç,Her Şey Yolunda / Everything is Fine,s. gönül arslan,kadın,0,0,1,1,belirsiz,belirsiz,2017,,2.12.2017,60,yok,0,3,0,0,0,5,5,1,yok,yok,0,0,0,120,"2016 yılında çektiği 7 santimetre ile ulusal ve uluslararsı başarılara imza atan Metehan Şereflioğlu'nun yeni kısa film projesi, Her Şey Yolunda.",23375,başarısız
fonbulucu,ödül,tasarım,ya hep ya hiç,Tasarım HARİKALARI.,Sercan Palakan,erkek,0,0,1,0,balıkesir,marmara,2020,,,60,yok,0,4,0,0,0,1,4,1,yok,yok,0,0,0,379,Bir geri dönüş serüveni.,25000,başarısız
fongogo,ödül,film-video-fotoğraf,ya hep ya hiç,Sevemiyorum Seni,Çağatay Yaman,erkek,0,0,1,0,izmir,ege,2018,17.10.2018,13.11.2018,27,yok,0,2,0,0,0,2,7,3,yok,yok,0,0,3,644,"Aşk, cinsel kimlik tanımaz. Kişinin, aşık olacağı insanı seçme özgürlüğü yoktur.""",16000,başarısız
fongogo,ödül,kültür-sanat,ya hep ya hiç,Bay P'nin Davası Tiyatro Oyunu İçin Destek,Cafer  Yelsali,erkek,0,0,1,0,antalya,akdeniz,2019,12.12.2019,11.01.2020,30,var,78,3,0,0,0,0,5,1,yok,var,3,340,0,202,"Amatör olarak başladığımız, tiyatro serüvenimizi, kendi uyarlamamız olan ""Bay P'nin Davası"" oyunu ile deneysel oyunlar sergilemek...",5845,başarısız
crowdfon,ödül,diğer,ya hep ya hiç,Organik Tarım Ve Organik Gübre,Sabri Çiçek,erkek,0,0,1,0,belirsiz,belirsiz,2019,,,60,yok,0,1,0,0,0,0,4,1,yok,yok,0,0,0,115,Biz iki arkadaş olarak tarımın organik ve sürdürülebilir olması için çözüm arayışındayız. İlk etapta 100,50000,başarısız
fonbulucu,ödül,çevre,ya hep ya hiç,Sıfır karbon için çağrınızı aldık geliyoruz!,Merve Kırcalı,kadın,0,0,1,0,bursa,marmara,2020,,,60,yok,0,3,0,0,0,2,5,1,yok,yok,0,0,0,236,Karbon ayak izi farkındalığını erken yaşta kazandırarak dünyayı kurtarabiliriz.,50000,başarısız
fongogo,ödül,çevre,ya hep ya hiç,Jutan Motors,AHMET MELİK ARİF,erkek,0,0,1,0,kayseri,iç anadolu,2020,16.12.2020,14.02.2021,60,var,117,0,1,0,0,1,7,4,yok,yok,0,0,5,357,Jutan motors çevreci olmayan benzinli motorların yerine her arabaya uygun elektrikli ve tamamen çevre dostu bir motor olması için tasarlandı.,40000,başarısız
fongogo,ödül,eğitim,ya hep ya hiç,Toplumsal yaşama katkı sağlamak için eğitimde fırsat eşitliği,gizem başbuğa,kadın,4,0,2,0,antalya,akdeniz,2019,16.05.2019,15.07.2019,60,var,113,7,0,1,0,37,9,3,yok,var,1,231,0,439,Günümüz atölyeleri sadece maddi durumu iyi ailelere ulaşıyor. Amacımız bir dernek kurup okul dışı eğitime erişim imkanı olmayan çocukları sanatla buluşturmak.,7000,başarılı
fongogo,ödül,teknoloji,ya hep ya hiç,Gültepe Robotıcs Team Takımına Destek,Berkecan Sakallı,erkek,0,0,1,0,istanbul,marmara,2018,20.09.2018,19.11.2018,60,yok,0,14,0,0,0,8,7,2,yok,var,3,170,5,456,"Bizler gelecek için parlak fikirleri olan ve bu fikirler doğrultusunda kendimizi her yönden geliştirmeyi amaçlayan bir Robotik takımıyız.""",15000,başarısız
fonbulucu,ödül,eğitim,ya hep ya hiç,"KitSort: Kitap Bul, Fiyat Karşılaştırma",Murat Ünlü,erkek,0,0,1,0,bursa,marmara,2020,,,60,yok,0,4,0,0,0,0,4,1,yok,var,1,4679,0,310,"Kitap severler için, aratılan bir kitabın var olan tüm kitap satış sitelerindeki fiyatını toplu bir şekilde görmenizi sağlayan bir uygulamadır.",5000,başarısız
crowdfon,ödül,film-video-fotoğraf,ya hep ya hiç,Türkiye'nin İlk İnteraktif Dizisi,Mert Koçak,erkek,0,0,1,0,belirsiz,belirsiz,2019,,,60,yok,0,1,0,0,0,1,4,1,yok,yok,0,0,0,115,"Klişe dizi formatında içinde aşk , dostluk ve psikopat karakterlerin olduğu ilk bölüm çekilir. Dizinin bitmesiyl",50000,başarısız
fonbulucu,ödül,teknoloji,ya hep ya hiç,Eğitimime devam edebilmek istiyorum,Mustafa Bağış,erkek,0,0,1,0,genel,genel,2020,,,60,yok,0,1,0,0,0,0,4,1,yok,yok,0,0,0,56,Eskimiş olan bilgisayarım yandığı için yeni bilgisayara ihtiyacım var.,6500,başarısız
fongogo,ödül,eğitim,ya hep ya hiç,"YETKİN ÇOCUKLAR, MUTLU AİLELER",Furkan Emre Durmuş,erkek,0,0,1,1,belirsiz,belirsiz,2017,,3.06.2017,60,yok,0,3,0,0,0,3,5,1,yok,yok,0,0,0,120,"Ailelerin zamanları kısıtlı, bu kısıtlı zamanlarında çocuklarının beceri eğilimlerini ölçümleyibilirlerse  doğru etkinlikler de bulunabilirler.",4000,başarısız
fongogo,ödül,film-video-fotoğraf,ya hep ya hiç,B BLOK - Psikolojik Gerilim,Sinem Gül  Sağlam,kadın,0,0,1,0,istanbul,marmara,2020,11.03.2020,10.05.2020,60,var,129,1,0,1,0,0,7,1,yok,yok,0,0,0,537,Türkiye'de psikolojik-gerilim türünde bir internet dizisi eksikliği olduğunu düşündüğümüz için izletirken aynı zamanda farkındalık yaratmayı amaçladık.,10000,başarısız
fongogo,ödül,çevre,ya hep ya hiç,EkoIQ,Barış Doğru,erkek,1,0,1,0,istanbul,marmara,2014,14.05.2014,3.07.2014,50,var,61,5,0,0,0,23,5,1,var,var,2,10539,0,160,Türkiye'nin ilk Yeşil İş / Yeşil Yaşam dergisi EKOIQ artık bağımsız! Yola devam edebilmek için yeni destekçiler arıyor.,2000,başarılı
fongogo,ödül,eğitim,ya hep ya hiç,Fotoğrafçı Çocuklar Sempozyumu,Bahar Gökten,kadın,0,0,1,1,istanbul,marmara,2013,20.12.2013,7.01.2014,18,var,228,9,0,0,0,23,4,3,yok,yok,0,0,0,204,'Çocuklarla Fotoğraf Atölyeleri' üzerine bir sempozyum,3000,başarılı
fongogo,ödül,film-video-fotoğraf,ya hep ya hiç,SAYE,Ali ARAZ,erkek,0,0,1,1,belirsiz,belirsiz,2017,,20.05.2017,60,yok,0,2,0,0,0,1,5,1,yok,yok,0,0,0,120,"“O BENİM GÖZÜM, BEN ONUN AKLIYIM” 

Gözleri görmeyen bir adam ve zihinsel engelli bir kadının beraber hayata tutunmalarını anlattığımız belgeselimiz",6200,başarısız
fongogo,ödül,film-video-fotoğraf,ya hep ya hiç,"""Barut"" İnternet Dizisi 2. Sezon",Burak Darende,erkek,0,0,1,0,ankara,iç anadolu,2018,31.01.2018,2.03.2018,30,yok,0,11,0,0,0,9,6,1,var,var,3,1011,1,326,"Kendi imkanlarımızla çektiğimiz ve 2017'de yayınladığımız ilk sezondan sonra aksiyon, bilim-kurgu, komedi türündeki dizimizin ikinci sezonunu çekmek istiyoruz.",6000,başarısız
fongogo,ödül,kültür-sanat,hepsi kalsın,ANKAWORKSHOP DESTEK İSTİYOR,Mesut Bozan,erkek,0,0,1,0,istanbul,marmara,2020,21.04.2020,31.05.2020,40,var,70,8,0,0,0,3,5,1,yok,var,3,79,0,131,?????????????? ankaworkshop İstanbul Kadıköy de bulunan sanat ve üretkenlik atölyesidir.Bu zorlu süreçleri atlatıp insanlara dokunabilmeye devam etmek istiyoruz,50000,başarısız
fongogo,ödül,çevre,ya hep ya hiç,"Doğa Yolun Olsun... Ekoköyümüze Destek Olun, Gelin Yuvamız Yeryüzü Olsun!",Esra Eren,kadın,0,0,1,0,sakarya,marmara,2017,23.04.2017,7.06.2017,45,var,152,2,0,0,0,16,9,3,var,yok,0,0,5,542,Yeryüzü Ekoköyündeki yaşamı desteklemek ve burslu katılımı arttırmak için bu kampanyaya katılarak dayanışmanın bir parçası olun.,12000,başarısız
fongogo,ödül,film-video-fotoğraf,ya hep ya hiç,TRAKTÖR - KISA FİLM,Rıdvan A. Can,erkek,0,0,1,1,belirsiz,belirsiz,2017,,3.07.2017,60,yok,0,3,0,0,0,4,5,1,yok,yok,0,0,0,120,"Halepli dört ortak, güç bela biriktirdikleri parayla bir traktör satın alır. Ancak hesaplayamadıkları bir durum vardır ortada: İç savaş yaklaşmaktadır!",6500,başarısız
fongogo,ödül,kültür-sanat,ya hep ya hiç,Hâl'buki Dergisi,Gizem Altan,kadın,0,0,1,0,ankara,iç anadolu,2020,15.10.2020,14.12.2020,60,var,51,0,2,0,0,0,6,1,var,var,3,209,0,162,Aydınlığın kuytuda saklı kaldığına inanan dergimizin basılı hayata geçebilmesi ve karanlığa teslim olmaması için maddi desteğinize ihtiyacımız var.,3000,başarısız
crowdfon,ödül,teknoloji,ya hep ya hiç,Güvenli Ürün Para Sistemi,Ali Ahmetoğlu,erkek,0,0,1,0,belirsiz,belirsiz,2015,,,60,yok,0,1,0,0,0,0,4,1,yok,yok,0,0,0,115,İnternetten günümüzde 2.el satış pazarı aşırı lüx tüketimle beraber nüyük bir hızla büyümekte bununla b,50000,başarısız
fongogo,ödül,teknoloji,ya hep ya hiç,Trezybox ile Ücretsiz Müzik,Sertan Helvacı,erkek,0,0,1,0,bursa,marmara,2014,14.08.2014,13.10.2014,60,yok,0,3,0,0,0,0,6,1,var,var,3,2766,0,270,Türkiye'nin yeni müzik platformu için fon desteği,8000,başarısız
fongogo,ödül,film-video-fotoğraf,ya hep ya hiç,Karmaşa Filmi,Necdet Yiğit,erkek,0,0,1,0,mardin,güneydoğu,2018,12.07.2018,26.08.2018,45,var,76,0,0,0,0,0,3,1,yok,yok,0,0,0,247,"Bir üniversite öğrencisi olan Aras, rüyasında hocası olan profesörü öldürdüğünü görür. Sabah olduğunda özel timler tarafından tutuklanarak ceza evine konulur.",29900,başarısız
fongogo,ödül,kültür-sanat,hepsi kalsın,ODA TİYATROSU SAHNESİNİ KURTARIN,Kaan Erkam,erkek,0,0,1,0,istanbul,marmara,2020,13.05.2020,12.07.2020,60,var,101,10,0,0,0,27,6,3,yok,var,2,12102,1,216,1990'dan beri zor da olsa ayakta kalan bir tiyatro ekibidir Oda Tiyatrosu. Ama şu an pandemi yüzünden binamız kapanmak üzere. Desteğe ihtiyacımız var.,20000,başarısız
fongogo,ödül,diğer,ya hep ya hiç,Aynebilim Aşevi ve Kelebek Parkı,Aynebilim Ben,belirsiz,0,0,1,0,istanbul,marmara,2015,21.04.2015,21.05.2015,30,var,185,16,0,0,0,218,8,1,var,var,2,21411,0,375,Kamboçya'ya yerleşip aşevi açan bir süper kahramanın yeni projesi.,25000,başarılı
fongogo,ödül,müzik,ya hep ya hiç,ÇAĞLAR'ın İLK SİNGLE ÇALIŞMASINA DESTEK OL !,Çağlar Utaş,erkek,0,0,1,0,istanbul,marmara,2018,31.10.2018,30.12.2018,60,var,110,3,0,0,0,0,6,1,yok,var,1,1361,5,197,Hali hazırda sözü müziği bana ait Single çalışmam için desteğinize ihtiyacım var . Türkçe pop müziğe yeni bir soluk gelmesini diliyorum . Şimdiden teşekkürler,20000,başarısız
crowdfon,ödül,müzik,ya hep ya hiç,Stok,Tolgahan Baş,erkek,0,0,1,0,belirsiz,belirsiz,2012,,,60,yok,0,1,0,0,0,6,4,1,yok,yok,0,0,0,40,Sıradışı pop-rock sound lu yeni şarkılarımızı bir kısa albümde bir araya getirmek ve Çile isimli şarkımız,5750,başarısız
fongogo,ödül,kültür-sanat,hepsi kalsın,Ege Sanat Atölyesi Üretmeye Devam Etsin,Sezen Demirer,kadın,0,0,1,0,izmir,ege,2020,08.12.2020,7.01.2021,30,var,137,2,1,0,0,18,5,1,yok,var,3,1803,1,267,"Pandemi nedeniyle gelir elde edemediğimiz mekanımızın kira, fatura gibi sabit giderlerini karşılayabilmek için destek arıyoruz.",20000,başarısız
crowdfon,ödül,film-video-fotoğraf,ya hep ya hiç,Kuluçka Filmi,Mehmet Selçuk Bilge,erkek,0,0,1,0,belirsiz,belirsiz,2019,,,60,yok,0,1,0,0,0,8,4,1,yok,yok,0,0,0,115,"İlk uzun metrajımız Kuluçka'nın çekimlerine Haziran'da başlıyoruz! 17 günlük çekim süresinde, ulaşım ve ca",13500,başarısız
fonbulucu,ödül,hayvanlar,ya hep ya hiç,Dostlarımız yalnız değiller,Okan Gürcan,erkek,0,0,1,0,manisa,ege,2019,,,60,yok,0,1,0,0,0,0,4,1,yok,yok,0,0,0,280,3 Boyutlu yazıcı ile mama kabı ve su kabı yapmak,150000,başarısız
fongogo,ödül,gıda-yeme-içme,hepsi kalsın,Norm Coffee - Mahalle Kahvecini Destekle,Cem Bozkuş,erkek,0,0,1,0,istanbul,marmara,2020,04.05.2020,9.06.2020,36,var,56,15,0,0,0,53,8,1,var,var,3,1146,0,182,"2015 yılında Cihangirde Güneşli Sokak’ta kurulan Norm, İlk günden beri nitelikli kahve ve eşlikçisi fırın mamülleriyle tanınan bir kahve dükkanı !",100000,başarısız
fongogo,ödül,çevre,hepsi kalsın,SOKAK HAYVANLARINI BESLEYEN GERİ DÖNÜŞÜM OTOMATI,M.SADIK YURTMAN,erkek,0,0,1,0,eskişehir,iç anadolu,2019,10.06.2019,8.09.2019,90,var,50,1,0,0,0,0,3,4,yok,yok,0,0,4,113,"Ödüllendirme sistemi ile pet şişe atıklarını attıkça sokak hayvanlarına mama ve su veren geri dönüşüm otomatı. Güneş enerjisiyle çalışır, tamamen doğa dostu.",26500,başarısız
fongogo,ödül,müzik,ya hep ya hiç,Rapsodi Alaturka,Hüseyin Karaca,erkek,0,0,1,0,ankara,iç anadolu,2019,17.07.2019,31.08.2019,45,yok,0,3,0,0,0,0,7,1,var,yok,0,0,0,314,"Desteklerinizle halk türkülerimiz ve milli ezgilerimizi , tüm dünyaya duyurmak ve evrensel çok sesli, müzik kültürünün bir parçası haline getirmeyi amaçlıyoruz.",15000,başarısız
fongogo,ödül,müzik,ya hep ya hiç,Mert Pekduraner Albüm Destek Kampanyası,MERT PEKDURANER,erkek,0,0,1,0,istanbul,marmara,2020,01.12.2020,15.01.2021,45,var,54,0,1,0,0,63,6,1,var,var,2,1411,2,609,"Bestelemiş olduğum müzik kompozisyonlarımı kurmuş olduğum ekip ile canlı çalarak kaydedip, ilk enstrümantal albümümü yayınlamak istiyorum.",25000,başarılı
fongogo,ödül,film-video-fotoğraf,ya hep ya hiç,PİRABOK KISA KORKU FİLMİ,Ferman  Narin,erkek,0,0,1,0,diyarbakır,güneydoğu,2020,18.02.2020,16.05.2020,88,var,72,17,0,12,0,54,6,1,yok,yok,0,0,0,349,Çektiğimiz Korku filminin yurt içi ve yurt dışındaki festivallere gidebilmesi ve filmin hakkettiği değeri görmesi için desteğinize ihtiyacımız var.,7500,başarılı
fongogo,ödül,film-video-fotoğraf,ya hep ya hiç,FİRAK - KISA FİLM,Cengiz Çamcı,erkek,0,0,1,0,istanbul,marmara,2018,17.10.2018,1.12.2018,45,yok,0,0,0,0,0,1,7,1,yok,yok,0,0,5,214,"Anadolu'nun bilinmeyen bir köyünde, bilinmeyen bir zamanda bir dram dönüyor. Haberimizin olmadığı ufuklarda birileri bazı acılar çekiyor. Bir aile yok oluyor.""""",5000,başarısız
fongogo,ödül,kültür-sanat,ya hep ya hiç,Dedemin Örgüleri,Erhan Bozkurt,erkek,1,0,1,1,bursa,marmara,2014,09.01.2014,10.03.2014,60,yok,0,16,0,0,0,6,7,5,var,var,2,1856,0,524,"Mübadele ile geldikten sonra kültürlerini devam ettiren ve erkeklerin ördüğü Drama Çorabı'nın devamlılığını sağlamayı, kültürün korunmasını amaçlar.",1500,başarısız
fongogo,ödül,diğer,ya hep ya hiç,JOURNEY THROUGH TURKEY,Yasin Yaşar BAYOL,erkek,0,0,1,0,niğde,iç anadolu,2019,07.05.2019,8.05.2019,1,var,300,2,0,0,0,3,7,2,yok,var,3,808,4,805,"Hayalimi gerçekleştirmek ve hayallerini susturup, başkalarının belirlediği hedeflere giden çocukları konuşturmak için uçacağım.""",70000,başarısız
fongogo,ödül,kültür-sanat,ya hep ya hiç,Mozartcultures Belgesel Serisi,arda şahin,erkek,0,0,1,0,istanbul,marmara,2018,23.11.2018,22.01.2019,60,var,268,1,0,0,0,0,5,2,var,var,1,775,5,237,mozartcultures.com olarak ülkemizden başlayıp çektiğimiz belgeseller ile belgesel kültürü oturtmak istiyoruz,10000,başarısız
fonbulucu,ödül,hayvanlar,ya hep ya hiç,"Bir tas, bir kap, bir yuva.",Uğur Volkan Kükürt,erkek,0,0,1,0,mersin,akdeniz,2019,,,60,yok,0,3,0,0,0,0,4,1,yok,yok,0,0,0,140,doğru planlama kitlesel başarı,20000,başarısız
fongogo,ödül,eğitim,hepsi kalsın,YAZ KAMPLARI,TOÇEV TÜVANA OKUMA İSTEKLİ ÇOCUK EĞİTİM VAKFI,belirsiz,0,0,1,0,istanbul,marmara,2017,09.07.2017,8.08.2017,30,var,96,8,0,0,0,0,3,1,yok,yok,0,0,0,236,"TOÇEV’in çocukları, okumak istedikleri kadar eğlenmek de istiyorlar.
Yaz kamplarımız, bir çocuğun hayatında tahmin edebileceğinizden çok şey değiştirebilir.",3500,başarısız
fongogo,ödül,film-video-fotoğraf,ya hep ya hiç,Muamma Kısa Film,Mehmet Kaya,erkek,0,0,1,0,istanbul,marmara,2018,28.01.2018,4.03.2018,35,var,40,5,0,0,0,3,7,3,yok,var,1,2300,2,316,Muamma bir insanın hürriyetinden yoksun bırakılma hikayesi ve ardındaki sırları anlatıyor.,12000,başarısız
fongogo,ödül,eğitim,ya hep ya hiç,Bir Kitap Uzat,Fahrettin Durdahanoglu,erkek,0,0,1,0,antalya,akdeniz,2014,03.02.2014,15.03.2014,40,yok,0,3,0,1,0,3,4,1,var,var,2,85,0,314,"Desteklerinizle ihtiyacı olanlara kitap sağlayarak, mutluluklarda pay sahibi olalım.",1000,başarısız
fongogo,ödül,film-video-fotoğraf,ya hep ya hiç,Benim Babam Uzun Metraj Sinema Filmi,Eren Arda Çarboğa,erkek,0,0,1,0,aydın,ege,2019,22.08.2019,1.10.2019,40,var,57,0,0,0,0,0,9,1,yok,yok,0,0,4,111,Bu sinema filminin amacı günümüz gençlerinin ailelerine(babalarına) karşı ehemmiyet ve ilgi göstermesidir. Proje gerçek bir hikayeden esinlenerek yazılmıştır.,5000,başarısız
fongogo,ödül,eğitim,ya hep ya hiç,EZBER BOZAN KIZLAR,Ayçe Bükülmeyen,kadın,2,0,1,0,istanbul,marmara,2018,13.05.2018,12.07.2018,60,var,163,6,0,0,0,90,6,1,var,var,2,124,0,341,"Türkiye'de ilkleri başaran öncü kadınların ezber bozan hikayeleri ve figürleri genç kızlarımıza ve çocuklarımıza ışık olacak. EÇEV ile eğitimleri desteklenecek.""",20000,başarılı
fongogo,ödül,eğitim,ya hep ya hiç,Üniversiteye gidebilmem için,Kerim Tosun,erkek,1,0,1,0,istanbul,marmara,2019,18.12.2019,16.02.2020,60,yok,0,0,0,0,0,0,4,1,yok,yok,0,0,5,290,Kendi emeğim ve çalışmam ile ve sizlerden gelen yardımlar ile eğitim hayatıma kaldığım yerden devam etmek...,5500,başarısız
fonbulucu,ödül,diğer,ya hep ya hiç,2.Ömre Vefa Ödülleri,Lokman Albayrak,erkek,0,0,1,0,erzincan,doğu,2018,,,60,var,35,9,0,0,0,1,5,1,yok,var,1,40,0,527,Aydınlığa Adım Adım Çünkü Senin Adın Kadın,60000,başarısız
fongogo,ödül,eğitim,ya hep ya hiç,ITU Hydros,Azmi AK,erkek,0,0,1,0,istanbul,marmara,2017,09.07.2017,23.08.2017,45,var,195,6,0,0,0,2,6,9,yok,var,3,177,5,421,"2017 yılının Eylül ayında, Fransa'nın Saint Tropez kentinde düzenlenecek olan Hydrocontest'17 yarışmasında, ülkemizi ve okulumuzu temsil etmeyi amaçlamaktayız.",20000,başarısız
arıkovanı,ödül,teknoloji,ya hep ya hiç,Masitte - Lazer SLA 3B Yazıcı,Fatih Burak Durmaz,erkek,0,0,1,0,belirsiz,belirsiz,2020,,,60,yok,0,0,0,0,0,7,1,4,yok,yok,0,0,0,0,Masitte - Lazer SLA 3B Yazıcı,40000,başarısız
fonbulucu,ödül,kültür-sanat,ya hep ya hiç,''Sarı & Siyah'',Buğra Kağan Kahraman,erkek,0,0,1,0,istanbul,marmara,2018,,,60,yok,0,1,0,0,0,0,4,2,yok,var,2,32,0,55,seni sana senle anlatacağım.,25000,başarısız
crowdfon,ödül,teknoloji,ya hep ya hiç,Tesla'nın İzinde: Kendi Enerjisini Üretebilen Elektrik Motoru,Gökhan Ünal,erkek,0,0,1,0,belirsiz,belirsiz,2015,,,60,yok,0,1,0,0,0,7,4,1,yok,yok,0,0,0,115,FOSİL YAKITLAR FOSİL OLARAK KALACAK.,6500,başarısız
arıkovanı,ödül,teknoloji,ya hep ya hiç,Zulu Kds | Yeni Nesil İnternet Kontrolü Cihazı,Zulu Teknoloji,belirsiz,0,0,1,0,belirsiz,belirsiz,2017,,,60,var,136,6,8,8,28,33,1,2,var,var,4,600,0,891,"Zulu Kds mini tasarımıyla evinizde modeminizin yanına koyabileceğiniz, güç kablosunu prize taktıktan sonra modeminize bir ethernet kablosu ile bağlayıp, ücretsiz olan Zulu Portal mobil uygulamamız ile kontrol edebildiğiniz bir AP(Access Point) cihazı",60000,başarılı
fonbulucu,ödül,teknoloji,ya hep ya hiç,MyWayFriends,Ramazan Kafdal,erkek,1,0,1,0,genel,genel,2018,,,60,var,115,1,0,0,3,1,5,1,yok,yok,0,0,0,688,"Bildiğiniz tüm ulaşım uygulamalarını unutun. ‘Yol Arkadaşınız’ ile tanışmaya hazır olun. Harita ve ulaşım uygulamalarındaki hatalara, geç güncellemelere son...",20000,başarısız
fonbulucu,ödül,sağlık-güzellik,ya hep ya hiç,AntiMikotik,Zeynep Karaoğlan,kadın,0,0,1,0,bartın,karadeniz,2020,,,60,yok,0,1,0,0,0,0,7,1,yok,yok,0,0,0,329,"Tırnak mantarının önüne geçilmesi, profilaktik tedavisi aynı zamanda oluşan enfeksiyonun ortadan kaldırılması mikroorganizmaların üremesinin kontol altına alınması ve yok edilmesi amaçlanmıştır.",5000,başarısız
fongogo,ödül,gıda-yeme-içme,hepsi kalsın,Sumak'a destek ol,Perviz Resuli,erkek,0,0,1,0,istanbul,marmara,2020,31.03.2020,30.05.2020,60,var,73,5,0,0,0,57,3,1,var,var,1,1385,0,251,"Bu zor günlerde , personel maaş ve diğer giderlerimizi karşılamak icin hediye kuponu sunuyoruz. Bu kuponlar ile indiriminizi 2021 sonunda kadar senin olacak!",50000,başarısız
fongogo,ödül,film-video-fotoğraf,ya hep ya hiç,Zeytinin Serüveni,Volkan Budak,erkek,1,0,1,0,balıkesir,marmara,2014,13.08.2014,12.10.2014,60,yok,0,15,0,0,0,5,6,1,yok,var,3,137,0,431,"“Zeytin, insan hayatı gibidir; önce yeşil ve ham, sonra sarı ve telaşlı, ardından kızıl ve heyecanlı, sonunda da siyah ve olgun.”",7500,başarısız
fonbulucu,ödül,çevre,ya hep ya hiç,Türkiye'nin yerli Mühendislik Analizi Yazılımı,Büryan Turan,kadın,0,0,1,0,istanbul,marmara,2018,,,60,yok,0,5,0,0,0,5,8,1,var,var,4,173,0,739,"Yerli/milli mühendislik yazılımımızı, sanayimizin ve Ar-Ge kültürümüzün gelişmesi için yenilikçi bir yaklaşımla hizmete sunmaktayız.",50000,başarısız
fongogo,ödül,kültür-sanat,ya hep ya hiç,Film Solucanı,Ozan Karacı,erkek,0,0,1,0,tekirdağ,marmara,2015,21.12.2015,20.01.2016,30,yok,0,6,0,0,0,1,5,2,var,var,1,1303,0,229,"Filmsolucani.com 'da verimli içerik üreterek tiyatroya, öğrencilere ve yerli sinemaya destek çıkmak, öncü olmak!",5000,başarısız
fonbulucu,ödül,teknoloji,ya hep ya hiç,Dijital Zekat Yönetimi,Melih Turan,erkek,1,0,1,0,genel,genel,2019,,,60,var,69,5,0,0,2,6,10,3,yok,var,3,115,0,1591,"Digital Zakat, insanların arasındaki bağı güçlendiren zekât ibadetini kolaylaştırmak için burada.",60000,başarısız
fongogo,ödül,film-video-fotoğraf,ya hep ya hiç,46. Sorgu Odası,Bünyamin Bayrak,erkek,1,0,1,0,istanbul,marmara,2019,04.03.2019,18.05.2019,75,var,143,4,0,0,0,30,8,1,yok,yok,0,0,0,431,"''ADALET'' ÜZERİNE BİR KISA FİLM""""""",9500,başarılı
fongogo,ödül,eğitim,ya hep ya hiç,ZEYTİN DALI ANAOKULU TEKRARDAN KULLANILABİLİR HALE GELSİN,UFUK AKIN,erkek,0,0,1,0,istanbul,marmara,2018,22.11.2018,22.12.2018,30,yok,0,2,0,1,0,0,4,1,yok,yok,0,0,0,152,Tekirdağ'ın Şarköy İlçesindeki Milli Eğitim Bakanlığı'na bağlı Zeytin Dalı Anaokulu çıkan yangın sonucunda kullanılamaz hale geldi. Okulu geri kazanalım,15000,başarısız
fongogo,ödül,film-video-fotoğraf,ya hep ya hiç,Myrina,Deniz yıldırım,erkek,1,0,1,0,istanbul,marmara,2020,10.08.2020,9.09.2020,30,yok,0,1,0,0,0,4,6,1,yok,var,1,500,0,610,Kadınların egemen olduğu distopik bir dünyada kiralık katil olan Myrina ve arkeolog olan Demet'in erkeklerin vatandaşlık hakları ile ilgili tartışması,50000,başarısız
fongogo,ödül,eğitim,ya hep ya hiç,Senior Robotik Takımı'na Hayalleri için Destek,Sena Deniz Avukat,kadın,0,0,1,0,istanbul,marmara,2019,07.01.2019,8.03.2019,60,var,103,11,0,0,0,28,7,12,yok,var,4,949,4,590,Biz farklı okullardan öğrencilerin toplandığı bir robotik takımıyız. Hedeflerimizi ve hayallerimizi gerçekleştirmek için size ihtiyacımız var.,7000,başarılı
fongogo,ödül,eğitim,ya hep ya hiç,Özgürlüğe Uçuş,Hüseyin Gül,erkek,0,0,1,0,izmir,ege,2020,31.08.2020,30.10.2020,60,yok,0,2,0,0,0,0,8,1,yok,yok,0,0,0,332,26 yaşında yüksek lisans öğrencisiyim. Tek hayalim pilot olmak. Sınavlara girdim kazandım fakat pilot okulu ücretini karşılayamıyorum. Desteğinizi bekliyorum.,600000,başarısız
fongogo,ödül,film-video-fotoğraf,ya hep ya hiç,stêrk / star / yıldız,Boğaç Uzun,erkek,0,0,1,0,mardin,güneydoğu,2018,02.04.2018,2.05.2018,30,var,54,6,0,0,0,45,5,8,yok,var,2,183,5,263,Her yıldızda dilek tutulur mu?,5250,başarılı
fongogo,ödül,gıda-yeme-içme,hepsi kalsın,BU KÜÇÜK DÜKKAN İÇİN CANSUYU OLUN HAYALLERİMİZE DEVAM EDELİM,mustafa burak deniz,erkek,0,0,1,0,eskişehir,iç anadolu,2020,02.06.2020,1.08.2020,60,var,55,3,0,0,0,0,3,1,yok,var,2,495,0,114,"İşletmemiz, tüm ürünlerimizde geçerli hem avantajlı hem de bizlere destek olabileceğiniz KUPONlar sunmaktayız.",15000,başarısız
fongogo,ödül,film-video-fotoğraf,ya hep ya hiç,MAVİ KELEBEK (BELGESEL FİLM),Okan Erünsal,erkek,0,0,1,0,istanbul,marmara,2018,23.10.2018,22.12.2018,60,yok,0,9,0,1,0,15,9,4,yok,var,2,65,5,246,"İki ressamın, kültürlerine özgü resimlerle, iyilik ve sanatla yarattıkları kelebek etkisini Güney Kore’den dünyaya yaymak için çıktıkları seyahati anlatan film.",15000,başarısız
fongogo,ödül,film-video-fotoğraf,ya hep ya hiç,ETERNAL LIFE '' Kısa fantastik korku filmi,emre yapıcı,erkek,0,0,1,0,istanbul,marmara,2020,09.10.2020,28.11.2020,50,var,42,2,1,0,0,0,6,1,var,var,2,48,1,179,"Ülkemizde tür sinemasını genişletmek, yaygın hale getirmek ve duyurmak adına yapmakta olduğum, çok severek uğraştığım korku sineması adına Fantastik bir kısa.",15000,başarısız
crowdfon,ödül,tasarım,ya hep ya hiç,Çevrimiçi Kurs,Çağkan Mert,erkek,0,0,1,0,belirsiz,belirsiz,2019,,,60,yok,0,1,0,0,0,0,4,1,yok,yok,0,0,0,115,"Web ve Grafik tasarım yetilerini kullanarak, profesyonel bir site ortaya çıkarmak istiyorum. Mesleki açıdan insanla",50000,başarısız
fonbulucu,ödül,eğitim,ya hep ya hiç,Sesimiz olun...Işığımız olun...,Murat Sezen,erkek,0,0,2,0,muğla,ege,2020,,,60,var,60,11,0,0,0,9,6,1,yok,var,4,2,0,227,Dalyan Çocuk Tiyatrosuna Ses ve Işık Sistemimizi almaya  olun... Çocuklarımızı mutlu edin...,3000,başarılı
fonbulucu,ödül,teknoloji,ya hep ya hiç,DRYVE,Beytullah Aygün,erkek,0,0,1,0,istanbul,marmara,2020,,,60,yok,0,1,0,0,0,2,8,1,yok,yok,0,0,0,207,İnsanların trafikte yaşadıkları zaman kaybının önüne geçerek kendilerine daha fazla zaman ayırmalarını ve bunun hem pratik hem de eğlenceli olmasını istiyoruz.,165000,başarısız
fongogo,ödül,film-video-fotoğraf,ya hep ya hiç,Paydos - Kısa Film,Sezer Uçak,erkek,0,0,2,0,istanbul,marmara,2018,30.10.2018,29.12.2018,60,yok,0,0,0,0,0,1,8,4,yok,var,2,16,5,423,Hepiniz iyi niyetli ve iyi  ve çok özel insanlar olabilirsiniz. B'de aynı niteliklere sahipti fakat henüz bir isme sahip değildi. Onu tanımak ister misiniz?,25000,başarısız
fongogo,ödül,kültür-sanat,ya hep ya hiç,Köyde Çocuk Tiyatrosu ve Sahne Etkinlikleri,Halil Dağ,erkek,0,0,1,0,urfa,güneydoğu,2021,1.01.2021,2.03.2021,60,var,88,4,1,0,0,1,5,1,yok,var,3,236,0,700,köyde yaşayan küçük çocuklarımıza Çocuk Tiyatrosu ve Sahne Etkinlikleri düzenleyerek onların Tiyatro ile tanışıp eğlenme mutlu olma ve öğrenmelerini sağlamak.,75000,başarısız
fongogo,ödül,teknoloji,ya hep ya hiç,İzmir Amerikan Robotik Takımı - FRC Houston Dünya Şampiyonası Katılımı,İzmir Amerikan Koleji Robotik Takımı,belirsiz,0,0,1,0,izmir,ege,2019,28.03.2019,7.04.2019,10,var,139,3,0,0,0,1,7,2,yok,var,2,61,5,88,"İzmir Amerikan Koleji Robotik Takımı olarak bu yıl da FRC Dünya Şampiyonalarına gitmeye hak kazanmış bulunmaktayız, ancak yardımlarınıza ihtiyacımız var.""",10000,başarısız
fongogo,ödül,teknoloji,ya hep ya hiç,"İzleyemez isen kontrol edemezsin,kontrol edemezsen yönetemezsin!..",Fatih Teker,erkek,0,0,1,0,kocaeli,marmara,2019,24.01.2019,25.03.2019,60,yok,0,4,0,1,0,0,5,1,yok,yok,0,0,5,183,"Haksız Kullanılan Tüketici Kaynaklarını(su,elektrik,doğalgaz) Ortadan Kaldırmak Üzere Hayata Geçirilen Proje.",10000,başarısız
crowdfon,ödül,tasarım,ya hep ya hiç,"Ahşap, Kütük, Odun Ürün Tasarımları",Can Tunç,erkek,0,0,1,0,belirsiz,belirsiz,2015,,,60,yok,0,1,0,0,0,2,4,1,yok,yok,0,0,0,115,"Ahşap, kütük, odun, metal ve artık kullanılmayan ürünlerden yeni şık tasarıma sahip ürünlerin yapımı.",3000,başarısız
fongogo,ödül,kültür-sanat,ya hep ya hiç,Çocuk Sokakta!,Dila Gültekin,kadın,0,0,1,0,istanbul,marmara,2019,19.04.2019,15.05.2019,26,var,130,2,0,0,0,11,3,1,yok,var,1,26,5,289,Bu proje sokak oyunlarının önemine dikkat çekmek ve ulaşılabilen tüm çocuklara güvenli ve doğal bir oyun ortamı kurmayı amaçlamaktadır.,3000,başarılı
fongogo,ödül,film-video-fotoğraf,ya hep ya hiç,Sessizliğin Kardeşleri,Taylan Mintaş,erkek,0,0,1,0,kars,doğu,2016,01.02.2016,1.04.2016,60,yok,0,19,0,7,0,42,12,2,yok,var,1,749,0,1123,"Ahraz olan iki kardeşin, insanların ve doğanın içindeki dört mevsimlik zorlu hayat mücadelesi.",35000,başarısız
fonbulucu,ödül,teknoloji,ya hep ya hiç,Allover,Barış Seven,erkek,0,0,1,0,muş,doğu,2018,,,60,yok,0,3,0,0,1,2,9,1,yok,var,1,108,0,347,Mağazalara girmeden çevrelerinde gezerken indirimlerden haberdar olabileceğiniz ve 7 den 70'e herkesin kullanabileceği bir uygulama,30000,başarısız
crowdfon,ödül,diğer,ya hep ya hiç,Çiçek Tasarımı Ve Kahve Kokusu,Tuluğ Özlü,kadın,0,0,1,0,belirsiz,belirsiz,2014,,,60,yok,0,1,0,0,0,2,4,1,yok,yok,0,0,0,115,Çeşitli workshopların uygulandığı aynı zamanda kahve köşesinde en doğal ve en özel kahvenizi yudumlayabilece?,50000,başarısız
fongogo,ödül,diğer,ya hep ya hiç,Queen's Home,Günet Eroglu,kadın,3,0,1,0,istanbul,marmara,2014,15.12.2014,13.02.2015,60,yok,0,12,0,1,0,4,5,1,yok,var,3,8191,0,247,"French Country stilde doğal, organik, sağlığa zarar vermeyen ev ve mutfaklar",50000,başarısız
crowdfon,ödül,tasarım,ya hep ya hiç,Hadi Cesaret Kartları,Ayça Akın,kadın,0,0,1,0,belirsiz,belirsiz,2014,,,60,yok,0,1,0,0,0,6,4,1,yok,yok,0,0,0,115,İkinci Adam Yayınlarından çıkacak kutu içinde 35 adet  karttan oluşan 500 adet baskı motivasyon kartlarım içi,4000,başarısız
arıkovanı,ödül,teknoloji,ya hep ya hiç,Freepark Bireysel - Akıllı Park Bariyeri,Onur Kılıç,erkek,0,0,1,0,belirsiz,belirsiz,2018,,,60,var,105,13,0,3,18,85,10,4,var,var,3,321,0,584,Freepark ilk olarak AVM’lerde engelli park alanlarının işgalini önlemek için tasarlandı ve bu konuda AVM’lere halen satışlar yapmaktayız,200000,başarılı
arıkovanı,ödül,teknoloji,ya hep ya hiç,Kodgem Straight | Dik Durmak İçin Teknolojik Çözüm,Kodgem Teknoloji,belirsiz,0,0,1,0,belirsiz,belirsiz,2019,,,60,var,60,12,0,2,8,54,5,4,var,var,2,5200,0,269,"Kişisel Duruş Antrenörü Duruşunuzu yalnızca 21 günde iyileştirmenin en basit, en hızlı ve en doğal yolu olan STRAIGHT ile tanışın",65000,başarılı
fongogo,ödül,film-video-fotoğraf,ya hep ya hiç,YAŞANAMAMIŞLIK KISA FİLMİ YURT DIŞI FESTİVAL DESTEĞİ,Mehmet ÖZ,erkek,0,0,1,0,istanbul,marmara,2020,09.09.2020,8.11.2020,60,var,110,5,1,0,0,2,8,1,yok,var,1,10,1,564,"Serdar Akar hocamın danışmanlığında çektiğim kısa filmimizi, yurt dışında ülkemiz adına temsil etmek için ufak büyük demeden desteklerinizi bekliyorum.",12000,başarısız
crowdfon,ödül,teknoloji,ya hep ya hiç,Türkiye'de Tek Denizciler İçin İş Veren Ve Personel Platformu.,Semih Baltalı,erkek,0,0,1,0,belirsiz,belirsiz,2019,,,60,yok,0,1,0,0,0,0,4,1,yok,yok,0,0,0,115,Türkiye'de detaylı incelemelerim doğrultusunda gemi & yat personellerine ve iş verenlere yönelik bir platform bulun,50000,başarısız
crowdfon,ödül,çevre,ya hep ya hiç,Sokak Hayvanı Sahiplendirme Mobil Uygulama,Mert Sağır,erkek,0,0,1,0,belirsiz,belirsiz,2019,,,60,var,60,1,0,0,0,7,4,1,yok,yok,0,0,0,115,Ülkemizde büyük sorun haline gelen duyarsızlıkla birçok canlı zarar görüyor. Bunların başında sokak hayvanla,1000,başarısız
arıkovanı,ödül,teknoloji,ya hep ya hiç,HEATRO Şarj Edilebilir Pille Isıtmalı Mont,Ayhan Prepol,erkek,0,0,1,0,belirsiz,belirsiz,2016,,,60,var,60,1,0,1,20,7,10,9,yok,yok,0,0,0,640,"Kartoon3D, 3 yaş ve üstü herkese Türkçe, İngilizce ve Almanca harf, kelime, sayı (ondalık sayılar da dahil) ve dört işlem hesaplarını öğreten, disleksi dostu bir arttırılmış gerçeklik tabanlı kutu oyunudur",100000,başarısız
crowdfon,ödül,film-video-fotoğraf,ya hep ya hiç,Yeşilcam Klasikleri,Mete Buz,erkek,0,0,1,0,belirsiz,belirsiz,2016,,,60,yok,0,1,0,0,0,0,4,1,yok,yok,0,0,0,115,Hayatımızda önemli bir yere sahip olan Yeşilçam filmlerini tek bir çatı altında toplayıp unutmaz kılmak,50000,başarısız
fongogo,ödül,teknoloji,ya hep ya hiç,Kadın Girişimci Online Satış Platformu,Tuğrul Taşkın,erkek,0,0,1,0,bayburt,karadeniz,2019,17.07.2019,15.09.2019,60,var,46,2,0,0,0,0,6,2,yok,yok,0,0,5,250,Ülkemizdeki bütün kadın girişimcileri (işletmesi olan yada hobi olarak satış yapan) tek bir platformda toplayarak “Evde Yap Dünya’ya Sat” felsefesini benimsemek,45000,başarısız
fongogo,ödül,kültür-sanat,ya hep ya hiç,Hadi (Atletizm filmi),Aral Seskir,erkek,0,0,1,0,istanbul,marmara,2019,20.09.2019,19.11.2019,60,var,46,1,0,0,0,0,7,2,yok,yok,0,0,0,122,“Hadi” bir atletizm filmidir. Filmde; köyde yaşayan genç bir kızın üvey anne baskısından kaçıp bir yıldız oluşunun hikayesini anlatılmaktadır.,30000,başarısız
fongogo,ödül,film-video-fotoğraf,ya hep ya hiç,Tehdit Film Projesi,Hakan KADIOĞLU,erkek,1,0,1,0,ankara,iç anadolu,2014,11.08.2014,10.10.2014,60,var,48,0,0,0,0,2,7,1,yok,yok,0,0,0,0,Günümüz Türk sinemasın da beklediğimiz her şeyi çarpıcı bir projede bir araya getirmek istediğimiz Tehdit adlı film projesi.,25000,başarısız
fongogo,ödül,gıda-yeme-içme,hepsi kalsın,Eskişehir'in en eğllencelisi Social Eskişehir'e destek ol!,Aykut Yucebas,erkek,0,0,1,0,eskişehir,iç anadolu,2020,02.06.2020,2.07.2020,30,var,61,3,0,0,0,0,3,1,yok,var,3,6953,0,93,"Bu zor günlerde, personel maaşı ve diğer giderlerimizi karşılamak için KUPONLAR sunuyoruz. Bu kuponlar 2021 yıl sonuna kadar geçerli olacaktır.",50000,başarısız
fonbulucu,ödül,eğitim,ya hep ya hiç,GENÇ SALON,Burak Çiçek,erkek,0,0,1,0,ankara,iç anadolu,2019,,,60,yok,0,1,0,0,0,0,9,1,yok,yok,0,0,0,396,Çalışma ortamı sunan grup veya bireysel olarak bulunan salonları çok amaçlı hizmetlere açık olan Kütüphane.,425000,başarısız
fongogo,ödül,müzik,ya hep ya hiç,Bestecilik kariyerim için piyano almak istiyorum.,Mertali Yıldırım,erkek,0,0,1,0,istanbul,marmara,2020,22.05.2020,21.07.2020,60,var,67,2,0,1,0,6,6,1,yok,var,1,661,0,246,Bestecilik kariyerime adım atmam için en büyük element olan piyanonun eksiğini tamamlamak için sizlerin desteklerini bekliyorum.,4500,başarılı
fongogo,ödül,eğitim,ya hep ya hiç,ODTÜ - KÖPRÜ KÜTÜPHANE PROJESİ,Sinan ADSAZ,erkek,0,0,1,0,ankara,iç anadolu,2018,23.03.2018,7.05.2018,45,var,60,17,0,0,0,19,9,2,yok,var,3,1610,5,351,Sosyal sorumluk bilincini her yere taşımak adına kütüphanesiz okul kalmayana dek çaba göstermeye devam edeceğiz,5000,başarılı
crowdfon,ödül,film-video-fotoğraf,ya hep ya hiç,Uvertür,Alpgiray M. Uğurlu,erkek,0,0,1,0,belirsiz,belirsiz,2013,,,60,var,60,1,0,0,0,24,8,1,yok,yok,0,0,0,115,"Hikâyesi yaşanmış bir öyküden yola çıkılarak oluşturulan bu film projesi… 
Kısa sürede, sınırlı ekip ve",8235,başarılı
fongogo,ödül,eğitim,ya hep ya hiç,Patika Doğa Okulu İçin Destek Çağrısı,Murat Çelik,erkek,0,0,1,0,izmir,ege,2020,19.08.2020,18.10.2020,60,var,102,5,0,0,0,22,3,1,yok,var,3,685,0,386,"Bu bir destek çağrısıdır. Patika Doğa Okulu adında bir girişimim var ve epey
ilerlediğim bu yolda topluluk desteği ile doğa okulumuzu kurmak istiyorum.",3500,başarılı
fongogo,ödül,diğer,ya hep ya hiç,KORONA ANAHTARI,Ediz Emektaş,erkek,0,0,1,0,istanbul,marmara,2020,20.04.2020,12.06.2020,53,var,33,0,0,0,0,0,6,2,yok,var,1,313,0,338,"Dünyaca etkilendiğimiz Covid-19 salgınında, topluma açık alanlarda koronavirüsün temas yoluyla bulaşma ihtimalini Korona Anahtarı ile düşürmek istiyoruz",1000,başarısız
fongogo,ödül,eğitim,ya hep ya hiç,İlk Kürtçe çizgi roman çocuk dergisi GOG desteğinizi bekliyor!,İMAM CİCİ,erkek,1,0,1,0,istanbul,marmara,2020,26.10.2020,25.11.2020,30,var,88,3,0,0,0,59,7,1,var,var,3,377,5,499,"Çocuklarımızın Kürtçe okuma-yazma becerilerini geliştirmelerine, çizgi roman ağırlıklı GOG'un eğlenceli ve akıcı anlatımıyla katkı sunmak istiyorum.",35000,başarılı
fongogo,ödül,kültür-sanat,ya hep ya hiç,SU/WATER,TOLGA OKUR,erkek,0,0,1,0,istanbul,marmara,2018,27.02.2018,28.04.2018,60,var,65,5,0,1,0,3,3,1,yok,var,1,2242,1,256,"Bağımsız kısa filmimiz dünyanın en prestijli film festivali Cannes Film Festivali'ne seçildi. Filmimiz, ülke sinemaları kapsamında Türkiye'yi temsil edecek.",3000,başarısız
fongogo,ödül,kültür-sanat,ya hep ya hiç,mmC SANAT MERKEZİ,merve çelik,kadın,0,0,1,0,eskişehir,iç anadolu,2019,19.06.2019,18.08.2019,60,yok,0,0,0,1,0,0,9,1,yok,yok,0,0,5,497,Güzel sanatlar öğrencilerine gelir sağlayacak kurumsal bir sanat merkezi kurabilmek için desteğinize ihtiyacım var,120000,başarısız
fongogo,ödül,diğer,hepsi kalsın,Sokak hayvanları için barınma alanı (Patipark Ankara),Patipark Ankara,belirsiz,0,0,1,0,ankara,iç anadolu,2020,03.01.2020,2.02.2020,30,var,111,1,0,1,0,3,7,1,var,var,3,9222,0,201,"Ankara’da, sahipsiz sokak hayvanlarının yaz kış güvenli ve refah içinde yaşayabilecekleri bir yaşam alanı kurmak istiyoruz.",60000,başarısız
fongogo,ödül,film-video-fotoğraf,ya hep ya hiç,SON OYUN,Muzaffer Çağatay Kılınç,erkek,0,0,1,0,istanbul,marmara,2018,13.04.2018,13.05.2018,30,yok,0,2,0,0,0,1,8,1,var,yok,0,0,5,245,"Projemizde Candar'ın uyuşturucu ile mücadelesi anlatılıyor. Uyuşturucu ile mücadelede, devletimizin çalışması, harcadığı bütçe ve daha fazlası yer almaktadır.",4000,başarısız
fongogo,ödül,film-video-fotoğraf,ya hep ya hiç,Tekerleğin İcadı / Tekerlekli Sandalye Basketbolu Belgeseli,Selin Şahin,kadın,0,0,1,0,istanbul,marmara,2017,28.05.2017,27.07.2017,60,var,64,2,0,0,0,38,6,3,yok,var,3,12700,5,261,Tekerlekli sandalye basketbolu oyuncusu Selin Şahin'e destek olmak ve engelli sporlarının bilinirliğini arttırmak için çalışılan bir farkındalık projesidir.,10000,başarılı
crowdfon,ödül,teknoloji,ya hep ya hiç,Oylagitsin.com - Dünya' Nın İlk Anlık Tepki Ve Beğeni Sosyal Ağı,Bora Erbaşoğlu,erkek,0,0,1,0,belirsiz,belirsiz,2015,,,60,yok,0,1,0,0,0,0,4,1,yok,yok,0,0,0,115,Proje dünyada bir ilk olup çağımızın gereksiniminden doğmuştur. Dünyayı değiştirmek için bir oy yeter söz,50000,başarısız
crowdfon,ödül,çevre,ya hep ya hiç,Köpek Misafirhanesi,Atilla Polat,erkek,0,0,1,0,belirsiz,belirsiz,2015,,,60,yok,0,1,0,0,0,6,4,1,yok,yok,0,0,0,115,Evimizin birer ferdi olan can dostlarimiz kopek dostlarimusa aileleri bir yere gitiklerinde misafir edebilecegim bir kop,3300,başarısız
fongogo,ödül,eğitim,ya hep ya hiç,Ülkem Okuyor,Hasan Türk,erkek,0,0,1,0,istanbul,marmara,2018,22.11.2018,7.01.2019,46,var,140,3,0,0,0,40,9,2,var,var,2,783,5,562,"Kendine, topluma ve doğaya aynı anda iyilik yapmak ister misin? Ülkem Okuyor ile okuyacak, okutacak ve yeşillendireceğiz. Hazırsanız başlayalım!""""",15000,başarılı
fongogo,ödül,film-video-fotoğraf,ya hep ya hiç,IRGAT (Belgesel),Muhammed Ali Şahin,erkek,0,0,1,0,kayseri,iç anadolu,2019,22.08.2019,21.10.2019,60,var,293,14,0,0,0,0,6,1,yok,yok,0,0,0,283,"Mevsimlik Tarım İşçileri'nin, hüzün dolu zor yaşamları ve hayat mücadelelerinin  belgeseli.",10000,başarısız
fongogo,ödül,sağlık-güzellik,ya hep ya hiç,AlpMask Anti Viral Ped,Alp ASLAN,erkek,0,0,1,0,ankara,iç anadolu,2020,25.11.2020,24.01.2021,60,var,211,2,1,0,0,0,4,1,yok,yok,0,0,5,290,"Covid-19 hastalığına neden olan SARS-CoV-2 virüsünün solunum yollarımıza girmesini önlemede etkili, tuz-aktif karbon-kolloidal gümüşlü evrensel tasarım ped.",125000,başarısız
fongogo,ödül,film-video-fotoğraf,ya hep ya hiç,FÜSUN,Güven Dolaş,erkek,0,0,1,0,edirne,marmara,2020,27.02.2020,11.04.2020,44,var,51,6,0,0,0,0,7,1,yok,var,2,15,5,216,"Füsun, sektöre adım atabilmek için yaptığımız ve aynı zamanda gelecek projelerimizde bize iyi bir referans sağlayacak giriş projemizdir.",30000,başarısız
crowdfon,ödül,tasarım,ya hep ya hiç,Araç Telefon Numaralık  (otoparktel),Eyüp Karakuş,erkek,0,0,1,0,belirsiz,belirsiz,2016,,,60,yok,0,1,0,0,0,7,4,1,yok,yok,0,0,0,115,Artık aracınızı park ettiğinizde gözünüz arkada kalmasın. Otoparktel  i hemen ön camınıza asın. Daha sonra,25000,başarısız
arıkovanı,ödül,teknoloji,ya hep ya hiç,Wattsu -  Kombi Tasarruf Cihazı,Hamit Memur,erkek,0,0,1,0,belirsiz,belirsiz,2016,,,60,var,190,5,0,1,41,136,7,2,yok,yok,0,0,0,776,Kombiniz varmı? Kombide gün bazlı %57 tasarruf sağlayabilen bir buluşun yapıldığını söylesek.,200000,başarılı
fongogo,ödül,kültür-sanat,ya hep ya hiç,Uluslararası Uşak Film Festivali,Uluslararası Uşak Kısa Film Festivali,belirsiz,0,0,1,0,uşak,ege,2020,02.12.2020,11.01.2021,40,var,155,6,1,4,0,49,7,1,var,var,3,1387,0,256,"Uluslararası Uşak Kısa Film Festivali, Uşak Üniversitesi İletişim Topluluğu'nca düzenlenen bir sinema etkinliğidir.",7500,başarılı
fonbulucu,ödül,teknoloji,ya hep ya hiç,Teknolojik projelerim,Furkan Efe Aktan,erkek,0,0,1,0,genel,genel,2019,,,60,yok,0,1,0,0,1,7,5,1,yok,var,2,160,0,108,Çocukları bilimle tanıştırmak amacıyla bir eğitici robot yapacağım.,700,başarılı
fongogo,ödül,teknoloji,ya hep ya hiç,İster Pişir İster Ye,Ahu Yurtoğlu,kadın,0,0,3,0,istanbul,marmara,2015,06.03.2015,5.05.2015,60,yok,0,10,0,0,0,0,4,1,var,var,3,853,0,183,www.isterpisiristerye.com ev yemeği yapanlar ile ev yemeği yemek isteyenleri buluşturan bir online pazar yeridir. Siteye ön kayıt alınmaktadır.,50000,başarısız
arıkovanı,ödül,teknoloji,ya hep ya hiç,Swenna | Akıllı Çanta,Atakan Sayın,erkek,0,0,1,0,belirsiz,belirsiz,2018,,,60,var,13,9,0,5,36,303,1,1,yok,yok,0,0,0,147,"Çantanın geleceği şimdi Arıkovanında. Swenna ile çantalar yenileniyor, değişiyor.",100000,başarılı
fonbulucu,ödül,çevre,ya hep ya hiç,Solar Inverter,Halil Tepedelen,erkek,1,0,1,0,antep,güneydoğu,2018,,,60,var,1111,1,0,0,0,1,6,1,yok,var,4,472,0,137,Güneşden elde edilen enerjiyi evde kullanabileceğimiz uygun formata çeviren bir konvertödür.,50000,başarısız
fongogo,ödül,eğitim,ya hep ya hiç,İlkokulumuz'a 10 Kala,Boğaziçi Üniversitesi Yapı Kulübü,belirsiz,0,0,1,0,adıyaman,güneydoğu,2015,25.12.2015,8.02.2016,45,var,116,9,0,0,0,6,6,1,var,var,3,1279,0,314,Adıyaman'ın Yazıbeydili Köyü'nde bir ilkokul inşa edilmesi,10000,başarısız
fongogo,ödül,sağlık-güzellik,ya hep ya hiç,Kas hastası Canberk dostunuzun güçsüzleşen kaslarına güç olmak,Canberk Sağnak,erkek,0,0,6,0,ankara,iç anadolu,2019,22.02.2019,19.03.2019,25,yok,0,6,0,4,0,154,7,6,yok,yok,0,0,3,537,"ciddi bir kas hastalığı olan duchenne muscular dystrophy  ile olan savaşımda başarılı olmaya devam edebilmem ve hayata daha sıkı sarılabilmem için destek olmak""",23000,başarılı
fongogo,ödül,kültür-sanat,ya hep ya hiç,Bağımsız Bir Arkeoloji Dergisi İçin Kağıt Desteği,Aktüel Arkeoloji Dergisi,belirsiz,0,0,1,0,istanbul,marmara,2019,20.05.2019,16.08.2019,88,var,67,1,0,0,1,109,9,1,var,var,3,250867,5,269,"Arkeolojiyi korumayı, sevdirmeyi ve geleceğe bir Anadolu bırakmayı amaçlayan dergimizin sürdürülebilirliği için kağıt desteğine ihtiyacımız var.""""""",35000,başarılı
fongogo,ödül,film-video-fotoğraf,ya hep ya hiç,ARAYIŞ,Yunus Emre Işık,erkek,0,0,1,0,izmir,ege,2017,04.10.2017,3.11.2017,30,yok,0,0,0,0,0,0,5,2,yok,yok,0,0,5,201,"Amaç, tür olarak birbirinden farklı dokuz kısa filmi, türlerin bir karması olan onuncu kısa filmle bağdaştırıp yepyeni bir formatla uzun metraj film elde etmek.",10000,başarısız
fongogo,ödül,eğitim,ya hep ya hiç,Engelsiz Kariyer Akademi Liderlik Okulu,Mehmet Kızıltaş,erkek,0,0,1,0,istanbul,marmara,2015,09.06.2015,8.08.2015,60,var,212,10,0,0,0,6,9,1,var,var,3,1462,0,623,Geleceğin Engelli Liderleriyle İş ve Kariyer Dünyasında Başarıya Ulaşmak Mümkün.,20000,başarısız
fonbulucu,ödül,teknoloji,ya hep ya hiç,Üniversiteli Gençlerin Değer Katma Çabası : Dolmuş Dergi,Deniz Baran Bek,erkek,0,0,1,0,ankara,iç anadolu,2020,,,60,var,55,3,0,0,0,0,7,2,var,var,1,73,0,353,Bilgiye Kalkan Son Dolmuş! Kaçırmayın...,20000,başarısız
fongogo,ödül,film-video-fotoğraf,ya hep ya hiç,Farklı Hayatlar / (KISA FİLM / SHORT FİLM),burak çelik,erkek,0,0,1,0,istanbul,marmara,2018,18.10.2018,21.11.2018,34,yok,0,6,0,0,0,0,6,1,yok,yok,0,0,0,280,"Farklı Hayatlar / (KISA FİLM / SHORT FİLM)
Dünaya’da herkese göre bir yaşam var.
Herkesin de bu dünyada hayalleri ve umutları var.""",10000,başarısız
fongogo,ödül,film-video-fotoğraf,ya hep ya hiç,Düğüm - Knot,Ömer Akdağ,erkek,0,0,1,0,istanbul,marmara,2019,18.12.2019,25.02.2020,69,var,19,19,0,1,0,24,8,9,yok,yok,0,0,0,1281,Bu film melodrama film türünün özellikleri üzerinden bu ataerkil düzenin şiddetine maruz kalan karakterlerin yaşadığı dramı anlatır.,6000,başarılı
crowdfon,ödül,tasarım,ya hep ya hiç,Meleğimin İsmini Buldum :),Hakan Yalçın,erkek,0,0,1,0,belirsiz,belirsiz,2015,,,60,yok,0,1,0,0,0,4,4,1,yok,yok,0,0,0,115,"Merhaba arkadaşlar, öncelikle 3 aylık bir baba adayı olarak sizden bu projeme desteklerinizi bekliyorum.

Bir çok a",50000,başarısız
fongogo,ödül,film-video-fotoğraf,ya hep ya hiç,Yemen - Türküde Saklı Olan Efsane,Uluç Yemen Aslan,erkek,0,0,1,0,istanbul,marmara,2015,05.10.2015,8.11.2015,34,yok,0,5,0,0,0,1,5,1,yok,yok,0,0,0,316,"Belgeselimiz Yemen'e gidip dönemeyenlerin arkasında yazılan türkülerin, Yemen'de kalan Türk'lerin hikayelerini ve yaşanan olayın tarihini anlatıyor.",48500,başarısız
fongogo,ödül,film-video-fotoğraf,ya hep ya hiç,UĞUR BÖCEĞİ / LADYBUG,Öznur Eroğlu,kadın,0,0,1,0,mersin,akdeniz,2019,07.08.2019,6.09.2019,30,var,22,1,0,0,0,0,9,2,yok,var,2,34,5,375,Doğduğumuz andan itibaren toplumsal cinsiyet hakkındaki tüm sosyal yapılanmadan etkileniriz.,15000,başarısız
fongogo,ödül,teknoloji,ya hep ya hiç,Maker Zone X Proje gerçekleştirme alanı,Kağan Köksal,erkek,0,0,1,0,izmir,ege,2019,07.01.2019,8.03.2019,60,var,47,16,0,0,0,44,9,2,yok,var,2,6,5,576,"Üreten bir toplum olmak adına hem üreten insanlara altyapı sağlıyor, hem öğrenmek isteyenlere kurslar veriyoruz. Üretim kültürü inşa ediyoruz.",14000,başarılı
fongogo,ödül,teknoloji,ya hep ya hiç,SEAS - Akıllı Sınav Yönetim Sistemi,M Yasin Yıldırım,erkek,0,0,1,0,istanbul,marmara,2018,04.04.2018,3.06.2018,60,yok,0,7,0,1,0,0,8,3,var,yok,0,0,5,606,"Kağıt tüketimini azaltmayı, hızlı & güvenilir değerlendirme süreçleri oluşturmayı, bilgi odaklı ölçümler yapmayı ve kopyayı engellemeyi hedefleyen akıllı sistem",33000,başarısız
fongogo,ödül,gıda-yeme-içme,ya hep ya hiç,Üniversite Son Sınıf Öğrencisine Yeni Kuracağı İş İçin Destek,Aybike  Çakmacık,kadın,0,0,1,0,istanbul,marmara,2020,17.01.2020,17.03.2020,60,var,59,10,0,0,0,1,7,1,yok,var,2,3901,0,209,"En büyük amacım toplumun her kesiminden insanın, sağlıksız sürülebilir kakaolu kremalar yerine; sağlıklı, lezzetli ve geniş yelpazeli ürünler tüketmesidir.",3000,başarısız
fongogo,ödül,çevre,ya hep ya hiç,Kutsal Doğada,Belma Tarlabaşı,kadın,2,0,1,0,antalya,akdeniz,2020,07.02.2020,7.04.2020,60,var,191,17,0,0,0,64,6,1,var,var,1,11000,0,724,"Milli Parklarımız ve çevresindeki yaşam;YouTube kanalımızda haftada 1 kez,bisikletli anne ve çocuk gözünden kurgulanıp yayınlanacaktir.Doğa-çocuk-anne ilişkisi.",13000,başarılı
crowdfon,ödül,diğer,ya hep ya hiç,Türkiye'nin Dışa Bağımlılığını Bir Nebzede Olsa Azaltmak,Furkan Avcu,erkek,0,0,1,0,belirsiz,belirsiz,2015,,,60,yok,0,1,0,0,0,0,4,1,yok,yok,0,0,0,115,Bilindiği gibi Türkiye'de kırmızı et bakımından hala bir miktar dışa bağımlılık söz konusu. Bu dışa bağ,50000,başarısız
fongogo,ödül,kültür-sanat,ya hep ya hiç,"Çocuklar ile yolda sanat, ilk hedefimiz Karadeniz",Hazal Kaya,kadın,1,0,1,0,artvin,karadeniz,2020,08.06.2020,7.08.2020,60,var,181,15,0,1,0,6,8,2,yok,var,1,202,5,480,"Ankaralı iki sanatçı hayaldaş, ekonomik açıdan dezavantajlı çocuklar ile sanatsal üretim yapacağımız bir proje hayal ettik.",30000,başarısız
fongogo,ödül,eğitim,ya hep ya hiç,Global Eğitsel Zeka Web Sitesi,Muharrem Çiftçi,erkek,0,0,1,0,ankara,iç anadolu,2019,13.05.2019,12.07.2019,60,var,48,7,0,0,0,0,9,3,var,var,3,8,5,911,"Sosyal medyadan ziyade bilim, psikoloji ve bireysel gelişimi paylaşma farkındalığı olan bireyleri buluşturan interaktif ve öncü bir web uygulaması haline gelmek",24000,başarısız
arıkovanı,ödül,teknoloji,ya hep ya hiç,Programlanabilir Mini Drone: ESPcopter,Metehan Emlik,erkek,0,0,1,0,belirsiz,belirsiz,2018,,,60,var,144,23,0,4,19,123,12,1,var,var,3,13997,0,691,Yaklaşık olarak iki yılı aşkın bir süredir devam eden araştırma geliştirme ve testlerden sonra karşınızda Türkiye’nin ilk yerli programlanabilir mini drone’u ESPcopter,100000,başarılı
fongogo,ödül,film-video-fotoğraf,ya hep ya hiç,"""İKARUS"" KISA FİLM PROJESİ",Buğra Mert Alkayalar,erkek,0,0,3,0,eskişehir,iç anadolu,2018,30.10.2018,29.12.2018,60,yok,0,3,0,0,0,1,9,1,yok,var,2,1019,5,487,Arzuları uğruna gerçekliğini kaybeden bir adamın hikayesi.,5000,başarısız
fonbulucu,ödül,kültür-sanat,ya hep ya hiç,Müzik çalışmalarım için ekipman desteği,Mert Bozkurt,erkek,0,0,1,0,istanbul,marmara,2019,,,60,var,153,2,0,0,0,1,5,1,yok,var,1,70,0,74,müzik ruhun temelidir ve bunu hepimizi hissetmesi lazım.,12500,başarısız
fongogo,ödül,kültür-sanat,ya hep ya hiç,Türkiye'nin En Genç Tiyatro Sahnesi!,Sumru Köleli,kadın,0,0,1,0,ankara,iç anadolu,2019,22.04.2019,21.06.2019,60,yok,0,8,0,0,0,0,7,6,var,var,2,119,1,968,"'Türkiye'nin en genç tiyatro ekibi'olarak kültür-sanat alanında kolektif güçle bir sahne oluşturmak,gençliğin de burada 'farkındalıkla' önderleşmesini istiyoruz",7000,başarısız
crowdfon,ödül,film-video-fotoğraf,ya hep ya hiç,Şimdi Geçebilirsiniz,Deniz Yüce,kadın,0,0,1,0,belirsiz,belirsiz,2020,,,60,yok,0,1,0,0,0,1,5,1,yok,yok,0,0,0,260,"Proje Bilgisi ""Şimdi Geçebilirsiniz."" Tür: Belgesel Süre:51 dakika Yönetmen : Deniz Yüce Yapım Yılı: 2019 Türk",30000,başarısız
fongogo,ödül,müzik,ya hep ya hiç,Yürüyen Banknotlar'ın İlk Klibine Destek Ol!,Buğra Pakbeşe,erkek,0,0,1,0,ankara,iç anadolu,2019,02.01.2019,11.02.2019,40,var,314,1,0,0,0,0,7,1,yok,yok,0,0,0,405,Merhaba! Yürüyen Banknotlar isimli synth-pop müzik yapan grubumuzun ilk klibini çekmek için desteğinize ihtiyacımız var!,5000,başarısız
crowdfon,ödül,film-video-fotoğraf,ya hep ya hiç,Instant Istanbul,Sinem Calisir,kadın,0,0,1,0,belirsiz,belirsiz,2012,,,60,yok,0,1,0,0,0,6,4,1,yok,yok,0,0,0,40,"INSTANT ISTANBUL, Italyan sanatcilarin katilimi ile Istanbul'un Polaroid Fotograflarindan olusan cok ozel bir sergi.",8500,başarısız
fongogo,ödül,kültür-sanat,ya hep ya hiç,Anıhüa - Ortak Düşlerin Toprakları,Hibla Atan,kadın,1,0,1,0,antalya,akdeniz,2020,11.03.2020,7.06.2020,88,var,60,6,0,0,0,15,7,6,yok,var,1,3698,0,386,"Güneşin Altında Yeni Bir Şey Yok, Unutulanlar Dışında.",20000,başarısız
fonbulucu,ödül,sosyal sorumluluk,ya hep ya hiç,Görmesem de Dokunurum,Kenan Karaca,erkek,0,0,1,0,genel,genel,2018,,,60,yok,0,2,0,0,0,0,4,1,yok,yok,0,0,0,386,Görme engelli bireylerin hayatını kolaylaştırmaya yönelik bir proje,20000,başarısız
crowdfon,ödül,müzik,ya hep ya hiç,Entegre Grubu Kağıt Kalem Adlı Şarkıları İçin Klip Desteği İstiyor,Yasin Hoşgör,erkek,0,0,1,0,belirsiz,belirsiz,2015,,,60,yok,0,1,0,0,0,5,4,1,yok,yok,0,0,0,115,"Merhaba,

2015 yılında kurulan ve Türkçe sözlü dans müziği yapan İstanbullu bir müzik grubuyuz. Ocak ayı içe",5000,başarısız
fongogo,ödül,film-video-fotoğraf,ya hep ya hiç,Bugün Ölmek İstemiyorum,Utkan Bugay,erkek,9,0,2,0,istanbul,marmara,2019,30.05.2019,2.07.2019,33,yok,0,0,0,0,0,92,8,2,yok,var,1,94,0,234,"Kalp krizi geçirerek ölmekte olduğunu du?şu?nen S., bir yandan da ebeveynlerinin ve doktorunun ilgisizliğiyle mu?cadele etmek zorundadır.""""""",12500,başarılı
fongogo,ödül,gıda-yeme-içme,ya hep ya hiç,Yakın Yemek,Ulaş Can Cengiz,erkek,0,0,2,0,istanbul,marmara,2014,03.03.2014,18.03.2014,15,yok,0,2,0,0,0,9,3,2,yok,yok,0,0,0,194,"Ev yemeği hasreti çekenleri kurtaracak, ev yemeği fazlası olanları sevindirecek yakın yemek sistemi.",300,başarılı
fongogo,ödül,film-video-fotoğraf,ya hep ya hiç,Yağmur Olup Şehre Düşüyorum,Kasım Ördek,erkek,0,0,1,0,istanbul,marmara,2019,29.01.2019,10.03.2019,40,yok,0,1,0,0,0,4,8,1,yok,yok,0,0,0,348,Her evlat babasının yaşadığı kaderden bir parça nasibini alır.,12000,başarısız
fongogo,ödül,sağlık-güzellik,hepsi kalsın,KAÇUV Aile Evi,Halil Yapıcı / kanserli çocuklara umut vakfı,erkek,0,0,1,0,istanbul,marmara,2014,17.02.2014,28.04.2014,70,yok,0,21,0,0,0,36,5,2,var,var,2,54160,0,465,Kanserli çocuklar ve aileleri için umut dolu bir ev inşa edildi. Birlikte yaşatalım,10000,başarısız
crowdfon,ödül,yayıncılık,ya hep ya hiç,Şiir Seslendirme,Emre Gümüş,erkek,0,0,1,0,belirsiz,belirsiz,2014,,,60,yok,0,1,0,0,0,4,4,1,yok,yok,0,0,0,40,Şairlerimizin en güzel şiirlerini studyo ortamında seslendirip internet ortamına yüklemek ve paylaşmak istiyorum.,600,başarısız
fonbulucu,ödül,kültür-sanat,ya hep ya hiç,AkustikZone,Ege Birol,erkek,0,0,1,0,ankara,iç anadolu,2018,,,60,var,186,4,0,0,6,5,9,1,yok,yok,0,0,0,466,"Amatör müzisyenlerin kendilerini tanıtmasına destek ol! Müzisyenler piyasadan çok daha uygun fiyatlar karşılığında prova, kayıt ve klip projelerini gerçekleştirsinler.",150000,başarısız
fongogo,ödül,eğitim,ya hep ya hiç,Performistanbul - Performans Sanatı Kütüphanesi ve Arşivi,Simge Burhanoğlu,kadın,0,0,1,0,istanbul,marmara,2020,27.02.2020,11.05.2020,74,var,82,4,0,0,0,4,9,2,var,var,2,144,0,750,"Canlı Sanat Araştırma Alanı (PCSAA), Türkiye’de ilk defa performans sanatına adanmış 7000'in üzerinde kaynağı sunacak  halka açık ve ücretsiz bir alan.",60000,başarısız
fongogo,ödül,eğitim,ya hep ya hiç,Yerli Yeşil Yeni Bir Gelecek,Murad Tiryakioğlu,erkek,0,0,1,0,afyon,ege,2019,11.04.2019,11.05.2019,30,yok,0,10,0,0,0,23,6,28,var,var,3,281,5,713,"Yerli Yeşil Yeni bir geleceğe inanıyor, geçmişte yaptığımızı, bugün yapabildiğimizi ve gelecekte çok daha iyi yapabileceğimizi anlatmak istiyoruz.",19900,başarısız
arıkovanı,ödül,teknoloji,ya hep ya hiç,Deplike | Cebinizdeki Gitar Amfisi,Anıl Özbek,erkek,0,0,1,0,belirsiz,belirsiz,2017,,,60,var,60,4,0,2,10,78,7,2,yok,yok,0,0,0,426,"Cep telefonunu elektro gitar amfisine çeviriyoruz Elektro gitar çalabilmek, düzgün bir ton elde edebilmek için servet harcamana artık gerek yo",60000,başarılı
fongogo,ödül,teknoloji,ya hep ya hiç,The Gst,Hüseyin  Pekşen,erkek,0,0,1,0,istanbul,marmara,2020,27.05.2020,26.07.2020,60,var,44,3,0,0,0,0,5,1,yok,var,2,50,0,290,Dünya devi teknoloji sitelerine izinizi belli etmeden misafir giriş yapmayı sağlayan bir yazılım projesi,8800,başarısız
fongogo,ödül,film-video-fotoğraf,ya hep ya hiç,Zülâl'i Beklerken,Zabit KARAKÖSE,erkek,0,0,1,0,bursa,marmara,2019,28.03.2019,26.05.2019,59,yok,0,2,0,0,0,0,9,5,yok,yok,0,0,0,339,Sanatsal drama türünde çekeceğimiz kısa metrajlı film ile yurt içi ve yurt dışı festivallere katılmak projemizin ana hedeflerindendir.,10000,başarısız
crowdfon,ödül,çevre,ya hep ya hiç,Piyalepaşa Bostanı Desteklerinizi Bekliyor!,Tracy Maria Lord,belirsiz,0,0,1,0,belirsiz,belirsiz,2021,,,60,var,295,5,0,0,0,18,3,1,yok,yok,0,0,0,234,"İstanbul metropolünün tam ortasında nadir yeşil alan olan Piyalepaşa bostanı, geleneksel bostancılık, tarihi, k",10000,başarısız
fongogo,ödül,kültür-sanat,ya hep ya hiç,KARNAVAL - Türkiye'nin İlk İzlenebilir Romanı,Yavuz Selim Senemoğlu,erkek,0,0,1,0,bursa,marmara,2019,26.08.2019,30.09.2019,35,yok,0,1,0,0,0,3,6,1,yok,yok,0,0,0,299,"Karnaval, kitap ve sinema severlere, sözü edilen mekanları ve olayların bazı kesitlerini hem okuma hem de izleme deneyimi yaşatmayı amaçlayan bir SineRoman.",12000,başarısız
fongogo,ödül,eğitim,ya hep ya hiç,Sınavını Kazandığım La Fémis Sinema Okulu Eğitimi İçin Destek,Tuğçe Karabacak,kadın,0,0,1,0,istanbul,marmara,2020,30.06.2020,14.07.2020,14,yok,0,7,0,0,0,28,5,1,yok,var,4,431,4,486,La Fémis'de okuyabilmek için ilk aşamayı başardım fakat ikinci sınava girebilmem için okul ücretini yatırmam gerekiyor. Başarısız olma durumumda iade edilecek.,30000,başarısız
fongogo,ödül,film-video-fotoğraf,ya hep ya hiç,KARA KUTU Kısa Film,Can Deniz Atıcı,erkek,1,0,1,0,istanbul,marmara,2019,22.08.2019,6.10.2019,45,var,46,7,0,1,0,43,9,1,yok,var,3,415,5,234,11 yaşındaki keman öğrencisi Selin'in hayatındaki zorluklar ve İstanbul'un karmaşasına karşı ayakta kalma mücadelesi.,20000,başarılı
fonbulucu,ödül,teknoloji,ya hep ya hiç,Haykırmk Uzay Keşif Teknolojileri,Zeynel Tuna,erkek,0,0,1,0,izmir,ege,2018,,,60,var,80,0,0,0,1,1,5,1,yok,var,1,19,0,90,Zekamızı ve ve bilimdeki başarılarımızı tüm dünyaya haykıracağız,4735,başarısız
crowdfon,ödül,teknoloji,ya hep ya hiç,Game Borsa,Yusuf Kerem Aslan,erkek,0,0,1,0,belirsiz,belirsiz,2019,,,60,yok,0,1,0,0,0,0,4,1,yok,yok,0,0,0,115,"Çağımızda oyun satışları online olarak yapılmakta,bu oyun satışları için birçok platform bulunmaktadır. Bu",50000,başarısız
fongogo,ödül,gıda-yeme-içme,ya hep ya hiç,BUĞDAY'IN YOLCULUĞUNDA İYİLİK SERÜVENİ,NURHAN ÖZATA KESKİN,kadın,0,0,1,0,istanbul,marmara,2020,02.10.2020,1.12.2020,60,var,211,6,1,0,0,0,5,1,yok,var,1,57,5,576,"Geleneğimizi yaşatırken iyiliği yaymak amacıyla çıktığımız bu serüvende bizimle yürür müsünüz? Yolumuz gülümseyen çocuklara, evsizlere ve hayvanlara uzanıyor.",7500,başarısız
crowdfon,ödül,diğer,ya hep ya hiç,Okuldaki Bilgi Merdivenleri,Cem Özmen,erkek,0,0,1,0,belirsiz,belirsiz,2015,,,60,var,60,1,0,0,0,4,4,1,yok,yok,0,0,0,115,Ben 7 yaşında bir kız çocuğu babasıyım. Bu yıl kızım eğitim hayatına atıldı. Okula yeni başlayan çocukla,3000,başarısız
fongogo,ödül,kültür-sanat,ya hep ya hiç,YARI YARIYA,Mazhar YILDIZ,erkek,0,0,1,0,izmir,ege,2019,09.09.2019,24.10.2019,45,var,48,13,0,0,0,0,8,1,yok,yok,0,0,5,275,Uzun süre önce işinden ayrılan Kemal kendini evine kapatır. Sessiz ve kimsesiz yaşamını sürdürken üst kata taşınan komşular herşeyi alt üst eder.,10000,başarısız
fongogo,ödül,film-video-fotoğraf,ya hep ya hiç,Susam - Kısa Film Projesi,Sami Morhayim,erkek,2,0,2,0,istanbul,marmara,2020,13.10.2020,12.12.2020,60,var,273,19,0,1,0,68,9,3,yok,var,1,753,4,0,Kısa filmimizi bitirmek için verdiğin destek çok değerli! Bu özel filmin parçası olma şansı yakala!,20000,başarılı
crowdfon,ödül,teknoloji,ya hep ya hiç,Yabancı Dilinizi Konuşarak Geliştireceğiniz Bir Uygulama,Salih Uzun,erkek,0,0,1,0,belirsiz,belirsiz,2018,,,60,yok,0,1,0,0,0,0,4,1,yok,yok,0,0,0,115,"Projemin temel dayanağı, yabancı dil konusunda pratik yapmak için kimsemizin olmaması. Biriyle yabancı dil konuşu",50000,başarısız
fongogo,ödül,diğer,ya hep ya hiç,Aslı'nın Dolabı,Asli Guvenc,kadın,2,0,1,0,istanbul,marmara,2014,17.02.2014,3.04.2014,45,var,486,7,0,0,0,16,6,1,var,var,2,665,0,588,"Aslı’nın Dolabı, Sivil Toplum Kuruluşlarına bağışın gönüllüler tarafından ödüllendirildiği bağımsız ve kar amacı gütmeyen bir sosyal girişimdir.",10000,başarısız
crowdfon,ödül,teknoloji,ya hep ya hiç,Robotik Oyuncaklar,Şafak Turan,erkek,0,0,1,0,belirsiz,belirsiz,2019,,,60,yok,0,1,0,0,0,6,4,1,yok,yok,0,0,0,115,"Mekatronik Mühendisliği öğrencisiyim ve alanımla ilgili robotik oyuncaklar(ışık izleyen,robot kol,çizgi izleyen",5000,başarısız
fongogo,ödül,film-video-fotoğraf,ya hep ya hiç,Rei - Kısa Bilim Kurgu Filmi / Sci-Fi Short Film,Burçak Balkan,kadın,0,0,1,0,istanbul,marmara,2020,02.03.2020,1.05.2020,60,var,98,6,0,0,0,0,8,7,yok,yok,0,0,0,501,"Tedavisi imkansız, yapay hastalık kadınları mutasyona uğratınca yeni biyo-modern çağ algısı oluşur.Artık hayatta kalabilmek erkekler için hiç de kolay değildir.",10000,başarısız
fongogo,ödül,kültür-sanat,ya hep ya hiç,Plastik Rüya - Kısa Film Projesi,Merve Bozcu,kadın,2,0,1,0,istanbul,marmara,2020,02.12.2020,31.01.2021,60,var,168,5,1,0,0,99,7,2,yok,var,2,571,5,333,Yıllarca aynada gördüğün yüz bir anda sana ait olmaktan çıkarsa aynı kişi olmaya devam edebilir misin?,20000,başarılı
crowdfon,ödül,teknoloji,ya hep ya hiç,Gaga,Şule Öztürk,kadın,0,0,1,0,belirsiz,belirsiz,2019,,,60,yok,0,1,0,0,0,4,4,1,yok,yok,0,0,0,115,"GAGA markası olarak üretim yöntemi,ürün tasarımı ,kalitesi ve uygulanabilirliği ile yenilenebilir enerji sektör",500000,başarısız
crowdfon,ödül,diğer,ya hep ya hiç,Burada Kelimeler Konuşur...,Volkan Danabas,erkek,0,0,1,0,belirsiz,belirsiz,2015,,,60,yok,0,1,0,0,0,4,4,1,yok,yok,0,0,0,115,Günlük e-posta gönderimlerinden oluşan İngilizce dil paketleri. Türkiye'de  dil öğrenmedeki bir eksikliği gider,50000,başarısız
fongogo,ödül,teknoloji,ya hep ya hiç,Havaref.com,Aydın Uçar,erkek,0,0,1,0,muğla,ege,2018,14.11.2018,13.01.2019,60,var,174,4,0,0,0,0,8,2,var,var,4,96,5,439,"Havaref.com, aynı uçaktaki yolcuların uçuş öncesi iletişim kurarak karşılıklık fayda (ek gelir, gider paylaşım, hizmet) sağlayabilecekleri online platformdur.",15000,başarısız
fongogo,ödül,teknoloji,ya hep ya hiç,Naringo,Mehmet Emin BİLAL,erkek,0,0,1,0,izmir,ege,2019,29.03.2019,28.05.2019,60,var,78,2,0,0,0,6,7,2,var,var,3,4,5,275,"SİZİN VE DOSTLARINIZIN PLATFORMU 
Sevdiklerinizin En Özel Günlerinde Onlara Verdiğiniz Değeri En iyi Anlatan, Sevgiye Değer Katan internet Platformu Projesidir.",50000,başarısız
fongogo,ödül,film-video-fotoğraf,ya hep ya hiç,ÖTEKİ,Gülsün Sarıoğlu,kadın,0,0,1,0,istanbul,marmara,2018,05.10.2018,19.11.2018,45,var,175,0,0,0,0,9,7,1,yok,var,1,500,3,893,"Türkiye'nin Misafirleri Suriyelilerin Ötekileşme Hikayesi
""Yaşıyoruz, buradayız!"" Hiç bir zaman umutsuzluğa kapılmamak lazım. Yaşıyorsak hala bir umut vardır.""""",22000,başarısız
fongogo,ödül,diğer,ya hep ya hiç,Özgecan Yasası Çıksın,Uçan Süpürge,belirsiz,0,0,1,0,ankara,iç anadolu,2015,09.05.2015,21.05.2015,12,yok,0,2,0,0,0,53,5,1,var,yok,0,0,0,444,change.org/ozgecan kampanya talebinin gerçekleşmesi için liderlere hitaben gazeteye mektup ilanı verilmesi,50000,başarısız
crowdfon,ödül,teknoloji,ya hep ya hiç,Süpüür,Artun Akalın,erkek,0,0,1,0,belirsiz,belirsiz,2014,,,60,yok,0,1,0,0,0,4,4,1,yok,yok,0,0,0,115,Tamamen yeni ve değişik Pazarlama Projemin websitesini yaratmak için değerli katkılarınızı bekliyorum.,17800,başarısız
fongogo,ödül,eğitim,ya hep ya hiç,OTİZMLi bireylerin OKUMAYI Öğrenebilmesi için DOKTORAMA DESTEK VERİN!!,Efecan Serin,erkek,0,0,1,0,izmir,ege,2020,15.05.2020,14.07.2020,60,yok,0,1,0,0,0,0,8,2,yok,yok,0,0,0,710,Projenin amacı otizmli bireylerin okumayı öğrenme güçlüklerini çözmektir. Bu araştırma projesini gerçekleştirebilmem için okul ücretimi karşılamam gerekmektedir,53000,başarısız
fongogo,ödül,kültür-sanat,ya hep ya hiç,Y O U etkileşimli sanat enstalasyonu,Gizem Olcay,kadın,0,0,1,0,istanbul,marmara,2019,18.04.2019,17.06.2019,60,var,45,5,0,0,0,11,6,1,var,var,3,274,5,529,varolagelişimizi tam olarak kavrayamayan bizlere geniş bir perspektif kazandırmayı uman ufak bir pencere..,40000,başarısız
fongogo,ödül,diğer,ya hep ya hiç,Odadaki Fil,Adnan  YAŞAR,erkek,0,0,1,0,mardin,güneydoğu,2020,26.10.2020,25.12.2020,60,var,66,2,1,0,0,3,6,1,var,yok,0,0,0,505,"Türkiye'de Kürt sinemasının gelişimini sağlamak için  ""Odadaki Fil"" filmi uzun metraj Kürtçe bir filim olarak tasarlandı.",77700,başarısız
fongogo,ödül,sağlık-güzellik,ya hep ya hiç,Rüzgar'ın İlik Nakli Tedavisi İçin Yardım,Ayşe Alparslan,kadın,0,0,1,0,antalya,akdeniz,2019,26.11.2019,26.12.2019,30,var,107,0,0,3,0,181,7,3,yok,yok,0,0,0,334,Oğlum Rüzgar Talasemi Majör hastası (Akdeniz Anemisi). %100 uyumlu ilik bulundu ve nakil süreci için maddi desteğe ihtiyacımız var.,70000,başarılı
fongogo,ödül,film-video-fotoğraf,ya hep ya hiç,Süryaniler: Mezopotamya'nın Kadim Sahipleri,Altan Sancar,erkek,1,0,3,0,şırnak,güneydoğu,2020,20.02.2020,22.03.2020,31,var,136,2,0,1,0,3,9,1,yok,yok,0,0,4,930,Mezopotamya'nın kadim halklarından olan ve tarihleri binlerce yıl geriye uzanan Süryaniler'in tarihlerine ve 1915'te yaşanan Seyfo'ya kısa bir bakış...,15000,başarısız
arıkovanı,ödül,teknoloji,ya hep ya hiç,Kodris: Kodlama Öğrenmenin Kolay Yolu!,Koray Uzel,erkek,0,0,1,0,belirsiz,belirsiz,2017,,,60,var,100,4,0,0,12,10,10,3,yok,yok,0,0,0,932,"Yeterince oyun oynadık, şimdi kendi oyunumuzu geliştirme vakti. Nasıl bir uygulama geliştirmek istediğimizi anlatmak için küçük prototip uygulama ekranı geliştirdik",100000,başarılı
fongogo,ödül,kültür-sanat,hepsi kalsın,"DasDas İçin Adım At, Açık Sahne Başlasın, Boş Koltuklar Dolsun",DasDas Sanat ve Hizmet İşletmeciliği A.Ş.,belirsiz,0,0,1,1,istanbul,marmara,2020,30.10.2020,29.12.2020,60,var,41,17,3,0,0,42,7,3,var,var,3,12998,5,136,"Pandemi sürecinde kapılarını kapatan, sahnesi olmayan tiyatrolara ve yarı kapasite çalışmamız nedeniyle boş kalan koltukları doldurmamıza destek olabilirsiniz.",300000,başarısız
fongogo,ödül,film-video-fotoğraf,ya hep ya hiç,"Kaliteli, Sinematik, İzlenilebilecek keyifli Ve Bilgilendirici Videolar",Yüşa Büdün,erkek,0,0,1,0,istanbul,marmara,2019,16.05.2019,15.07.2019,60,var,52,2,0,0,0,2,9,1,yok,var,2,500,4,338,"İnsanlara, Özellikle Gençlere Kaliteli, Sinematik, İzlenilebilecek keyifli Ve Bilgilendirici Videolar yapmak, Gençlerin Ufkunu Genişletmek Ve Bilimi Sevdirmek i",11000,başarısız
fongogo,ödül,eğitim,ya hep ya hiç,BİLİNÇSİZ KULLANICI KALMASIN,Mehmet Emin Çoban,erkek,0,0,1,0,manisa,ege,2019,07.05.2019,6.07.2019,60,var,119,2,0,0,0,0,7,1,yok,yok,0,0,5,177,İnsanlar her zaman bir mucize bekler benim mucizemde bilgisayar üzerinde kendi programlarımı geliştirip Türkiye vatandaşlarına sunmak,10000,başarısız
fongogo,ödül,kültür-sanat,ya hep ya hiç,Şiir Kitabı: On Altı Kalibre,Suna Gülsoy,kadın,0,0,1,0,istanbul,marmara,2014,11.07.2014,9.09.2014,60,var,144,1,0,0,0,4,3,1,yok,yok,0,0,0,268,"""ONALTI KALİBRE"" adı altında basılacak şiir-deneme kitabı için desteğinizi bekliyoruz.",3000,başarısız
fongogo,ödül,film-video-fotoğraf,ya hep ya hiç,Köçekler,Hasan Göktaş,erkek,0,0,1,0,ankara,iç anadolu,2015,19.10.2015,18.12.2015,60,var,114,8,0,0,0,5,8,1,yok,var,2,117,0,750,"Köyün geleceksizliğiyle, şehrin belirsizliği arasına sıkışmış, yaşamlarını kültürlerini metalaştırarak sağlayan iki köçeğin hikayesi.",18000,başarısız
fonbulucu,ödül,teknoloji,ya hep ya hiç,"ISU International Space University, MSS Master of Space Studies Program Edu",Elif Keve,kadın,0,0,1,0,van,doğu,2020,,,60,yok,0,9,0,0,0,2,10,1,yok,var,1,64,0,955,Hayatımın ringinde geçirdiğim birinci round'u başarılı bir şekilde atlattıktan sonra içine girdiğim ikinci roundda da başarılı olmam için yeni dönem eğitimimde bana destek olabilecek insanlara sesimi ulaştırarak başarabilirim.....,50000,başarısız
fongogo,ödül,film-video-fotoğraf,ya hep ya hiç,KIRMIZI,Görkem Kapağan,erkek,0,0,1,0,bursa,marmara,2019,30.04.2019,30.05.2019,30,var,131,4,0,0,0,27,6,1,yok,var,1,60,5,523,Kırmızı film yaşamak zorunda olduğumuz dünyaya getirdiğimiz sistem eleştirisidir. Biz  yapsak ne olacak demeden kendi devrimimizi anlattığımız kısa film projesi,1000,başarılı
fongogo,ödül,teknoloji,ya hep ya hiç,Twitch hayalim için desteğe ihtiyacım var,Atakan Ozden,erkek,0,0,1,0,tokat,karadeniz,2019,26.07.2019,24.09.2019,60,var,229,2,0,0,0,0,5,1,yok,var,1,59,3,277,"Merhabalar, elimde kısıtlı olan maddi kaynaklar ve bir babamın olmaması, hem okuyup hemde çalışıp evime bakmakla yetindiğim bir sürecin içindeyim. Yıllardır hay",2000,başarısız
fongogo,ödül,kültür-sanat,ya hep ya hiç,Romanımın Basımı İçin Desteğinize İhtiyacım Var,Celal Cem Dengiz,erkek,0,0,1,0,muğla,ege,2019,17.07.2019,16.08.2019,30,var,57,2,0,0,0,1,7,1,yok,yok,0,0,5,315,Yazmış olduğum polisiye romanımın basılarak ülkedeki tüm okurlarla buluşmasını istiyorum. Bunun için desteğinize ihtiyacım var.,2000,başarısız
fongogo,ödül,film-video-fotoğraf,ya hep ya hiç,Anlat Onlara,Çağla Yeleç,kadın,0,0,1,0,adana,akdeniz,2015,02.06.2015,2.07.2015,30,yok,0,9,0,0,0,0,6,1,yok,var,1,167,0,179,''Anlat Onlara'' bağımsız genç bir ekiple çekilen uzun metraj bir sinema filmidir. Bir kum tanesi de sen ekle!,15000,başarısız
crowdfon,ödül,müzik,ya hep ya hiç,Soaked,Balamir Nazlıca,kadın,0,0,1,0,belirsiz,belirsiz,2011,,,60,var,129,1,0,0,0,53,14,1,yok,yok,0,0,0,22,"Şu an içinde inanılmaz şarkılar ve emek olan çok güçlü bir albümümüz var, ancak yayınlayamadığımız içi",6625,başarılı
fongogo,ödül,teknoloji,ya hep ya hiç,İHTİYAÇ KUMANDASI,Atik  Topluluğu,belirsiz,0,0,2,0,istanbul,marmara,2020,04.08.2020,3.10.2020,60,var,107,0,0,0,0,2,3,1,yok,var,3,32,1,589,ATİK olarak yaşlılar için ürettiğimiz ve Sağlık Bakanlığı’ndan davet alan projemizin prototip üretimi ve diğer giderleri için desteğinize ihtiyacımız var!,3000,başarısız
fongogo,ödül,dans-performans,hepsi kalsın,Taksim Müziksiz Kalmasın,ilbay beydili,erkek,0,0,1,0,istanbul,marmara,2020,02.06.2020,1.08.2020,60,var,59,3,0,0,0,0,5,2,yok,var,1,3631,0,107,"Taksim'in canlı müzik mekanlarından Kirli Depo, müzik hayatına devam edebilmek için arkadaşlarından ve müzik severlerden destek bekliyor.",10000,başarısız
fongogo,ödül,diğer,ya hep ya hiç,"""Kömürün İsi Sabunun Misi"" Yasemin - Yırca, Soma",Gbtider - Gıda Bankacılığı Ve Temel Ihtiyaç Derneği,belirsiz,0,0,1,0,istanbul,marmara,2015,5.03.2015,4.05.2015,60,var,60,12,0,0,0,56,6,2,var,var,1,1906,0,708,"Yırcalı Kadınların kazandığı mücadelelere bir yenisini eklemek için, ""Kömürün İsini Sabunun Misine"" dönüştürmek için siz de destek verin!",10000,başarılı
fongogo,ödül,çevre,ya hep ya hiç,Hatıra Ormanı Kuruyoruz-2019,Özden .,kadın,1,0,1,0,istanbul,marmara,2019,30.07.2019,28.09.2019,60,var,151,1,0,0,0,350,8,1,var,yok,0,0,4,432,"Merhabalar sevgili yazarlar, yani bizim de şu fani hayatta bir dikili ağacımız olmasın mı?""""""""""""""",22714,başarılı
fonbulucu,ödül,tasarım,ya hep ya hiç,STREET ART,Recep Tayyip Aksu,erkek,0,0,1,0,ankara,iç anadolu,2020,,,60,yok,0,5,0,0,0,1,7,1,yok,var,1,2579,0,115,Ruhumuzun Doymasına İhtiyacımız Var.. Sokakları duvarları tuval yapıp sanatımı sergilemek istiyorum...,10000,başarısız
fongogo,ödül,film-video-fotoğraf,ya hep ya hiç,"""VARVARA"" Süngere Belgesel",Deniz Tarsus,kadın,0,0,1,0,muğla,ege,2014,27.06.2014,26.08.2014,60,var,97,6,0,0,0,28,6,1,var,var,2,1108,0,685,Sünger avcılarının hikayelerini anlatan bu belgesele animasyon ve post aşaması için destek,6000,başarısız
fongogo,ödül,teknoloji,ya hep ya hiç,İTÜ Rover Takımı'na Destek Olun!,Büşra Asan,kadın,0,0,1,0,istanbul,marmara,2019,02.01.2019,4.02.2019,33,yok,0,11,0,0,0,2,5,1,var,var,4,3851,5,666,"2019 yılında da yeniden bir rover (insansız Mars keşif aracı) tasarladık ve bunun üretimine geçebilmek ve yarışmaya katılabilmek için desteklerinizi bekliyoruz.""",2500,başarısız
fongogo,ödül,diğer,ya hep ya hiç,Plüton Çocuk Kampı,Plüton Çocuk Kampı,belirsiz,1,0,1,0,mardin,güneydoğu,2015,13.07.2015,28.07.2015,15,yok,0,9,0,0,0,4,7,1,yok,var,2,2,0,323,Mardin çocuklarına unutulmaz bir yaz yaşatabilmek için kurulacak çocuk kampı.,4000,başarısız
fonbulucu,ödül,çevre,ya hep ya hiç,Radyonerji,Samet Yiğit Günay,erkek,0,0,1,0,genel,genel,2019,,,60,var,57,5,0,0,3,1,8,1,yok,var,2,25,0,400,Radyonerji sayesinde yenilenebilir bir enerji kaynağını kullanmak istemez misiniz?,4100,başarısız
fongogo,ödül,kültür-sanat,ya hep ya hiç,BİZ CANAVARIZ ÇOCUK MÜZİKALİ,Didem Baylan,kadın,0,0,1,0,ankara,iç anadolu,2019,28.02.2019,29.04.2019,60,yok,0,10,0,0,0,7,7,1,yok,yok,0,0,0,572,"Seyirciye yeni bir prodüksiyon anlayışıyla çocukların oynadığı bir müzikal izletmek ve çocuklara yeni ufuklar açmak.""""""",28000,başarısız
fongogo,ödül,film-video-fotoğraf,ya hep ya hiç,Durakta Üç Kişi,bayar razı,erkek,0,0,1,0,istanbul,marmara,2019,19.08.2019,18.09.2019,30,yok,0,1,0,0,0,2,6,1,yok,yok,0,0,1,151,"Olmak istenilen kişi ile olunan kişi arasında bir kişi daha var, işte o biziz. Biz hepimiz, durakta üç kişiyiz.",8000,başarısız
fongogo,ödül,teknoloji,ya hep ya hiç,Amal Hawks Ailesine Katılmak İstemez Misiniz ?,Ahmet Yavuzhan Pilot,erkek,0,0,1,0,istanbul,marmara,2020,03.01.2020,3.03.2020,60,var,94,23,0,0,0,29,6,1,var,var,3,1061,5,859,"Amal Hawks olarak bulunduğumuz her yerde STEM'i yaymak istiyoruz, aynı anda yarışmalara katılıyoruz. Yarışmamız Amerika'da desteklerinize ihtiyacımız var.",30000,başarılı
fongogo,ödül,film-video-fotoğraf,ya hep ya hiç,Yüksek Kalori,Mehmet Tığlı,erkek,18,0,3,0,istanbul,marmara,2017,03.01.2017,17.02.2017,45,var,67,9,0,0,0,375,8,3,yok,var,1,480,0,360,Meftun babaannesi ile Kuzguncuk’ta yaşayan obez bir gençtir. En sevdiği yiyecekler hamburger ve patates kızartmalarıdır. Bir gün aniden zayıflamaya karar verir.,25000,başarılı
fongogo,ödül,teknoloji,ya hep ya hiç,LookAtMe... The Genius Cameraman,Cem Baybars GÜÇLÜ,erkek,0,0,1,0,istanbul,marmara,2019,10.12.2019,8.02.2020,60,var,12,5,0,2,0,15,7,2,yok,var,1,39,5,708,Kamera önünde serbestçe hareket etmenizi sağlayan robotik sistem.,15000,başarısız
arıkovanı,ödül,teknoloji,ya hep ya hiç,GameHub - Bulut Oyun Platformu,Ömer Faruk Atici,erkek,0,0,1,0,belirsiz,belirsiz,2017,,,60,var,60,5,0,1,30,81,10,5,yok,yok,0,0,0,420,"GameHub, yüksek sistem gereksinimi olan video oyuncularının bilgisayar oyunlarını cihazlarına indirmeden web tarayıcısı üzerinden oynamalarına olanak sağlayan bir bulut oyun platformudur",100000,başarılı
fongogo,ödül,film-video-fotoğraf,ya hep ya hiç,Animatrak'a ekran kartı alıyoruz,Cihan Arıcı,erkek,0,0,1,0,istanbul,marmara,2019,18.07.2019,17.08.2019,30,var,84,11,0,0,0,3,4,1,yok,var,3,4910,0,189,"Daha kısa sürede , daha uzun ve daha kaliteli animasyonlar yapabilmek için desteğinize ihtiyacım var.",25000,başarısız
fongogo,ödül,eğitim,ya hep ya hiç,Okul öncesi eğitim önemi ve ihtiyacı,RIDVAN ÇETİN,erkek,0,0,1,0,karaman,iç anadolu,2018,25.12.2018,23.02.2019,60,var,67,2,0,0,0,0,7,1,var,var,3,475,3,354,"internet sitemizin altında bir market açıp okul öncesi öğretmenlerine ve öğrencilerine ihtiyaçları olan malzemeleri sağlamak istiyoruz.""",50000,başarısız
fongogo,ödül,diğer,ya hep ya hiç,Edit6iqut Destek Projesi,Aykutalp UCARI,erkek,0,0,1,0,ankara,iç anadolu,2019,18.12.2019,16.02.2020,60,var,12,1,0,0,0,1,3,1,yok,var,1,4758,0,47,"Edit6iqut adminleri olarak siz değerli yol arkadaşlarımıza ""Sizce bağış linki koyalım mı?"" diye soru yönelttik. Sizler de koyun dediniz ve bu projeyi başlattık.",1000,başarısız
fonbulucu,ödül,teknoloji,ya hep ya hiç,Talkius Yabancı Dil Eğitimi,Hakan Dikbakan,erkek,0,0,1,0,adana,akdeniz,2019,,,60,var,60,3,0,0,4,7,8,4,var,var,2,1317,0,1178,"Fiziken başka bir Ülkede bulunmadan , çevrenizi o ülkenin dilini konuşan insanlarla çevrelediğiniz ve pratik yapmanıza imkan sağlayan bir platform.",10000,başarısız
crowdfon,ödül,film-video-fotoğraf,ya hep ya hiç,Face Morphing Türkiye,Şener Soysal,erkek,0,0,1,0,belirsiz,belirsiz,2012,,,60,yok,0,1,0,0,0,6,4,1,yok,yok,0,0,0,40,Türkiye'nin büyük şehirlerinin ortak yüzünü oluşturan proje: Face Morphing. 100'er yüz fotoğraflarının katma,5500,başarısız
fongogo,ödül,eğitim,ya hep ya hiç,Herkes Matematiği Sevebilir,Kuzey Alkın,erkek,0,0,1,0,istanbul,marmara,2018,27.02.2018,29.03.2018,30,var,36,0,0,0,0,18,6,1,yok,yok,0,0,5,141,Hiç matematik sınavınız için çalışmak isteyip ne yapacağınızı bilemediğiniz oldu mu? Artık endişelenmenize gerek yok.,4500,başarılı
fongogo,ödül,kültür-sanat,ya hep ya hiç,Duble Hikaye,Gülçin Aksoy,kadın,0,0,1,0,istanbul,marmara,2014,14.02.2014,15.04.2014,60,yok,0,2,0,3,0,5,5,2,var,var,1,10547,0,261,"Gülçin Aksoy'un ""Duble Hikaye"" isimli kişisel sergisi pek yakında DEPO'da! Sergiye eşlik eden bir de sanatçı kitabı olacak ve serigrafi tekniğiyle çoğaltılacak.",6000,başarısız
arıkovanı,ödül,teknoloji,ya hep ya hiç,OttoLock | Akıllı Kilit Sistemi,Berkman Çavuşoğlu,erkek,0,0,1,0,belirsiz,belirsiz,2016,,,60,var,210,5,0,14,134,296,1,6,yok,yok,0,0,0,262,Cep telefonun artık akıllı bir anahtar ve daha fazlası,135000,başarılı
crowdfon,ödül,çevre,ya hep ya hiç,Donanım Haber Fidan Bağışı Kampanyası,Caner Aksoy,erkek,0,0,1,0,belirsiz,belirsiz,2019,,,60,var,91,1,0,0,52,328,4,1,yok,yok,0,0,0,398,"Donanım Haber olarak üyelerimizin başlatmış olduğu, Orman Bölge Müdürlüğü ile birlikte yürütülen fidan ba",12000,başarılı
fongogo,ödül,eğitim,ya hep ya hiç,3.Göz Dergisi ile Farkında Yaşama Sanatı,Guler Pinarbasi,kadın,0,0,1,0,istanbul,marmara,2017,07.03.2017,6.05.2017,60,yok,0,8,0,0,0,1,8,1,var,var,2,8835,0,599,"3.Göz dergisindeki bilgilerle amacımız bedenen, zihnen bir değişim ve ruhsal farkındalık yaratmaktadır.",15000,başarısız
fongogo,ödül,film-video-fotoğraf,ya hep ya hiç,Baba Ben Geldim,Ekrem L.,erkek,0,0,1,1,belirsiz,belirsiz,2019,,10.05.2019,60,yok,0,2,0,0,0,1,5,1,yok,yok,0,0,0,120,Mükerrem'in yalnızlığı kızının ansızın ve nedensiz geri dönüşüyle son bulur. Bu dönüş Mükerrem'in cevabını aradığı soruları daha da karmaşık hale getirecektir.,7500,başarısız
fongogo,ödül,kültür-sanat,hepsi kalsın,TEZAT SANAT OYUNLARINA DESTEK,Cüneyt Ingiz,erkek,0,0,2,0,istanbul,marmara,2020,11.12.2020,10.01.2021,30,yok,0,2,1,0,0,1,5,1,var,var,2,237,5,249,"Tezat Sanat 2018 yılında Cüneyt İngiz tarafından kuruldu. İlk sezon oyunumuz olan ""Anılarla Atatürk"" 3 sezondur sahnede.",20000,başarısız
fongogo,ödül,kültür-sanat,ya hep ya hiç,Cur-Cuna Tiyatro,Selçuk Var,erkek,0,0,1,0,urfa,güneydoğu,2014,06.02.2014,7.04.2014,60,var,272,22,0,0,0,1,5,2,yok,var,1,490,0,593,Sosyal ve kültürel gelişimi zayıf olan bölgede kültür-sanat faaliyetleri düzenleyerek öğretmenler olarak hem kendimizi hemde izleyicilerimizi eğlendiriyoruz,10000,başarısız
fongogo,ödül,müzik,ya hep ya hiç,Bir Uzay Macerası Ve İnsanlık İçin Desteğinize İhtiyacım Var!,Erinç Açıkgöz,erkek,0,0,1,0,izmir,ege,2019,28.06.2019,28.07.2019,30,yok,0,2,0,0,0,5,6,1,var,var,3,2826,4,524,"Ben Önceleri isimli şarkımın, her bir karesini çizerek hazırlamakta olduğum çizgi film klibinin tanıtımı için desteğinize ihtiyacım var.",5000,başarısız
fongogo,ödül,kültür-sanat,ya hep ya hiç,ORİON,Yuşa Çendik,erkek,0,0,1,0,istanbul,marmara,2020,29.04.2020,28.06.2020,60,var,180,5,0,0,0,0,5,1,yok,var,2,215,5,145,Fantastik bir dünyaya ufak bir adım atmak için kitabımı bastırmama yardımcı olabilirsiniz. Amacım kaliteli bir yazar olmak.,10000,başarısız
crowdfon,ödül,diğer,ya hep ya hiç,Diş Hekimliği Öğrencilerine Yardım,G A,belirsiz,0,0,1,0,belirsiz,belirsiz,2020,,,60,var,33,1,0,0,0,1,1,1,yok,yok,0,0,0,25,Diş hekimliği çok fazla masrafı olan bir bölüm. Bu doğrultuda derslere devam edebilmemiz için gerekli malzemeler,5000,başarısız
fonbulucu,ödül,tasarım,ya hep ya hiç,Plaklık,Selim Aygün,erkek,0,0,1,0,samsun,karadeniz,2019,,,60,var,134,1,0,0,6,1,4,1,yok,yok,0,0,0,129,Plaklarınız güvende olsun... Farklı bakış açısıyla eskiye dönüş,5000,başarısız
arıkovanı,ödül,teknoloji,ya hep ya hiç,Akıllı Radyatör Vanası,Emin Topkaya,erkek,0,0,1,0,belirsiz,belirsiz,2019,,,60,var,60,1,0,0,18,17,9,1,yok,yok,0,0,0,291,"Evana kaloriferle ısınan evlerde doğalgaz ve ısı tasarrufu sağlamak, kullanım kolaylığını arttırmak için geliştirilen Akıllı Radyatör Vanasıdır",50000,başarısız
fongogo,ödül,kültür-sanat,hepsi kalsın,The Circle'da Buluşalım,The Circle Space,belirsiz,0,0,1,0,istanbul,marmara,2020,11.08.2020,10.10.2020,60,var,45,12,0,0,0,1,6,1,var,var,2,1346,5,467,"The Circle, Mimarlık – tasarım bilgisini ve pratiğini derinleştirmek ve paylaşıma açmak için mimari odaklı bir kültür, sanat, araştırma ve üretim platformudur.",40000,başarısız
fongogo,ödül,çevre,ya hep ya hiç,100. Yıl Berkin Elvan Bostanı'nı yeşertiyoruz,100. Yıl Mahalle Atölyesi,belirsiz,0,0,1,0,ankara,iç anadolu,2018,13.04.2018,28.05.2018,45,var,185,12,0,3,0,54,9,1,yok,var,3,4600,5,152,Suyunu yetiştiremediğimiz bostanımızın sulama sistemini büyütmek için desteğinizi bekliyoruz.,3500,başarılı
fongogo,ödül,teknoloji,ya hep ya hiç,Coop Cool Sosyal Liseli-Bir Genç Girişimciler Projesi,Songül Tuğçe Özkan,kadın,0,0,2,1,düzce,karadeniz,2019,22.05.2019,21.07.2019,60,yok,0,15,0,0,0,6,9,4,var,var,2,125,5,590,"2015'ten bu yana ""Her Şey Türkiye'deki İnovasyona Aç,İlerlemeyi Gelişmeyi Öncelik Olarak Almış Biz Liseliler İçin"" Türkiyenin ilk ve tek sosyal liseli platformu",35000,başarısız
fongogo,ödül,film-video-fotoğraf,ya hep ya hiç,Sokağın Çocukları Sinema Belgeseli,Ufuk KIRAY,erkek,1,0,1,0,antalya,akdeniz,2018,29.06.2018,13.08.2018,45,var,59,7,0,6,0,112,9,2,var,var,1,335,4,272,"Sokak Çocuklarının gerçek hikayesini konu alan belgesel sinema filmi""",29900,başarılı
fonbulucu,ödül,hayvanlar,ya hep ya hiç,Patilik Projesi,Volkan Kul,erkek,0,0,1,0,genel,genel,2018,,,60,yok,0,1,0,0,0,0,7,1,yok,var,1,413,0,61,"Hadi, Patile! Evdeki ve sokaktaki tüm hayvanlar için gereken her şeyin bir arada olduğu bir platform",9990,başarısız
fongogo,ödül,film-video-fotoğraf,ya hep ya hiç,Sarmaşık Filmi,Tolga Karaçelik,erkek,3,0,1,0,istanbul,marmara,2014,01.07.2014,30.08.2014,60,var,112,8,0,3,0,64,8,2,yok,var,2,3958,0,308,Tolga Karaçelik'in ikinci uzun metraj çalışması olan ve tek mekanda geçen 120 günü anlatan Sarmaşık filmi için post-produksiyon kampanyası.,25000,başarılı
fongogo,ödül,film-video-fotoğraf,ya hep ya hiç,Dehşet Seni Bulur - Sinema Filmi,Hasan Tual,erkek,0,0,1,0,istanbul,marmara,2016,10.06.2016,9.08.2016,60,yok,0,11,0,0,0,1,8,2,var,var,3,17,2,744,Umursanmayan gerçeklerin soluk kesici hikayesini anlatan gerçek zamanlı bir macera/gerilim filmi.,60000,başarısız
fongogo,ödül,teknoloji,ya hep ya hiç,Boogha,Kaan Kartal,erkek,0,0,1,0,antalya,akdeniz,2018,11.12.2018,9.02.2019,60,yok,0,2,0,2,0,3,9,3,yok,yok,0,0,4,397,Bu proje insanların yaşam ortamlarını ev ofis veya farklı mekanların anlık veriler ile takip edilip kontrol edilmesini sağlar.,9000,başarısız
fongogo,ödül,teknoloji,ya hep ya hiç,İTÜ Lagari Thrust Roket Takımı,Emre Sayın,erkek,0,0,1,0,istanbul,marmara,2018,06.05.2018,15.06.2018,40,var,88,2,0,0,0,8,6,3,var,var,4,567,1,332,Haziran ayında Amerika'da yapılacak olan Üniversiteler Arası Roket Mühendisliği Yarışması'na katılmamız için kalan maddi ihtiyaçlarımızı karşılamak istiyoruz.,3000,başarısız
fongogo,ödül,film-video-fotoğraf,ya hep ya hiç,Kaygı Sinema Filmi,Ceylan Özgün Özçelik,kadın,18,1,1,0,istanbul,marmara,2015,02.10.2015,11.11.2015,40,var,76,12,0,8,0,238,9,2,var,var,2,631,0,437,Toplumsal hafızayı kurcalayan bir psikolojik gerilim,50000,başarılı
fongogo,ödül,çevre,ya hep ya hiç,Permakültür Çiftliği ve Doğal Evler (Yeni Bir Yaşam Modeli),Cengiz Kalçık,erkek,1,0,1,0,muğla,ege,2018,16.08.2018,12.09.2018,27,var,157,10,0,0,0,6,9,2,var,var,2,335,4,399,Bu projeye destek olarak sizde dünyada görmek istediğiniz değişimin bir parçası olabilirsiniz.,19800,başarısız
fongogo,ödül,eğitim,ya hep ya hiç,London is Calling Me,Melda Tuzluca,kadın,0,0,1,0,istanbul,marmara,2019,05.07.2019,4.08.2019,30,yok,0,2,0,0,0,8,7,1,yok,var,2,874,5,730,Bir süredir heyecanla beklediğim Londra eğitimimden kabul almam üzerine oluşturulmuş fon platformu ile desteklerinizi bekliyorum.,40000,başarısız
crowdfon,ödül,teknoloji,ya hep ya hiç,Uçurtuk,Mehmet Akif Ceylan,erkek,0,0,1,0,belirsiz,belirsiz,2011,,,60,var,60,1,0,0,0,14,7,1,yok,yok,0,0,0,9,"Uzaktan kumandalı, hareketli iskeleti kontrol edilebilir, kamera takılabilir, uçurtma",1910,başarılı
fongogo,ödül,teknoloji,ya hep ya hiç,Akıllı Baret Kontrol Sistemi,Enes Ekim,erkek,0,0,1,0,bursa,marmara,2014,08.09.2014,7.11.2014,60,var,1118,4,0,0,0,3,6,1,var,var,2,443,0,300,"Akıllı Baret ile baretin kullanılıp kullanılmadığı raporlanarak şirket yetkilileri tarafından anlık olarak masaüstü,web ve mobil ortamlarda görüntülenebiliyor.",5000,başarısız
fongogo,ödül,kültür-sanat,ya hep ya hiç,Hayalim: Kültürler Arası Görsel Bir Köprü,Çiğdem Sarıhan,kadın,0,0,1,0,antalya,akdeniz,2020,30.01.2020,27.04.2020,88,var,115,8,0,0,0,0,9,1,yok,var,2,421,5,357,Dünya'daki ülkeleri sırayla gezip resimledikten sonra ülkeleri kitaplara dönüştürmek.Bu kitaplar sayesinde farklı kültürlere karşı oluşmuş ön yargıları kırmak.,26000,başarısız
fongogo,ödül,diğer,ya hep ya hiç,Hayalin&Hayalim,Ege Tütüncü,erkek,0,0,4,0,ankara,iç anadolu,2014,02.10.2014,11.11.2014,40,yok,0,2,0,0,0,0,5,1,yok,var,1,13,0,211,"Bu projede amaç, kişilerin hayallerini gerçekleştirebilmektir!",3000,başarısız
fongogo,ödül,teknoloji,ya hep ya hiç,D&C Bracelet,KORAY MURAT ERTAŞ,erkek,0,0,1,0,denizli,ege,2020,28.05.2020,27.07.2020,60,var,125,8,0,0,0,0,6,1,yok,var,1,366,0,338,Teknolojik ürünler günlük hayatımızın vazgeçilmezlerindendir ve güç tükenmesi karşılaşacağımız en büyük sorundur.Bu bileklik ile sorunu havalı ve şık çözeceğiz.,8000,başarısız
fongogo,ödül,kültür-sanat,ya hep ya hiç,İzmir Fen Lisesi Tiyatro Topluluğu,Zeynep Adıgüzel Erdoğan,kadın,0,0,1,0,izmir,ege,2019,25.04.2019,24.06.2019,60,var,59,10,0,1,0,31,7,1,yok,yok,0,0,0,897,"İFL Tiyatro Kulübü öğrencilerinin bu yıl hazırlandıkları tiyatro oyununa katkıda bulunarak bu oyunun sahnelenmesini sağlayacağız""",8000,başarılı
fongogo,ödül,film-video-fotoğraf,ya hep ya hiç,Kaset - Kısa Film,Serkan Fakılı,erkek,0,0,1,1,belirsiz,belirsiz,2016,,10.12.2016,60,var,60,8,1,1,1,20,6,3,var,var,2,234,4,413,Bulduğu bir oyuncağı çalıştırabilmek için babasının ezan okuyan saatinin pillerini alan küçük Yusuf'un hikayesi.,12000,başarılı
fongogo,ödül,eğitim,hepsi kalsın,ÇBAL MÜNAZARA KULÜBÜNÜN AYAKTA KALMASI İÇİN DESTEĞİNİZE İHTİYACI VAR,Gülden Taşlıçukur,kadın,0,0,1,0,istanbul,marmara,2020,01.10.2020,26.10.2020,25,var,236,1,0,0,0,0,5,1,yok,var,1,503,0,191,Covid-19 nedeniyle organize ettiğimiz turnuvanın iptal olması ve eğitim borcumuz nedeniyle zararda olan kulübümüz için desteğinizi bekliyoruz.,3500,başarısız
buluşum,ödül,eğitim,ya hep ya hiç,E-Bursum,Mesut Keskin,erkek,0,0,1,0,belirsiz,belirsiz,2017,,,60,yok,0,1,0,0,0,50,1,1,yok,yok,0,0,0,203,"Herkes için ulaşılabilir burs sistemini hedefleyen girişim E-Bursum, kitlesel burs fonlama sistemine hazırlanıyor!",50000,başarılı
fongogo,ödül,film-video-fotoğraf,ya hep ya hiç,AİA - Bilim Kurgu Kısa Film,Riad  Afandiyev,erkek,0,0,1,0,ankara,iç anadolu,2020,14.02.2020,17.03.2020,32,var,56,4,0,0,0,11,8,2,var,var,1,98,0,602,Annesini kaybeden kadının yas sürecinde Yapay Zeka Assistanı (AİA) ona destek olmaya calışır. Annesini taklit ederek onu mutlu etmeye çalışınca işler tuhaflaşır,4000,başarılı
fongogo,ödül,teknoloji,ya hep ya hiç,Konum tabanlı yemek sipariş uygulaması,Almila Duru Kavak,kadın,0,0,1,0,istanbul,marmara,2019,28.03.2019,27.04.2019,30,yok,0,1,0,0,0,0,6,1,yok,yok,0,0,1,152,Projenin amacı konum üzerinden en yakın restoranları bulup kullanıcıya sunmak ve kullanıcının kuryeyi anlık olarak harita üzerinden takip edebilmesini sağlamak.,30000,başarısız
fongogo,ödül,film-video-fotoğraf,ya hep ya hiç,Negative Zone,Cansu Menlikli,kadın,2,0,1,2,istanbul,marmara,2018,23.07.2018,22.08.2018,30,var,148,5,0,0,0,43,6,7,yok,var,1,189,2,350,Bakmak  ve bakılmak üzerine bir film.,11500,başarılı
fongogo,ödül,kültür-sanat,hepsi kalsın,Mut'lu Olmayı Bekleyen Kitaplar,Şebnem İlgüz,kadın,0,0,1,0,istanbul,marmara,2019,10.07.2019,18.07.2019,8,var,43,2,0,0,0,1,4,2,yok,yok,0,0,1,223,"Mersin Mut Dereköyü'ne Resmi Halk Kütüphanesi Kuruyoruz!""""",10000,başarısız
fonbulucu,ödül,teknoloji,ya hep ya hiç,Robotik Forum - Robotik Kodlama Platformu,Halil Beycan,erkek,0,0,1,0,balıkesir,marmara,2020,,,60,yok,0,1,0,0,1,0,4,1,yok,yok,0,0,0,300,Robotik Kodlama Platformu,8000,başarısız
fongogo,ödül,film-video-fotoğraf,ya hep ya hiç,"Kara, Maske, Zeytin ve diğerleri",Cem Hakverdi,erkek,0,0,1,1,belirsiz,belirsiz,2017,,22.10.2017,60,var,60,8,1,1,1,50,6,3,var,var,3,846,4,413,"""Kara, Maske, Zeytin ve diğerleri"" arazilerde yaşam mücadelesi veren binlerce köpeğin ve onları hayatta tutmaya çalışan aktivistlerin hikayesini anlatacak.",40000,başarılı
fongogo,ödül,film-video-fotoğraf,ya hep ya hiç,"""ÇELİK KALEM"" Kısa Film",Serhat Eryiğit,erkek,0,0,1,0,istanbul,marmara,2019,02.09.2019,1.11.2019,60,var,45,2,0,0,0,15,7,1,var,yok,0,0,5,455,"Genç bir öğretmen, mesleğinde şahit olduğu şiddet olaylarından sonra paronayak bir ruh haline girer fakat pes etmeyerek bu durumla savaşmaya karar verir.",8500,başarısız
fonbulucu,ödül,diğer,ya hep ya hiç,winter,Rıdvan İkan,erkek,0,0,1,0,genel,genel,2018,,,60,var,83,1,0,0,0,0,8,1,yok,yok,0,0,0,235,Her tüketicinin kendi tasarımını hayata geçirerek giyebileceği kıyafetler.,35000,başarısız
fongogo,ödül,film-video-fotoğraf,ya hep ya hiç,HAFTASONU (The Weekend) Kısa Film (Short Fılm),Yasemin Demirci,kadın,1,0,1,0,istanbul,marmara,2019,02.01.2019,3.03.2019,60,var,65,11,0,0,0,38,7,2,yok,var,1,202,5,821,"Aralık 2018’de tamamladığımız kısa filmimiz “Haftasonu"" (The Weekend) festival sürecine başlıyor ve bunun için maddi desteğe ihtiyacımız var.",12000,başarılı
crowdfon,ödül,çevre,ya hep ya hiç,Ekmekler Çöpe Gitmesin.,Mehmet Fatıh Kucaklı,erkek,0,0,1,0,belirsiz,belirsiz,2015,,,60,yok,0,1,0,0,0,4,4,1,yok,yok,0,0,0,115,Çevremizde Ekmekleri Ayrı Bir yerde Toplayamadığımız için her zaman ekmekler çöpe atılıyor. Bende çevreme ek,1000,başarısız
arıkovanı,ödül,teknoloji,ya hep ya hiç,Nefesle Mesaj - ALS Hastalarının Sesi,Mustafa Özzaman,erkek,0,0,1,0,belirsiz,belirsiz,2016,,,60,var,60,5,0,0,16,8,10,1,yok,yok,0,0,0,568,"Bu proje ile yapılması hedeflenen cihaz, ALS hastalarının ve felçli hastaların yakınlarıyla iletişim kurabilmesini, istek ve ihtiyaçlarını onlara iletebilmesini sağlayan nefesle çalışan bir haberleşme cihazıdır",70000,başarısız
crowdfon,ödül,teknoloji,ya hep ya hiç,Mobil Uygulama,Ahmet Yıldız,erkek,0,0,1,0,belirsiz,belirsiz,2014,,,60,yok,0,1,0,0,0,0,4,1,yok,yok,0,0,0,115,Mobil Uygulama yazabileceğim bir şirket kurmak istiyorum.,50000,başarısız
fongogo,ödül,diğer,ya hep ya hiç,Land Wars (Mobil Oyun),Selim Küçükavcı,erkek,0,0,1,0,istanbul,marmara,2020,3.12.2020,1.02.2021,60,var,144,13,1,0,0,0,6,1,yok,var,1,19,5,270,Aksiyon kategorisinde hikaye tabanlı ve geliştirilmesine devam edilen mobil platform oyunu. Yüksek karakter imkanı ve özel yetenekler ile eğlence amaçlı oyun,8500,başarısız
fongogo,ödül,teknoloji,ya hep ya hiç,Sometity,Burak Karagöz,erkek,0,0,1,0,antalya,akdeniz,2020,24.02.2020,8.05.2020,74,var,165,1,0,0,0,1,5,2,var,var,2,3048,5,291,İnternetteki Varlığınızı Tek Bir QR Koda Sığdırdık.,40000,başarısız
fongogo,ödül,kültür-sanat,ya hep ya hiç,Duygular Bildirisi,Burcu  Sulek,kadın,0,0,1,0,istanbul,marmara,2020,14.02.2020,7.04.2020,53,var,67,6,0,1,0,32,7,2,yok,yok,0,0,0,343,Co+Lab TR’de ve yurtdışında sergiler düzenleyerek kadınların sanat alanında var olma mücadelesini destekleyen bir kolektiftir.,11500,başarılı
fongogo,ödül,diğer,ya hep ya hiç,TÜRK YAPIMI MMORPG MOBİL OYUN,Ares  hazretleri,belirsiz,0,0,1,0,istanbul,marmara,2020,09.11.2020,8.01.2021,60,var,112,5,2,0,0,0,9,1,yok,yok,0,0,3,103,"şuan projemizin %75 kısmı hazır ama ne yazıkki projenin ana ihtiyaçları sunucu,assets,animasyon gibi kritik öneme sahip ekipmanlar yetersiz desteklerinizi bklrz",10000,başarısız
crowdfon,ödül,çevre,ya hep ya hiç,Anadolu Sosyo-ekoloji Laboratuvarı,Bülent Arıkan,erkek,0,0,1,0,belirsiz,belirsiz,2020,,,60,var,98,1,0,0,0,3,4,1,yok,yok,0,0,0,59,"Anadolu Yarımadası içerdiği ekolojik, kültürel ve jeolojik çeşitlilik açısından Avrupa ve Asya'nın sayılı",100000,başarısız
fongogo,ödül,film-video-fotoğraf,ya hep ya hiç,İKİ ELİN ARASINDA,Osman Yazıcı,erkek,0,0,1,1,belirsiz,belirsiz,2018,,28.10.2018,60,yok,0,3,0,0,0,10,5,1,yok,yok,0,0,0,120,"Yaşadığı konuşma bozukluğu problemi yüzünden,arkadaşları tarafından dışlanan Osman'ın, kendisini ailesine ve arkadaşlarına kanıtlama mücadelesi.""",25000,başarısız
crowdfon,ödül,film-video-fotoğraf,ya hep ya hiç,Bana Kanatlarını Verir Misin (martı),Gökhan Cömert,erkek,0,0,1,0,belirsiz,belirsiz,2017,,,60,yok,0,1,0,0,0,6,4,1,yok,yok,0,0,0,115,ÇOCUKLARI VE ENGELLİLERİ TOPLUMA KAZANDIRMAYI AMAÇLAYAN KISA FİLM,4000,başarısız
fonbulucu,ödül,teknoloji,ya hep ya hiç,Artırılmış Gerçekliğin Fabrikalara Entegre Edilmesi,Şeyma Nur Ünsal,kadın,0,0,1,0,genel,genel,2020,,,60,var,279,2,0,0,2,1,9,2,yok,yok,0,0,0,206,"Artırmış gerçekliği fabrikalara entegre ederek insana bağlı hata oranını, işi yapma ve eğitim süresini kısaltıyoruz.",30000,başarısız
fongogo,ödül,teknoloji,ya hep ya hiç,Atatürk Robotics’e Umut Olun,Atatürk Robotics,belirsiz,0,0,1,0,istanbul,marmara,2020,17.02.2020,23.02.2020,6,yok,0,0,0,0,0,0,6,1,var,var,3,48,0,496,Biz DVTFL öğrencileri olarak FRC robot yarışması için robot yapacağız. Yarışmamız 9-11 Mart 2020’de . Maddi desteğe ihtiyacımız var. Bize umut olun.,1000,başarısız
fongogo,ödül,diğer,ya hep ya hiç,Serialr,Erdi Buğur,erkek,0,0,1,0,istanbul,marmara,2019,26.11.2019,25.01.2020,60,yok,0,10,0,0,0,1,8,2,var,var,2,7,0,407,"Kullanıcıların hayallerindeki dizi veya filmi hayata geçirip, yayımlayarak bundan gelir elde edebildiği bir sosyal ağ platformudur.",30000,başarısız
fongogo,ödül,diğer,ya hep ya hiç,Salgın var! Yanlış bilgiye karşı aşı olun,Selin Yıldız,kadın,0,0,1,0,ankara,iç anadolu,2019,16.12.2019,15.01.2020,30,var,67,1,0,3,0,234,6,3,var,var,4,95796,0,963,Teyit olarak halk sağlığıyla ilgili gerçeklerin çarptırılmasına engel olmak ve yaygınlaşan şüpheli iddiaları incelemek için özel bir yayın yapmak istiyoruz.,18900,başarılı
fongogo,ödül,gıda-yeme-içme,ya hep ya hiç,Sadece Çikolata: Sağlıklı ve Taze Çikolata Yemek Hakkımız!,Seda Ozer,kadın,0,0,1,0,istanbul,marmara,2014,22.04.2014,21.06.2014,60,var,28,16,0,0,0,3,6,2,yok,var,3,844,0,401,Sağlıklı el yapımı çikolata yemek herkesin hakkıdır. Sadece Çikolata Atölyesi olarak herkesin gerçek kakaolu çikolata yiyebilmesi gerektiğini düşünüyoruz.,6000,başarısız
crowdfon,ödül,kültür-sanat,ya hep ya hiç,Sırbıstan'da Ataturk Heykelı - Yugoland,Cihan Etiz,erkek,0,0,1,0,belirsiz,belirsiz,2019,,,60,yok,0,1,0,0,0,3,4,1,yok,yok,0,0,0,115,Sirbistan'in Subotica sehrinde Yugoslavya doneminin bir replikasi olan YUGOLAND tematik parkina Ataturk heykeli konulmak,40000,başarısız
fongogo,ödül,teknoloji,ya hep ya hiç,"""The Patriot"" : Bağımsız Yapımcı Türk Oyunu",Batuhan KOÇ,erkek,2,0,1,0,antalya,akdeniz,2020,06.04.2020,6.05.2020,30,yok,0,5,0,7,0,0,5,1,yok,yok,0,0,5,680,Steam üzerinde yayımlanacak Pixel-Art Single Player bir Simülasyon(Simulation) ve Bulmaca(Puzzle) Oyunu tasarlamak,6600,başarısız
crowdfon,ödül,çevre,ya hep ya hiç,Trafik Kurallarını Hatırlayıp Kontrolü Elimize Alalım,Alper İpek,erkek,0,0,1,0,belirsiz,belirsiz,2013,,,60,yok,0,1,0,0,0,5,4,1,yok,yok,0,0,0,40,Günümüzün birçok vakti hem yaya hem de sürücü olarak trafikte geçmektedir. Bizim için önemsiz gibi gözüken,3300,başarısız
fongogo,ödül,kültür-sanat,ya hep ya hiç,BU KÖTÜ Bİ'ŞEY Mİ?  (Tiyatro Oyunu),Cem Engin,erkek,0,0,1,0,istanbul,marmara,2020,13.10.2020,10.11.2020,28,var,126,6,1,0,0,0,3,1,yok,yok,0,0,0,235,"Türkiye şartlarına rağmen, tiyatro sanatını seyirciyle buluşturmaya devam edebilmek.",5000,başarısız
crowdfon,ödül,teknoloji,ya hep ya hiç,İ.o.t,Doğukan Nurbige,erkek,0,0,1,0,belirsiz,belirsiz,2018,,,60,yok,0,1,0,0,0,6,4,1,yok,yok,0,0,0,115,Burada projemizle asıl başarmak istediğimiz teknoloji ile eğitimi tam olarak birleştirmek ve 21.yüzyılda Milli E?,10000,başarısız
fonbulucu,ödül,hayvanlar,ya hep ya hiç,Yaralı Patiler,Barış Kurt,erkek,0,0,1,0,genel,genel,2018,,,60,var,108,4,0,0,0,1,7,1,yok,yok,0,0,0,261,"Sakat ve yaralı sokak hayvanlarının tedavilerini gerçekleştirmek. Tamamen iyileşme ve rehabilite süreci sonrası onları sahiplendirip ,takiplerini yapmak.",7500,başarısız
fongogo,ödül,film-video-fotoğraf,ya hep ya hiç,"""BİR"" KISA FİLM",Elif Sözen,kadın,0,0,1,1,belirsiz,belirsiz,2020,,18.08.2020,60,var,60,8,1,1,1,25,6,3,var,var,2,689,4,413,Yeni kısamız Bir'i aklımızdaki gibi layıkıyla çekebilmek için desteğinize ihtiyacımız var.,18000,başarılı
fongogo,ödül,film-video-fotoğraf,ya hep ya hiç,ŞİMDİLİK İKİMİZ DE YALNIZIZ,Umut Heval Çerkes,erkek,0,0,1,0,istanbul,marmara,2018,04.12.2018,2.02.2019,60,var,66,6,0,0,0,1,9,1,yok,yok,0,0,3,504,Toplumda bir birey olmaya çalışan yalnızların hikayesi.,5500,başarısız
crowdfon,ödül,teknoloji,ya hep ya hiç,Online Petrol Ofisi Hesap Kitap Takip Yazılımı,Erkan Çağlar,erkek,0,0,1,0,belirsiz,belirsiz,2015,,,60,yok,0,1,0,0,0,7,4,1,yok,yok,0,0,0,115,Projemizin Tam anlamıyla benzeyeninkini henüz piyasada göremedim. Vardır mutlaka bir yerlerde ama ben göremedim. He,50000,başarısız
fongogo,ödül,spor,ya hep ya hiç,Onlar Türkiye'nin Ironman'leri,Idil Mesut Ironman,erkek,0,0,1,0,istanbul,marmara,2015,09.04.2015,19.05.2015,40,var,38,6,0,0,0,66,6,3,yok,yok,0,0,0,193,Ironman 70.3 New York Syracuse'ta Türkiyeyi temsil edecek iki Türk İdil Sancar ve Mesut Keskin'e destek kampanyası!,10000,başarılı
fongogo,ödül,film-video-fotoğraf,ya hep ya hiç,gezdiriciler,Ogün Kırbaş,erkek,0,0,1,0,istanbul,marmara,2019,28.03.2019,6.05.2019,39,var,41,3,0,3,0,18,9,3,yok,var,4,282,0,265,"Bu projede ülkemizde pek bilinmeyen köpek gezdirme işi yapan insanların, hayat hikayeleri ve yaptıkları iş anlatılır.""""""",3000,başarılı
fongogo,ödül,eğitim,ya hep ya hiç,Hadi beni Japonya'ya gönderin! ?(´??)?,Figen Demir,kadın,4,0,1,0,istanbul,marmara,2019,22.08.2019,3.09.2019,12,var,201,7,0,4,0,71,8,1,var,var,2,2262,3,661,"Kyoto'da düzenlenen ve farklı ülkelerden Shiatsu uygulayıcılarının bir arada olacağı eğitime katılabilmek için desteğinize ihtiyacım var.""""",25000,başarılı
fongogo,ödül,eğitim,ya hep ya hiç,İNGİLTERE'DE 4 FARKLI ACTING MASTERI KAZANDIM  VE BURSA İHTİYACIM VAR.,Furkan  Yazıcı,erkek,0,0,1,0,sakarya,marmara,2020,01.09.2020,31.10.2020,60,var,163,7,0,0,0,1,8,1,yok,var,2,533,0,562,"ingiltere ' de 4 okuldan kabul aldım.Manchester Metropolitan Universty,University of Kent ,Arts Ed ve  Middlesex University",150000,başarısız
fongogo,ödül,film-video-fotoğraf,ya hep ya hiç,Zamanın Döngüsü: Sema'dan Semah'a Belgeseli,Saygın Narçın,erkek,0,0,1,1,belirsiz,belirsiz,2018,,18.11.2018,60,yok,0,2,0,0,0,1,5,1,yok,yok,0,0,0,120,"Bu belgesel; Sema ve Semah arasındaki ilişkiyi
irdeleyerek, bunlar arasındaki benzerlikleri ve farklılıkları ezoterik bir
anlayış ile sergilemeyi amaçlamaktadır""",20000,başarısız
fongogo,ödül,teknoloji,ya hep ya hiç,'Odiyoki',Murat Uysal,erkek,2,0,1,0,kocaeli,marmara,2015,12.08.2015,11.10.2015,60,var,179,0,0,0,0,0,9,1,yok,yok,0,0,0,752,"Odiyoki.com bir sosyal paylaşım web projesidir. Bu web projesi, aynı zamanda içinde bir sosyal sorumluluk projesi de barındırmaktadır.",32000,başarısız
fonbulucu,ödül,hayvanlar,ya hep ya hiç,PastaPİP,Şükrü Kandemir,erkek,0,0,1,0,genel,genel,2019,,,60,var,47,2,0,0,0,0,4,1,yok,var,1,166,0,161,Plastik pioet yerine makarnadan doğal ve sıfır atık pipet. Aynı zamanda sokak hayvanları icin mama...,250000,başarısız
fongogo,ödül,sağlık-güzellik,ya hep ya hiç,COVID 19 hastalarıyla çalışan sağlık ekiplerine ücretsiz malzeme desteği,Barış Kürşat,erkek,0,0,1,0,muğla,ege,2020,05.04.2020,14.04.2020,9,var,57,3,0,1,0,89,4,2,yok,var,1,855,0,255,"Türkiye'de Covid 19 salgını için oluşturulmuş Pandemi hastanelerinde, sağlık çalışanlarının ihtiyaçları olan malzemeyi ücretsiz edinmelerine destek olmak",15000,başarılı
fongogo,ödül,kültür-sanat,hepsi kalsın,Muaf’ta Buluşalım,Yüksel Yenilmez,erkek,0,0,1,0,istanbul,marmara,2020,07.05.2020,26.05.2020,19,var,24,4,0,0,0,150,3,1,yok,var,3,4399,0,143,"Bunca yıl Beyoğlu’nu bırakmadık, bırakmayacağız. Bu zor günler geçtiğinde “Muaf’ta yeniden buluşalım” diyoruz.",20000,başarılı
fongogo,ödül,eğitim,ya hep ya hiç,Geri Dönüşümde Hayat Var,Onur Irmako,erkek,0,0,2,0,adana,akdeniz,2017,07.08.2017,11.09.2017,35,var,101,15,0,0,0,0,6,4,yok,yok,0,0,3,417,"Projemiz, kullanılmayan telli defterleri geri dönüştürmek ve ihtiyaç sahiplerine dağıtmak amacı ile yapılacaktır. Bunun için destekleriniz çok önemlidir...",5390,başarısız
fongogo,ödül,film-video-fotoğraf,ya hep ya hiç,Ermeni Belgeleriyle 1915,Serkan Koç,erkek,0,0,1,0,istanbul,marmara,2015,04.03.2015,30.04.2015,57,var,127,221,0,71,0,213,8,3,var,var,3,15900,0,541,Belgeseli onlarca dile çevirmek ve milyonlara ulaşmasını sağlamak için desteğinize ihtiyacımız var.,65000,başarılı
crowdfon,ödül,teknoloji,ya hep ya hiç,Çocuk Takip Saati,Şafak Yanık,erkek,0,0,1,0,belirsiz,belirsiz,2019,,,60,yok,0,1,0,0,0,7,4,1,yok,yok,0,0,0,115,Ailelerin çocuklarının nerede olduğunu bilmeleri için üzerinde çalışmalarımızın devam ettiği  gprs ozelikli,20000,başarısız
fongogo,ödül,gıda-yeme-içme,hepsi kalsın,KOT SIFIR'DA YENİDEN,Özgür Gök,erkek,0,0,1,0,istanbul,marmara,2020,28.05.2020,2.07.2020,35,var,43,6,0,0,0,45,3,1,yok,var,1,3837,0,111,Bu süreç bittiğinde Kot Sıfır'da yeniden buluşmayı sabırsızlıkla bekliyoruz.,25000,başarısız
fongogo,ödül,diğer,ya hep ya hiç,Dilara Vakfı,Aykut Kadir Kurt,erkek,0,0,1,1,belirsiz,belirsiz,2017,,18.09.2017,60,yok,0,9,0,0,0,34,6,3,yok,yok,0,0,0,412,Dilara Vakfı sevgi merkezli çalışarak bu dünya üzerinde düzeltilmesi gereken ne kadar mesele varsa yılmadan mücadele edecek. Tıpkı Dilaramızın kendisi gibi.,80000,başarısız
fongogo,ödül,kültür-sanat,hepsi kalsın,BİZ KÜMESİ,Değirmendere Ada Seramik ve Sanat Atölyesi,belirsiz,0,0,1,0,istanbul,marmara,2020,22.12.2020,26.01.2021,35,var,84,0,0,1,0,6,9,4,yok,var,2,97,1,124,"Kurumumuz, pandemi sürecini daha kolay geçirebilsin diye;
 ""YENİ YIL YENİ BİR UMUT"" ve ""EVDE SANAT KİTİ"" üretimleri yapıyor ve çocuklara armağan ediyoruz.",200000,başarısız
fongogo,ödül,diğer,ya hep ya hiç,Denge Sanatı | Hediyelik Eşya Tasarımı,Fatih Desteli,erkek,0,0,1,0,ankara,iç anadolu,2019,31.01.2019,1.04.2019,60,var,42,8,0,0,0,0,3,2,var,var,2,484,4,176,"Sıradanlaşmış hediyelik eşyalara farklı bir bakış açısı getirerek, kendi kültürümüz ve güncel konularla ilişkili olarak yeni tasarımlar geliştirmek.",20000,başarısız
fongogo,ödül,çevre,ya hep ya hiç,Zumba Ormanı,Banu Saatçi,kadın,0,0,1,0,istanbul,marmara,2020,23.06.2020,22.08.2020,60,var,130,2,0,0,0,8,5,1,var,var,4,443,5,222,Ülkemizin akciğerleri olan ormanlarımızı çoğaltmak için bir hatıra Zumba Ormanı oluşturmak istiyorum.,20000,başarısız
fongogo,ödül,teknoloji,ya hep ya hiç,Türkiye'nin ilk Engelli Yayıncısı ve Youtuber'ı olmak istiyorum,Can Gül,erkek,0,0,1,0,adana,akdeniz,2018,24.12.2018,22.02.2019,60,yok,0,1,0,0,0,0,7,1,yok,var,3,208,1,342,"Uzun zamandır Twitchte yayın açmak ve Youtube'ye kaliteli içerikler üretmek istiyorum fakat sistemim buna uygun değil bu sebeple desteğinize ihtiyacım var""",15000,başarısız
fongogo,ödül,gıda-yeme-içme,ya hep ya hiç,TURKISH YOGHURT,HAKAN KÜÇÜK,erkek,0,0,1,0,istanbul,marmara,2019,17.04.2019,16.06.2019,60,yok,0,7,0,0,0,0,9,1,yok,var,1,500,5,202,Projemin amacı rusyanın moskova şehrinde yoğurt ve ayran üretip satmak.yoğurtu ruslara sevdirmek ve oraki gurbetçilerimize de özledikleri lezzeti ulaştırmak.,12500,başarısız
fongogo,ödül,film-video-fotoğraf,ya hep ya hiç,Ben Süpermarket Değilim - Kısa Film,Ekrem Ayhan  Çakay,erkek,2,0,1,0,istanbul,marmara,2020,30.10.2020,29.12.2020,60,var,45,1,1,1,0,70,7,1,yok,var,1,187,5,497,"Süpermarkete bir yabancı gelir, tüm kampanyalar biter ve tüm korkular meydana çıkar.",12000,başarılı
fongogo,ödül,kültür-sanat,ya hep ya hiç,MaksatEmpati,Osman Akış,erkek,0,0,1,0,muş,doğu,2020,18.05.2020,17.07.2020,60,var,49,2,0,0,0,0,7,1,yok,var,2,81,0,247,Muş Alparslan Üniversitesinde okuyan 20 kişilik bir öğrenci ekibi ile beraber Edebiyat dergisi çıkarmak istiyoruz.,5000,başarısız
crowdfon,ödül,film-video-fotoğraf,ya hep ya hiç,Pretiosa (kurmaca Kısa Film ),Mustafa Erdağ,erkek,0,0,1,0,belirsiz,belirsiz,2014,,,60,yok,0,1,0,0,0,0,4,1,yok,yok,0,0,0,115,İnsanların doğayı gitgide yok etmesini ve bu durumu umursamamasından kaynaklanan sonucu yansıtacak bir film çekme,50000,başarısız
fongogo,ödül,eğitim,ya hep ya hiç,QUBİT'E HAYAL ORTAĞI OLUN,Aslı Çakmak,kadın,0,0,6,0,istanbul,marmara,2019,16.01.2019,25.02.2019,40,var,139,9,0,0,0,33,6,2,var,var,4,1095,5,828,Bir Fen Lisesi olarak robot yapmanın zorluklarını aşmayı başardık! Geleceğin mühendislerine ülkemizi geleceğe taşımalarında yardımcı olun!,2000,başarılı
fongogo,ödül,diğer,ya hep ya hiç,Kanguru,Hazal  Yıldırım,kadın,0,0,1,0,izmir,ege,2020,05.10.2020,4.12.2020,60,var,32,5,0,0,0,2,3,2,yok,var,2,344,0,598,Kanguru yolcuların şehir içi kısa mesafeleri açık havada rahat ve pratik bir şekilde gitmelerini amaçlamaktadır.,50000,başarısız
arıkovanı,ödül,teknoloji,ya hep ya hiç,Wollox - İnteraktif  Ekran Dönüştürücü,Alaattin Tamer Cengiz,erkek,0,0,2,0,belirsiz,belirsiz,2017,,,60,var,60,7,0,3,12,120,5,4,yok,yok,0,0,0,452,"Wollox, sistem yeni nesil flat TV ve projeksiyon cihazlarının verimli ve etkileşimli kullanılmasını sağlamak için tasarlanmış bir görüntü kontrol sistemidir",200000,başarılı
fongogo,ödül,film-video-fotoğraf,ya hep ya hiç,BİR İNSANIN KATİLE DÖNÜŞÜM SÜRECİNİ KONU ALAN UZUN METRAJ BELGESEL PROJESİ,Mustafa Çiftci,erkek,0,0,1,0,izmir,ege,2019,17.06.2019,22.07.2019,35,var,30,5,0,0,0,1,9,1,yok,var,1,210,0,1560,Şiddeti ve genel anlamıyla kötülük problemini tarafsızca ele alıp bu konuyu ilk elden öğrenebilmek amacıyla cinayetten hüküm giymiş insanlarla görüşüyorum.,30880,başarısız
fonbulucu,ödül,teknoloji,ya hep ya hiç,DroJam,Ali Polat,erkek,0,0,1,0,adana,akdeniz,2018,,,60,yok,0,3,0,0,0,1,7,1,yok,yok,0,0,0,508,Güvenlik durumları için sinyal kesicili drone.,20000,başarısız
fongogo,ödül,film-video-fotoğraf,ya hep ya hiç,Kuşatma Altında,arda karabocek,erkek,0,0,1,0,istanbul,marmara,2019,18.11.2019,18.12.2019,30,var,35,3,0,0,0,0,7,1,yok,var,1,401,0,193,"Instagram ünlüsü Leyla, 1 milyon takipçiye ulaşmasını büyük bir partiyle kutlar. Partinin sonunda insanlar yavaşça Leyla'ya dönüşmeye başlar.",14000,başarısız
fonbulucu,ödül,teknoloji,ya hep ya hiç,AtaUni Racing Milli Proje Ekibi Desteği,Furkan Erbaş,erkek,0,0,1,0,genel,genel,2019,,,60,yok,0,7,0,0,0,5,7,5,yok,var,1,208,0,128,Erzurum Atatürk Üniversitesi Mühendislik Fakültesi bünyesinde yürüttüğümüz Dünya 3. olan projemize destek olun.,15000,başarısız
fongogo,ödül,film-video-fotoğraf,ya hep ya hiç,SİYAH,Sezgin  Sağlam,erkek,0,0,2,0,istanbul,marmara,2020,30.09.2020,29.11.2020,60,yok,0,1,0,5,1,0,5,1,yok,yok,0,0,4,340,Senaryosunu kendi yazdığım uzun metraj film projemizin çekimleri için ekipman ve maddi destek istiyoruz,30000,başarısız
fongogo,ödül,film-video-fotoğraf,ya hep ya hiç,"""Bir Denizcinin Doğum Günü""",Erol Aydın,erkek,0,0,1,0,istanbul,marmara,2019,08.01.2019,22.02.2019,45,var,321,11,0,3,0,41,8,4,var,var,4,4603,5,855,"Uluslararası film festivallerine katılıp hikayemizi, denizi, denizciyi hatta mümkünse 3 tarafı denizlerle çevrili denizcilerin derdini biraz olsun anlatabilmek.",10000,başarılı
fongogo,ödül,müzik,ya hep ya hiç,Develer Albüm Destek Kampanyası,Muaz  Ceyhan,erkek,0,0,1,0,istanbul,marmara,2020,18.08.2020,8.09.2020,21,var,247,0,0,0,0,21,9,4,var,var,1,752,0,123,İçinde bulunduğumuz pandemi sürecinde yaşadığımız zorluklara rağmen ikinci albümümüzü yayınlayabilmemiz için sizlerin desteğine ihtiyacımız var.,5000,başarılı
fonbulucu,ödül,teknoloji,ya hep ya hiç,Check-APP,Özcan Rasim Karaca,erkek,0,0,1,0,istanbul,marmara,2019,,,60,yok,0,3,0,0,2,0,4,1,yok,var,2,14,0,69,Tüm banka hesaplarının tek ekrandan kontrol et.,25000,başarısız
fongogo,ödül,sağlık-güzellik,ya hep ya hiç,Hayatı Yakalamak,Murat Karamilli,erkek,0,0,1,0,ankara,iç anadolu,2019,03.07.2019,2.08.2019,30,var,51,4,0,0,0,0,8,1,yok,yok,0,0,0,146,Online terapi hizmeti.,30000,başarısız
fongogo,ödül,sağlık-güzellik,hepsi kalsın,Theodora Sevgi Doktorları -,Seda Türkyilmaz,kadın,0,0,1,0,istanbul,marmara,2019,20.05.2019,6.08.2019,78,var,248,2,0,0,0,19,5,1,var,var,2,70541,5,138,"Yardımınızla özel eğitimli sanatçılardan oluşan Theodora Sevgi Doktorları Çapa'da uzun süre tedavi gören çocuklara neşe ve umut dolu anlar armağan edecek!""",12900,başarısız
fongogo,ödül,eğitim,ya hep ya hiç,Koruncuk Vakfı Çocuklarından Yucatan Save the Children Çocuklarına...,Hande Timor,kadın,0,0,1,1,belirsiz,belirsiz,2016,,1.11.2016,60,yok,0,3,0,0,0,11,5,1,yok,yok,0,0,0,120,"Sevgi sadece kalpte mi olur? Peki bavulda da olur desem ne dersiniz? Sevgi sadece kalpte taşınmaz, bavulda da olur: BAVULDA SEVGİ",2000,başarısız
fongogo,ödül,müzik,ya hep ya hiç,Kayda Değer,Ali Emre Yıldırım,erkek,0,0,1,0,istanbul,marmara,2014,08.08.2014,28.08.2014,20,var,231,5,0,2,0,4,6,1,yok,var,2,825,0,472,"Bağımsız, sansürsüz ev oturması tadında müzik programı.",1000,başarısız
fongogo,ödül,film-video-fotoğraf,ya hep ya hiç,Yok Devenin Pabucu - Holy Camel?!: A true love story,Gizem Selçuk,kadın,0,0,1,0,çanakkale,marmara,2013,26.12.2013,20.01.2014,25,var,90,43,0,4,0,53,10,2,var,var,2,1398,12,634,Türkiye'deki güreş develeri ve onlara hayran olan sahipleri arasındaki ilişkiyi gözler önüne seren yaratıcı belgeselin post-prodüksyon bütçesine destek,9500,başarılı
fongogo,ödül,eğitim,ya hep ya hiç,SU DÜNYASI,MAHMUT SUNER,erkek,0,0,1,0,muğla,ege,2019,14.10.2019,9.12.2019,56,var,89,7,0,0,0,4,6,2,yok,yok,0,0,0,467,Çocuklara denizleri ve içindeki muhteşem dünyayı tanıtıp sevdirmek.,27000,başarısız
fongogo,ödül,teknoloji,ya hep ya hiç,CHANGERSLA DÜNYANIN İLK TASARIMI DEĞİŞEBİLEN TEKSTİL ÜRÜNLERİ,Ertürk  Tezcan,erkek,0,0,1,0,antalya,akdeniz,2020,11.03.2020,24.05.2020,74,var,265,20,0,0,0,8,9,4,var,var,3,0,3,102,"CHANGERSLA KUMAŞ VE ÜRÜN PATENTİMİZİ 
ABD ve AVRUPA'DA  KORUMA ALTINA ALMAMIZ İÇİN SİZİN YARDIMLARINIZA İHTİYACIMIZ VAR !
HAYALİMİZE HAYALDAŞ OLUR MUSUNUZ ?",15000,başarısız
fonbulucu,ödül,hayvanlar,ya hep ya hiç,Animal Voice Translator (AVT),Özlem Uzun,kadın,0,0,1,0,izmir,ege,2018,,,60,var,136,3,0,0,0,2,7,1,yok,yok,0,0,0,135,Hayvanların dilinden anlamayı başarmak istiyorum.,10000,başarısız
fongogo,ödül,sağlık-güzellik,hepsi kalsın,H&M Kuaför & Güzellik Salonu - Kuaförünü Destekle,Hasan Abay,erkek,0,0,1,0,ankara,iç anadolu,2020,16.04.2020,30.04.2020,14,var,73,6,0,1,0,4,4,1,yok,var,2,197,0,141,Covid-19 sebebiyle içinden geçtiğimiz bu zor dönemde bize destek olarak salonumuzun ayakta kalmasını sağlamak sizin elinizde.,10000,başarısız
fongogo,ödül,film-video-fotoğraf,ya hep ya hiç,SERÇENİN İLK ADIMI Kısa Film Projesi,Arin İnan Arslan,erkek,1,0,1,0,tunceli,doğu,2019,09.12.2019,3.01.2020,25,var,76,2,0,0,0,26,7,1,yok,var,1,2665,0,682,Yıkılan evinden geriye yalnızca bir kapı kalan bir adamın bu kapıyı sırtına alarak yola çıkma hikayesi bu. Dersim'in mistik coğrafyasında geçen bir masal yani..,20000,başarısız
fongogo,ödül,film-video-fotoğraf,ya hep ya hiç,Kömürün Bedeli Muğla,Sami Solmaz,erkek,0,0,1,0,muğla,ege,2020,14.02.2020,14.04.2020,60,var,356,7,0,0,0,5,8,3,yok,yok,0,0,0,641,"Kömür madenleri ve Termik santraller yüzünden boşaltılmış olan köyler,  katledilen doğa, Arkeolojik alanlar ve kanserli insanlar.",30000,başarısız
fongogo,ödül,film-video-fotoğraf,ya hep ya hiç,SÖYLEDİKLERİNE DİKKAT ET,Buğra Mert Alkayalar,erkek,0,0,3,0,eskişehir,iç anadolu,2020,27.05.2020,26.07.2020,60,var,36,9,0,0,0,19,6,1,yok,var,3,1020,0,1852,Gönüllülük ile ortaya koyduğumuz korku-gerilim türündeki kısa filmimizin yolculuğuna başlayabilmesi için sizlerin desteğine ihtiyacı var.,2000,başarılı
fongogo,ödül,film-video-fotoğraf,ya hep ya hiç,İki Yaka Yarım Aşk,Nurdan Tümbek Tekeoglu,kadın,31,0,6,0,antalya,akdeniz,2016,03.11.2016,20.12.2016,47,var,72,6,0,2,0,150,9,4,var,var,4,2607,5,443,"1924 yılında Mübadele Antlaşması çerçevesinde teyzesi ve ninesi ile Selanik'ten ayrılıp, İzmir/Karaburun'a gelmek zorunda kalan Cemil'in hikayesidir.",25000,başarılı
crowdfon,ödül,diğer,ya hep ya hiç,Parıldayan Gözler Özel Eğitim Ve Rehabilitasyon Merkezi,Selim Güzelçakar,erkek,0,0,1,0,belirsiz,belirsiz,2020,,,60,var,53,1,0,0,0,1,2,1,yok,yok,0,0,0,35,"Özel Tanı Özel Eğitim ve Rehabilitasyon Merkezi, 2021 yılında özel eğitime ihtiyaç duyan çocuk ve gençlerimiz",30000,başarısız
fongogo,ödül,eğitim,ya hep ya hiç,"ASKER ROBOT PROJESİ, Elinizi Uzatın ve Sizin' de HAYALERİME  Destek Ediniz!",Ahmed MUHAMMED ALİ,erkek,0,0,1,1,belirsiz,belirsiz,2021,,3.01.2021,60,yok,0,0,0,0,0,0,4,1,yok,yok,0,0,0,63,"Merhaba, adım ahmed, mekatronik mühendisliği 3 sınıf öğrencisi, Hayallerim insanlara yardım eden Robotları yapmak siz'de Hayallerime destek olunuz!",33900,başarısız
fongogo,ödül,eğitim,ya hep ya hiç,Öğretmenim Türkçem Benim,Öğretmenim Türkçem Benim,belirsiz,0,0,1,0,şırnak,güneydoğu,2019,17.04.2019,17.05.2019,30,var,127,4,0,0,0,4,5,1,var,var,2,28,4,154,"Öğretmenler Aracılığıyla Tüm Devlet Okullarında ""Türkçe"" Konuşulacak""",5000,başarısız
fongogo,ödül,film-video-fotoğraf,ya hep ya hiç,Fahriyem - Kısa Film,Baran Güneş,erkek,0,0,1,0,istanbul,marmara,2020,14.12.2020,14.01.2021,31,var,133,2,0,3,0,91,9,4,var,var,1,310,0,0,Öğrencilik hayatımız boyunca geliştirdiğimiz kısa film projemizi hayata geçirebilmek için desteklerinize ihtiyacımız var.,20000,başarılı
fongogo,ödül,teknoloji,ya hep ya hiç,İstanbul Maker Faire 2016,Elif Demirci,kadın,0,0,2,0,istanbul,marmara,2016,06.09.2016,6.10.2016,30,var,75,26,0,0,0,4,8,1,yok,var,1,93,5,358,Maker Faire tüm dünyada düzenlenen ve üretimin kutlandığı bir festival. Türkiye'de bu sene üçüncüsü düzenlenen festivalde tüm maker'lar buluşuyor.,30000,başarısız
fongogo,ödül,film-video-fotoğraf,ya hep ya hiç,Çocuk Oyunu (Çocuk İstismarı - Pedofili) Kısa Film,Ahmet Ozan ÇALIM,erkek,0,0,1,1,belirsiz,belirsiz,2017,,19.06.2017,60,yok,0,2,0,0,0,1,5,1,yok,yok,0,0,0,120,"Bu proje insanların pedofili ve çocuk istismarı hakkındaki bilgileri akıcı bir hikayenin içine girerek, yaşayarak öğrenmelerini amaçlamaktadır.",20000,başarısız
fongogo,ödül,diğer,ya hep ya hiç,Tanıdık Var Mı?,Kemal Akbulut,erkek,0,0,1,0,istanbul,marmara,2020,28.02.2020,12.05.2020,74,var,111,5,0,0,0,0,8,2,yok,var,2,1893,5,560,"Araç sahiplerinin karşılaştıkları problemleri, araç sahibi yerine çözümleyen en pratik uygulama!",57500,başarısız
fongogo,ödül,eğitim,ya hep ya hiç,Southampton Üniversitesi'nde eğitim için desteğinize ihtiyacım var,Melis Ada Ozer,kadın,0,0,1,0,çanakkale,marmara,2019,23.07.2019,22.08.2019,30,yok,0,5,0,0,0,2,5,2,yok,var,2,498,0,143,Ben Melis Ada Ozer. Southampton Üniversitesi'nde  İnşaat Mühendisliği ve Mimarlık bütünleştirilmiş programında öğrenim görmeye hak kazandım.,35000,başarısız
fongogo,ödül,yayıncılık,hepsi kalsın,EUROPolitika NEWS,YUSUF ERTUĞRAL,erkek,0,0,1,0,istanbul,marmara,2020,13.07.2020,11.09.2020,60,var,42,15,0,0,0,1,6,3,var,var,4,464,5,887,EUROPolitika NEWS Avrupa Politikaları üzerine haber ve analiz yayınlar yapan bir mecradır.,20000,başarısız
fongogo,ödül,diğer,hepsi kalsın,Corona Virüsüne Yönelik Online Psikoterapi Desteği Projesi,EMDR Derneği Travma İyileştirme Grubu,belirsiz,0,0,1,0,istanbul,marmara,2020,21.04.2020,20.06.2020,60,yok,57,3,0,0,0,0,0,3,var,var,2,2,4,264,"400 psikoloğun gönüllü olarak sağlık çalışanlarına, korona virüsüne yakalanmış hastalara ve yakınlarına psikoterapi desteğinden yararlan",1,başarısız
crowdfon,ödül,yayıncılık,ya hep ya hiç,Müstehzi Mahal,Edibe Alsancak,kadın,0,0,1,0,belirsiz,belirsiz,2018,,,60,var,60,1,0,0,0,14,8,1,yok,yok,0,0,0,115,"Müstehzi Mahal bir şiir kitabıdır. Üç bölümlüdür. Zahir Mahal'de 30, Batın Mahal'de 10 ve Sır Mahal'de 30 ol",3000,başarılı
fongogo,ödül,diğer,ya hep ya hiç,Uçurtmamın Kuyruğundan Tutar Mısın?,Meryem Aydın,kadın,1,0,1,0,istanbul,marmara,2015,28.04.2015,28.05.2015,30,var,84,7,0,1,0,32,6,4,yok,var,2,8992,0,242,"Şile-Oruçoğlu Köyü çocuklarına bir destek de sen ver, onların düşlerini bir şenlik ile gerçekleştirelim!",4900,başarısız
crowdfon,ödül,teknoloji,ya hep ya hiç,Kampusevi,Süleyman Şengül,erkek,0,0,1,0,belirsiz,belirsiz,2013,,,60,yok,0,1,0,0,0,5,4,1,yok,yok,0,0,0,40,"KampüsEvi, üniversite öğrenci evlerindeki temizlik, nakliye, bakım ve benzeri sorunlarını kolay, zahmetsiz ve tek",2000,başarısız
crowdfon,ödül,çevre,ya hep ya hiç,Çepeçevre Gazetesi,Burak Avşar,erkek,0,0,1,0,belirsiz,belirsiz,2015,,,60,yok,0,1,0,0,0,4,4,1,yok,yok,0,0,0,115,Türkiye'nin ilk çevre gazetesi Çepeçevre 1 Aralık itibariyle yayın hayatına tekrardan dönüş yaptı. Doğayı k,20000,başarısız
crowdfon,ödül,diğer,ya hep ya hiç,Sokak Hayvanları Donmasın!!!,Berk Erda Koç,erkek,0,0,1,0,belirsiz,belirsiz,2019,,,60,yok,0,1,0,0,0,0,4,1,yok,yok,0,0,0,115,Değişen dünya düzeni neticesinde etkilendiğimiz iklim değişiklikleri hepimizden malesef önce hayvanları ektilem,50000,başarısız
fongogo,ödül,eğitim,ya hep ya hiç,Haliç Üniversitesi Gönüllülük Kulübü Benim Geleceğim Köy Okulları Projesi,KEMAL TEPRET,erkek,0,0,1,0,istanbul,marmara,2018,23.11.2018,11.12.2018,18,var,132,14,0,0,0,23,9,2,yok,var,3,1565,0,225,"Benim geleceğim pro. ile eğitime sürdürülebilir ve nitelikli destek sağlamayı hedefliyoruz. Türkiye’nin 81 ilindeki köy okullarında ihtiyaçlarını gideriyoruz.""",10000,başarısız
crowdfon,ödül,teknoloji,ya hep ya hiç,Kitlesel Fonlama Derneği  Çalıştay Raporu,Kitlesel Fonlama Derneği,belirsiz,0,0,1,0,belirsiz,belirsiz,2019,,,60,yok,0,1,0,0,0,5,4,1,yok,yok,0,0,0,115,Meclise sunulan yeni Kitlesel Fonlama Tasarısı İkincil Düzenlemelerine ilişkin sektörün görüş ve tavsiyelerini,1000,başarısız
crowdfon,ödül,film-video-fotoğraf,ya hep ya hiç,Kapılar Ve Pencereler,Hande Yazıcı,kadın,0,0,1,0,belirsiz,belirsiz,2011,,,60,var,60,2,0,0,0,17,7,1,yok,yok,0,0,0,21,Amacım sizlerin de desteği ile ilk kişisel sergimdeki 20 adet eseri bir album haline dönüştürüp ölümsüzleşti,2350,başarılı
fongogo,ödül,diğer,ya hep ya hiç,KEÇİ LEYDİ,HAKAN MÜSTECEP,erkek,0,0,1,0,bolu,karadeniz,2019,04.03.2019,3.05.2019,60,var,385,4,0,0,0,0,3,1,yok,var,2,238,5,147,Aylarca kafamda planını kurduğum absürt internet dizisi için bir keçi alarak ilk bölümünü çektim izlediğiniz üzere.Amacım bu diziyi sürekli hale getirmektir.,2000,başarısız
fongogo,ödül,teknoloji,ya hep ya hiç,TÜRKİYE'NİN İLK BAĞIMSIZ FRC TAKIMI CYMURGHS ROBOT YAPMAK İSTİYOR!!!,Gökhan Dönmez,erkek,0,0,1,0,sakarya,marmara,2019,13.11.2019,28.11.2019,15,var,115,0,0,0,0,2,5,4,var,var,3,51,5,963,"Türkiye'nin ilk bağımsız takımı Cymurghs, gereken katılım ücretini bulmak ve yedi şehirden lisedeki üyelerinin yarışmaya katılımı sağlamak için yardım istiyor!!",5000,başarısız
fongogo,ödül,film-video-fotoğraf,ya hep ya hiç,Piri Reis Dünya Haritacısı Belgeseli / Piri Reis Mapmaker Of The World,Gülşah Çeliker,kadın,0,0,1,0,istanbul,marmara,2015,29.04.2015,28.06.2015,60,var,179,22,0,0,0,76,10,1,var,var,1,1279,0,556,Piri Reis'in olağanüstü yaşamını ve dünya haritasını hazırlama serüvenini anlatan 75 dakikalık bir yapım.,10000,başarılı
fongogo,ödül,teknoloji,ya hep ya hiç,Pandemi Önlemi 3D Kafe/Restoran Menüsü,Berk Benatmaca,erkek,0,0,1,0,istanbul,marmara,2020,05.10.2020,4.12.2020,60,var,20,1,1,0,0,0,4,2,var,var,1,27,5,235,Pandemi sebebiyle bir çok kafe QR kod menü teknolojisine geçiş yaptı. Bu teknolojiyi 3D teknolojisi ile birleştirip müşteri ve işletme dostu olmak tek hedefimiz,15000,başarısız
fongogo,ödül,kültür-sanat,hepsi kalsın,Kovan Yaratıcı Deneyim Merkezi,Papatya Karkıner,kadın,11,0,1,0,izmir,ege,2020,29.04.2020,28.06.2020,60,var,148,3,0,0,0,0,6,2,var,var,2,224,4,121,İzmir Kemeraltı'nda 2019'da kurulan şehrin kültür sanat alanı Kovan kapalı olduğu bugünleri atlatmak ve kaldığı yerden devam etmek için desteğinizi bekliyor.,15000,başarısız
crowdfon,ödül,diğer,ya hep ya hiç,Bernard Lafond,Aykut Gül,erkek,0,0,1,0,belirsiz,belirsiz,2017,,,60,yok,0,1,0,0,0,5,4,1,yok,yok,0,0,0,115,Bernard Lafond dunya genelinde bilinen bir marka haline geldi daha once sadece sosyal medya üzerinden satışları yap?,50000,başarısız
fongogo,ödül,spor,ya hep ya hiç,"""Başarmak istiyorum."" Hereke Anadolu Lisesi BOCCE Türkiye Şampiyonası",EMRAH DEMİRCİ,erkek,0,0,1,0,kocaeli,marmara,2019,29.03.2019,14.04.2019,16,var,42,6,0,0,0,2,9,1,yok,yok,0,0,5,178,"Türkiye Şampiyonluğu ne uzak, ne yakın...",7500,başarısız
fongogo,ödül,film-video-fotoğraf,ya hep ya hiç,İçerideki Ses | The Sound Inside,Ömer Odabaş,erkek,0,0,1,0,istanbul,marmara,2018,01.09.2018,16.10.2018,45,var,25,1,0,0,0,2,7,1,var,var,2,483,0,267,"Sesler! İnsan konuşmaları, gece yarısı havlayan sokak köpekleri, gıcırdayan kapılar, para sayan makine, reklam tabelaları…",5000,başarısız
fongogo,ödül,eğitim,ya hep ya hiç,Yaşama destek (açıklamada) yurt dışı yüksek lisans eğitim desteği,Ramazan Karaoğlanoğlu,erkek,0,0,2,1,belirsiz,belirsiz,2019,,4.09.2019,60,yok,0,0,0,0,0,0,4,1,yok,yok,0,0,0,63,"Almanyanın en iyi okullarından biri olan HfM Saar üniversitesi,  yüksek lisans eğitimine kabul edildim. Orada okuyabilmem için maddi desteğe ihtiyacım var...",15000,başarısız
fonbulucu,ödül,teknoloji,ya hep ya hiç,Milli Test Cihazı,Çağlar Ceylan,erkek,0,0,1,0,genel,genel,2020,,,60,var,165,1,0,0,1,1,4,1,yok,yok,0,0,0,136,Geliştirilecek olan polimerlerin yapısal özelliklerini ölçmeye yarayan bir test cihazıdır.,10000,başarısız
crowdfon,ödül,yayıncılık,ya hep ya hiç,Dalgın Sular Çizgi Roman Projesi,İskender Savaşır,erkek,0,0,1,0,belirsiz,belirsiz,2014,,,60,var,60,1,0,0,0,30,8,1,yok,yok,0,0,0,115,"Dalgın Sular çizgi roman projesi İstanbul'un geçmişini diriltiyor! Dalgın Sular ekibi, hikayeleri sizlerin desteğ",15000,başarılı
crowdfon,ödül,teknoloji,ya hep ya hiç,Rl Turkiye - Sürü Drone Projesi İçin Gpu Server Desteği,Ugurkan Ates,erkek,0,0,1,0,belirsiz,belirsiz,2021,,,60,yok,0,1,0,0,0,1,4,1,yok,yok,0,0,0,115,Proje pekiştirmeli öğrenme ve sürü algoritmalar kullanarak sürü insansız araçların simülasyon ortamında üre,1250,başarısız
fonbulucu,ödül,eğitim,ya hep ya hiç,Eğitim Platformu,Faruk İsaoğlu,erkek,0,0,1,0,genel,genel,2020,,,60,yok,0,1,0,0,1,0,6,1,yok,var,1,17,0,180,"eğitim alanında ihtiyaç duyulabilecek her şeyin (üniversite tanıtımlar , bölüm tanıtımları , meslek röportajları vs.) buluştuğu bir platform.",3000,başarısız
arıkovanı,ödül,teknoloji,ya hep ya hiç,MAKEY 2.0 | Modüler Elektronik Yapboz,Şahin İncik,erkek,0,0,1,0,belirsiz,belirsiz,2016,,,60,var,109,17,0,3,10,34,6,6,yok,yok,0,0,0,679,"Modüler yapboz, çocukların kodlama ve algoritma yapısını eğlenerek öğrenmesini sağlıyor",100000,başarılı
crowdfon,ödül,film-video-fotoğraf,ya hep ya hiç,Ses Ve Nefes,Serkan Can,erkek,0,0,1,0,belirsiz,belirsiz,2013,,,60,yok,0,1,0,0,0,6,4,1,yok,yok,0,0,0,40,"Yaşanmış Hikayeler “Başrol Sırası Senin” Neydi bizi anlatan, diğerlerinden farklı kılan söylediklerimiz mi",3500,başarısız
fongogo,ödül,teknoloji,ya hep ya hiç,Sabyus Elektronik Kombi,Yusuf BARIŞ,erkek,0,0,1,0,mersin,akdeniz,2020,28.08.2020,27.10.2020,60,var,50,1,0,0,0,0,5,2,yok,yok,0,0,5,400,"Altyapı gerektirmeden çalışabilen, ultra tasarruflu kombiler",10000,başarısız
fongogo,ödül,teknoloji,ya hep ya hiç,TEAM VENUS MACERASINA DAHİL OLUN!,TEAM VENUS,belirsiz,0,0,1,0,trabzon,karadeniz,2020,28.08.2020,27.10.2020,60,var,186,5,0,0,0,1,7,3,var,var,2,301,4,707,Her alanda gelişmemize yardımcı olacak yarışma/etkinliklere katılarak ekipçe yaptığımız çalışmalarla adımızı duyurmak ve her gün yeni bir adım atmak istiyoruz.,18000,başarısız
fonbulucu,ödül,tasarım,ya hep ya hiç,Paletli Valiz,Emrah Tuncer,erkek,0,0,1,0,genel,genel,2020,,,60,yok,0,1,0,0,1,0,6,1,yok,yok,0,0,0,148,Artık valiz izle merdivenden çıkmak problem olmayacak.,10000,başarısız
fonbulucu,ödül,kültür-sanat,ya hep ya hiç,Besteloji,Sinan Tavşan,erkek,0,0,1,0,genel,genel,2019,,,60,var,47,1,0,0,0,1,6,4,yok,yok,0,0,0,372,Besteci ve söz yazarları şarkılarını daha çabuk halka sunabilecek,30000,başarısız
fonbulucu,ödül,diğer,ya hep ya hiç,Bedelli Askerliğin Bedeli,Emre Akkaya,erkek,0,0,1,0,ankara,iç anadolu,2019,,,60,yok,0,2,0,0,0,15,7,1,var,var,3,3127,0,95,Bedelli Askerlik için destek olun,15000,başarısız
crowdfon,ödül,müzik,ya hep ya hiç,Ücretsiz Müzik Eğitimi,Hüseyin Karabulut,erkek,0,0,1,0,belirsiz,belirsiz,2015,,,60,yok,0,1,0,0,0,5,4,1,yok,yok,0,0,0,115,Bir cafe konsepti düşününki içerisinde müzik öğretmenlerinin sizlerle ücretsiz bilgi paylaşıp ders verdiği.,50000,başarısız
fongogo,ödül,film-video-fotoğraf,ya hep ya hiç,Toprağın Üstü kısa film yapım desteği,İzzet Arslan,erkek,0,0,1,0,sinop,karadeniz,2017,20.07.2017,29.08.2017,40,yok,0,5,0,0,0,0,7,1,yok,var,2,729,0,220,Yetersiz bakiye nedeniyle kısa film projemizi hayata geçiremeden mezun olup memleketlerimize dağıldık. Sinema uğraşımız için şansımızı bu yolla denemek istedik.,15000,başarısız
fongogo,ödül,müzik,ya hep ya hiç,Müzik Melodik Bir Hikayedir Sende Hikayemize Dahil Ol.,Hamdi Çetin,erkek,0,0,1,0,mersin,akdeniz,2019,16.10.2019,13.12.2019,58,var,51,1,0,0,0,0,7,1,var,var,2,1216,1,201,Müzik yapabilmemiz için gerekli ekipman desteğini sağlamak ister misiniz ?,3000,başarısız
buluşum,ödül,kültür-sanat,ya hep ya hiç,Sürdürülebilir Yaşam Film Festivali,belirsiz,belirsiz,0,0,1,0,belirsiz,belirsiz,2017,,,60,yok,0,1,0,0,0,15,1,1,yok,yok,0,0,0,157,"Festival, gerçek hikayelerle ilham vererek, dünyada ‘sürdürülebilir bir yaşam’ için yapılan çalışmaları, eylemleri, düşünce sistemlerini, uygulamaları, öğretileri, yeni bir bilinç seviyesini ve vizyonunu seyirciyle paylaşarak bireyleri umuda ve sağduyuya davet ediyor",15000,başarılı
fonbulucu,ödül,sosyal sorumluluk,ya hep ya hiç,EMPATİ SEPETİ,Çimen Geçgil,kadın,0,0,1,0,genel,genel,2018,,,60,yok,0,5,0,0,0,4,7,1,yok,yok,0,0,0,710,Arada kurum kuruluş kişi olmadan ihtiyaç sahiplerini ve kendilerine destek olmak isteyen kişileri mobil uygulama üzerinden bir araya getirmek,35000,başarısız
fongogo,ödül,eğitim,hepsi kalsın,DAYANIŞMANIN EV HALİ,Rengarenk Umutlar Derneği,belirsiz,0,0,1,0,diyarbakır,güneydoğu,2020,09.04.2020,9.04.2020,0,var,301,5,0,0,0,9,6,1,var,var,3,623,5,637,Covid-19 dolayısıyla evde kalan Sur'lu çocuklarla telekonferans yöntemi ile atölyeler yapacağız. Atölyeler için gerekli kırtasiye malzemeleri için dayanışmaya!,11500,başarısız
crowdfon,ödül,yayıncılık,ya hep ya hiç,İkinci Kitabım,Çağan Atilla,erkek,0,0,1,0,belirsiz,belirsiz,2016,,,60,var,60,1,0,0,0,6,4,1,yok,yok,0,0,0,115,İlk kitabım  Bir garip Elveda 'yı yoğun bir çalışma süresi ve ailemin de desteği ile çıkardım. İkinci kitab,1000,başarısız
fongogo,ödül,eğitim,ya hep ya hiç,Görme Engelliler İçin Sesli Kitaplar,Hasan Yolcu,erkek,1,0,1,0,istanbul,marmara,2020,13.05.2020,12.06.2020,30,var,61,0,0,0,0,14,4,1,var,yok,0,0,0,304,Kitapları görme engelli dostlarımız da okuyabilir! Kulaklarıyla :),1150,başarılı
fongogo,ödül,eğitim,ya hep ya hiç,İşte 1 Gün,Özgür Dinçer,erkek,0,0,1,0,istanbul,marmara,2018,11.12.2018,21.12.2018,10,var,80,2,0,0,0,14,3,1,yok,var,2,55,0,699,İşte 1 Gün projesi ile lise öğrencilerinin mesleki hedeflerini daha sağlıklı belirleyebilmeleri amacıyla İşte 1 Gün geçirmelerini hedefliyoruz.,2000,başarılı
fongogo,ödül,kültür-sanat,ya hep ya hiç,''Topluluk Önünde Konuşma Hikayeleri'' Kitap Projesi,Percin Imrek,erkek,3,0,7,0,istanbul,marmara,2019,23.07.2019,3.09.2019,42,var,144,1,0,5,0,30,9,1,var,var,3,10000,5,126,"5. kitabım olacak olan ''Topluluk Önünde Konuşma Hikayeleri'' kitabımın bir parçası olmanızı istiyoruz. Nasıl mı? :)""""",6000,başarılı
fongogo,ödül,film-video-fotoğraf,ya hep ya hiç,Yavruağzı Kısa Film Projesi,Tuğçe Hilal Çİl,kadın,1,0,1,0,istanbul,marmara,2018,13.06.2018,12.08.2018,60,var,56,4,0,1,0,21,7,1,yok,yok,0,0,0,592,"Projenin amacı, senaryo yazarlığını ve yönetmenliğini yaptığım ilk kısa filmim ""Yavruağzı""nın montaj, tanıtım ve dağıtımı için kaynak elde etmek.",3500,başarılı
fongogo,ödül,diğer,ya hep ya hiç,Köyde Doğum Günü Mekanı,Zümre Karademir,kadın,0,0,1,0,istanbul,marmara,2014,30.09.2014,29.11.2014,60,yok,0,18,0,0,0,1,10,2,var,var,2,366,0,344,"Köy ortamında, dört duvarla sınırlandırılmayan, açık mekanda çocuğunuzun doğum gününü kutlamak ister misiniz?",3000,başarısız
fongogo,ödül,çevre,ya hep ya hiç,"UMAY "" Yeni Nesil Vakıf """,MEHMET ÇELİKTAŞ,erkek,0,0,1,1,belirsiz,belirsiz,2020,,28.06.2020,60,yok,0,3,0,0,0,1,5,1,yok,yok,0,0,0,120,"""Ben destek vermesem de birileri zaten destekliyor""algısını yıkmak üzere herkesin tek tıkla istediği miktarda istediği yere bağış yapabileceği Yeni Nesil Vakıf.",25000,başarısız
fongogo,ödül,film-video-fotoğraf,ya hep ya hiç,''Mimaroğlu'' Belgesel Film Projesi,Heimatlos Films,belirsiz,3,0,2,1,antalya,akdeniz,2018,29.11.2018,1.01.2019,33,var,50,7,0,2,0,49,9,3,var,var,1,1790,5,1096,"İlhan Mimaroğlu ve hayat arkadaşı Güngör Mimaroğlu'nun İstanbul'dan New York'a, elektronik müzikten politikaya uzanan birlikteliğini anlatan yaratıcı belgesel.""",50000,başarısız
fongogo,ödül,eğitim,ya hep ya hiç,Preschool Academy,EMRULLAH KAHRAMAN,erkek,0,0,1,0,istanbul,marmara,2020,13.11.2020,13.12.2020,30,var,114,5,4,1,0,24,6,3,yok,var,1,91,3,227,"Preschool Academy , okul öncesi çocuklarına ücretsiz olarak nitelikli bir okul öncesi eğitimi sunmayı, dil ve bilişsel becerilerini desteklemeyi amaç edinir.",15000,başarısız
fongogo,ödül,kültür-sanat,ya hep ya hiç,"""Yaşasın Hayat"" Küçük Salon'un yeni performansı Frida",Emre Tandoğan,erkek,0,0,1,0,ankara,iç anadolu,2018,06.08.2018,20.09.2018,45,var,86,6,0,0,0,10,5,1,var,var,3,2671,5,526,Frida Kahlo'nun hayatı ile Frida rolünü oynayacak olan oyuncu kişisi arasında bir köprü kurarak kadınının varoluş sancısına Frida'nın aynasından ışık tutmak.,30000,başarısız
fongogo,ödül,eğitim,ya hep ya hiç,İGEM Türkiye Takımına Hayalleri İçin Destek!,Aslı Doğanay,kadın,0,0,1,0,istanbul,marmara,2019,29.08.2019,8.10.2019,40,yok,0,3,0,0,0,0,7,5,yok,yok,0,0,0,150,MIT'in düzenlediği dünyanın en büyük sentetik biyoloji yarışmasına katılıyoruz.Amerika'ya gidip projeyi sunabilmek için finansal desteğe ihtiyacımız var!,15000,başarısız
fongogo,ödül,diğer,ya hep ya hiç,Perçin İmrek 30. Yaş Günü - Kanserle Mücadeleye Destek,Percin Imrek,erkek,3,0,7,0,istanbul,marmara,2016,9.12.2016,24.12.2016,15,yok,0,1,0,2,0,25,3,2,yok,yok,0,0,0,192,"Doğum günlerini sevmeyen biri olarak ‘ben ne yapayım’ sorusunu kendime bir süredir soruyorum.

Dedim ki ben de özel bir şey yapayım.",1250,başarılı
fongogo,ödül,eğitim,ya hep ya hiç,Avrupa'nın En Eski Üniversitesinden Mühendislik Masterına Kabul Aldım.,Özüm Merve Tilev,kadın,0,0,1,0,eskişehir,iç anadolu,2020,24.08.2020,22.09.2020,29,var,162,4,0,0,0,63,7,1,yok,var,2,340,2,710,Hayalimi gerçekleştirme yolunda bana destek olur musunuz?,31851,başarılı
fonbulucu,ödül,teknoloji,ya hep ya hiç,Buyroon.com,Mahmut Cihan Sarıyıldız,erkek,0,0,1,0,genel,genel,2020,,,60,var,52,3,0,0,0,0,7,1,var,var,1,1,0,89,Sosyal bir e-ticaret deneyimi.,150000,başarısız
fongogo,ödül,teknoloji,ya hep ya hiç,ThermBody,Mikail BAĞCI,erkek,0,0,1,0,antep,güneydoğu,2018,13.02.2018,30.03.2018,45,var,50,3,0,0,0,1,8,2,yok,var,1,20,5,187,Mekan ve zaman gözetmeden her koşulda kullanılmaya müsait ThermBody ile üşümek sadece 10 saniye sürecek.,50000,başarısız
fongogo,ödül,moda,ya hep ya hiç,TUTUNJ,Ege Tütüncü,erkek,0,0,2,1,belirsiz,belirsiz,2017,,20.07.2017,60,yok,0,1,0,0,0,2,6,1,yok,yok,0,0,0,120,"2 yıldan kısa bir sürede hızlıca büyüyen ve gelişmekte olan ana odağı tişört olan markamızı geliştirip, Amerika'da Türkiye'yi temsil edebilmek.",20000,başarısız
arıkovanı,ödül,teknoloji,ya hep ya hiç,Bean: Tak-Çalıştır Akıllı Yaşam Sistemi,Fatih Yücekaya,erkek,0,0,1,0,belirsiz,belirsiz,2016,,,60,var,60,25,0,6,9,946,10,6,var,var,4,454,0,752,"Bean Akıllı Yaşam Sistemi Bluetooth aracılığıyla akıllı telefonunuz ile iletişim kurarak size ışıklarınızı ve cihazlarınızı dilediğiniz yerden kontrol etmenizi, izlemenizi ve anında müdahale etmenizi sağlar",100000,başarılı
fongogo,ödül,film-video-fotoğraf,ya hep ya hiç,KÖRFEZ SİNEMA FİLMİ,Emre Yeksan,erkek,0,0,1,1,belirsiz,belirsiz,2016,,8.10.2016,60,var,60,8,1,1,1,60,6,3,var,var,2,510,4,413,KÖRFEZ tamamı İzmir'de çekilmekte olan uzun metraj bir sinema filmi. Bir İzmir'e dönüş hikâyesi.,50000,başarılı
fonbulucu,ödül,kültür-sanat,hepsi kalsın,Bağımsız Sanat Enfekte Olmasın!,Fırat Yusuf Yılmaz,erkek,0,0,1,0,kocaeli,marmara,2020,,,60,var,70,6,0,0,0,3,4,4,yok,var,2,718,0,147,Küresel salgın sebebi ile herhangi bir koruma fonu maddesinin altına girmeyen bağımsız sanatçı atölyelerinin bu süreçte en azından proje üretebilir halde olması.,23500,başarısız
fongogo,ödül,çevre,hepsi kalsın,"KÖMÜRÜN İSİ SABUNUN MİSİ, Perde II: Bir Ev Hayal Ediyoruz | YIRCA KÖYÜ,SOMA",Yırca Hanımeli,kadın,0,0,1,0,manisa,ege,2016,25.08.2016,24.10.2016,60,var,224,12,0,0,0,93,9,2,var,var,2,2451,5,604,"Merhaba!
Biz Yırca Köyü Üretici Kadınlarıyız. 
2014'te 6600 zeytinini termik santrale kurban veren ama yılmayan ve yaşamı dönüştüren mücadeleci köy kadınları.",32500,başarısız
fongogo,ödül,film-video-fotoğraf,ya hep ya hiç,Ondan Bahsetmiyorum / I'm Not Talking About That,Beste Yamalioglu,kadın,11,0,2,1,istanbul,marmara,2018,23.06.2018,26.07.2018,33,var,155,6,0,5,0,98,8,2,var,var,3,294,5,392,"Ondan Bahsetmiyorum, ergenliğin doruklarında el yordamı ile ilişki kurmaya çalışan iki gencin bir gününe tanıklık eder.""",20000,başarılı
fongogo,ödül,eğitim,ya hep ya hiç,YARININ KAMPI,Gizem Erdoğan,kadın,0,0,1,0,istanbul,marmara,2019,14.10.2019,10.11.2019,27,var,212,1,0,2,0,23,9,4,var,var,4,25300,3,510,Eğitimde fırsat eşitliğini bir nebze de olsa giderebilmek.,5000,başarılı
fongogo,ödül,film-video-fotoğraf,ya hep ya hiç,Bir Vapur Masalı,Mehmet Tığlı,erkek,18,0,3,0,istanbul,marmara,2018,31.01.2018,21.02.2018,21,var,35,3,0,0,0,224,7,1,yok,var,1,237,0,135,"Bir baba iki zihinsel engelli çocuğuyla birlikte bir şehir hatları vapuruna biner. Hüzünlü bir yolculuk başlar. Bu kısa film gerçek bir olaya dayanmaktadır.""",20000,başarılı
fonbulucu,ödül,sosyal sorumluluk,ya hep ya hiç,Piyasa Araştırması,Mustafa Ak,erkek,0,0,2,0,samsun,karadeniz,2018,,,60,yok,0,1,0,0,0,1,5,1,yok,var,2,942,0,116,İnternetten veya mağazadan almak istediğiniz herşeyi önceden araştırıyoruz,35000,başarısız
fongogo,ödül,teknoloji,ya hep ya hiç,"Görme, işitme ve konuşma engelliler için eldiven",İnci Oğuz,kadın,0,0,1,0,izmir,ege,2020,06.05.2020,5.07.2020,60,yok,0,2,0,0,0,0,5,1,yok,yok,0,0,1,432,"Bu yıl bir teknoloji tasarım projesi yapıyorum. Görme engelliler, işitme engelliler ve konuşma engelliler için fonksiyonlar barındıran bir eldiven tasarladım.",1000,başarısız
fongogo,ödül,sağlık-güzellik,ya hep ya hiç,TAKSİPAN - Taksilerde Covid-19 Önlemi,Korhan TÜRK,erkek,0,0,1,0,antalya,akdeniz,2020,06.05.2020,5.07.2020,60,var,115,11,0,2,0,15,9,3,yok,yok,0,0,5,651,"Herkes taksiye biniyor ve artık toplumsal sağlığın daha önemli olduğu şu günlerde, korunma tedbirlerinin taksilerde de arttırılması faydalı olacaktır.",150000,başarısız
fongogo,ödül,film-video-fotoğraf,ya hep ya hiç,PARAMPARÇA,Nurdan Tümbek Tekeoglu,kadın,31,0,6,2,antalya,akdeniz,2020,31.08.2020,30.10.2020,60,var,120,5,0,0,0,179,7,2,yok,var,2,10,0,254,"1923 Türk-Yunan Mübadelesi sırasında, Girit Kandiye’den son anda gemiye binemeyen 12 yaşındaki kızının izini kaybeden kadın, 50 yıl sonra Mersin’de karşılaşır",60000,başarılı
crowdfon,ödül,teknoloji,ya hep ya hiç,Kullanışlı Telefon Kılıfı,Furkan Birinci,erkek,0,0,1,0,belirsiz,belirsiz,2015,,,60,yok,0,1,0,0,0,4,4,1,yok,yok,0,0,0,115,BU TELEFON KILIFI İLE SARJ KABLOSU DERDİ KALMIYACAK VE KAPAKTAKİ MANDALAR İLE TELEFON ELDEN DÜŞTÜĞÜNDE HIZLI Ş,750,başarısız
crowdfon,ödül,çevre,ya hep ya hiç,El Ele Karadeniz'e,Furkan Can,erkek,0,0,1,0,belirsiz,belirsiz,2015,,,60,yok,0,1,0,0,0,7,4,1,yok,yok,0,0,0,115,PROJEMİZDE DAHA ÖNCE KARADENİZ’E ÇIKMA İMKANI VE MADDİ DURUMU OLMAYAN KİŞİLERİN ORADAKİ KÜLTÜREL VE DOĞA,2000,başarısız
arıkovanı,ödül,teknoloji,ya hep ya hiç,Onlock Akıllı Mobilya Kilidi,Dinçer Sözütok,erkek,0,0,1,0,belirsiz,belirsiz,2019,,,60,var,27,16,0,6,12,194,1,6,yok,var,4,1330,0,446,"Onlock özel eşyalarımızı koyduğumuz çekmece, dolap, kabinet, keson gibi mobilyalarımızı cep telefonumuz üzerinden kilitlememizi sağlayan bir akıllı mobilya kilit sistemidir.",140000,başarılı
fonbulucu,ödül,teknoloji,ya hep ya hiç,Geleceğin Güvende Olan Çocukları,Hakan Genç,erkek,0,0,1,0,genel,genel,2019,,,60,yok,0,3,0,0,0,0,5,1,yok,yok,0,0,0,196,Çocuklar için güvenli bir video izleme platformu.,21000,başarısız
fongogo,ödül,kültür-sanat,ya hep ya hiç,FABULA,ALİ  ALBAN,erkek,0,0,1,0,mersin,akdeniz,2020,13.07.2020,11.09.2020,60,var,130,2,0,0,0,0,4,1,var,yok,0,0,1,350,Fabula; geçmişten (ilksel insanlardan) günümüze süregelen toplumsal cinsiyet rollerine eleştirel bir bakış inşa ediyor.,16000,başarısız
fongogo,ödül,sağlık-güzellik,ya hep ya hiç,dmdsavaşçısıcanberkiçin,Canberk Sağnak,erkek,0,0,6,0,ankara,iç anadolu,2019,28.08.2019,3.09.2019,6,yok,0,2,0,1,0,47,5,3,yok,var,1,3600,0,742,"yataktan daha rahat kalkabilmem,akülü sandalyeme daha rahat geçebilmem, tuvalete daha rahat gidebilmem için""",9500,başarısız
fongogo,ödül,kültür-sanat,ya hep ya hiç,YOLDAN GEÇENLER,Bahadır Öztop,erkek,0,0,1,0,aydın,ege,2017,28.02.2017,9.04.2017,40,var,150,1,0,0,0,0,9,3,yok,yok,0,0,1,189,Daha güzel bir dünyanın mümkün olduğunu göstermek için sırt çantamız ve çadırımızla yola çıkacağız.Ülkemizin kültürünü gezgin/kampçı ruhuyla harmanlanlıyoruz.,30000,başarısız
fongogo,ödül,film-video-fotoğraf,ya hep ya hiç,Aslı Erdoğan Belgesel Çalışması,Adar Bozbay,erkek,0,0,1,0,istanbul,marmara,2020,20.11.2020,9.01.2021,50,yok,0,10,1,0,0,2,7,2,yok,var,1,2432,0,489,Tutuklanma ve sürgün sürecinin yazarın hayatı üzerinde yarattığı olumsuz etkiler.,25000,başarısız
fonbulucu,ödül,teknoloji,ya hep ya hiç,Scream Of The Darkness,Sertan Aydın,erkek,0,0,1,0,genel,genel,2018,,,60,yok,0,4,0,0,0,1,5,1,yok,yok,0,0,0,342,Hikayesi olan mobil korku oyunu,120000,başarısız
fongogo,ödül,film-video-fotoğraf,ya hep ya hiç,Yine Mi Ben?,Umut Batuhan Fırat,erkek,0,0,1,0,istanbul,marmara,2019,25.07.2019,8.09.2019,45,var,70,1,0,0,0,0,8,5,yok,var,1,50,2,588,Kenar mahallede geçen gerçek dışı bir hikayeyi anlatan komedi-aksiyon kısa filmi.,16000,başarısız
arıkovanı,ödül,teknoloji,ya hep ya hiç,Akıllı Böcek Robotik Eğitim Kiti,Mustafa Ali Güner,erkek,0,0,1,0,belirsiz,belirsiz,2017,,,60,var,60,7,8,3,16,20,8,6,yok,yok,0,0,0,1028,"Etkinbot Akıllı Böcek, toplumumuzun geleceği çocuklarımızın, teknolojilerin sadece kulanıcısı değil aynı zamanda geliştiricisi olmalarını sağlamak için tasarlanmış, yerli üretim robotik eğitim kitidir",83200,başarılı
fongogo,ödül,kültür-sanat,ya hep ya hiç,Çocuklara Tiyatro Aşkını kazandırmak,Ahmet Şen,erkek,0,0,1,0,denizli,ege,2020,09.09.2020,8.11.2020,60,var,55,5,1,0,0,1,7,1,yok,yok,0,0,0,419,Denizli Tiyatro ve Sahne Sanatları Derneği olarak pandemi sürecinde çocuklara ücretsiz tiyatro eğitimlerimi vermek,4000,başarısız
fongogo,ödül,eğitim,ya hep ya hiç,Potsdam Uni’de Master Eğitimi,Yağmur Sefa,kadın,0,0,1,0,istanbul,marmara,2020,18.11.2020,17.01.2021,60,yok,0,1,3,1,0,0,4,1,yok,yok,0,0,3,224,Uni Potsdam’dan master için kabul aldım.Vizeye başvurabilmek için hesabımda 10000€ göstermem gerekiyor. Kendi birikimim üzerine 7000€ ya daha ihtiyacım var.,70000,başarısız
fongogo,ödül,film-video-fotoğraf,ya hep ya hiç,ARAYIŞ,Tajdin AYDIN,erkek,0,0,1,0,diyarbakır,güneydoğu,2017,20.04.2017,19.06.2017,60,var,63,4,0,0,0,1,6,9,yok,var,1,1,0,309,Her gün farklı kişiliklerle kendini arayan bir adamın öyküsü.,15000,başarısız
fonbulucu,ödül,kültür-sanat,ya hep ya hiç,Hominn,Hüseyin Macit,erkek,0,0,1,0,ankara,iç anadolu,2018,,,60,yok,0,1,0,0,0,1,10,3,yok,yok,0,0,0,256,Hominn müzik severleri amatör müzisyenlerle bir araya getiren bir platform. Her defasında farklı bir evde toplanıyoruz ve amatör müzik grupları burada 30-40 kişilik gruplar için müzik yapıyorlar,15000,başarısız
crowdfon,ödül,diğer,ya hep ya hiç,(@ugurcantv) Instagram Sayfasını Geliştirmek İçin Destek Bekliyorum,Uğur Can Yılmaz,erkek,0,0,1,0,belirsiz,belirsiz,2020,,,60,var,37,1,0,0,0,1,1,1,yok,yok,0,0,0,8,(@ugurcantv) Instagram Sayfasını Geliştirmek İçin Destek Bekliyorum.,7500,başarısız
crowdfon,ödül,tasarım,ya hep ya hiç,Organicard,Hakan Eren,erkek,0,0,1,0,belirsiz,belirsiz,2014,,,60,yok,0,1,0,0,0,6,4,1,yok,yok,0,0,0,40,OrganiCard; yaşayan bir portakartı. Siz hiç evinizde bir bahçe büyüttünüz mü? Peki  bir posta kartından büyü,2500,başarısız
fongogo,ödül,müzik,ya hep ya hiç,Ayrılırken,Savaş Can,erkek,0,0,1,0,çanakkale,marmara,2014,08.09.2014,7.11.2014,60,var,277,3,0,0,0,1,6,1,yok,var,1,79,0,220,"Yüz yıldır şarkı-türkü söylüyorum. Bestelerimi duymanı istiyorum. Bestelerim, yüreğine her dokunuşunda durup, kendinle övüneceksin! Destek olmak istemez misin?",24000,başarısız
fongogo,ödül,film-video-fotoğraf,ya hep ya hiç,Lütfi,Cahit Kaya Demir,erkek,1,0,1,0,istanbul,marmara,2016,08.06.2016,8.07.2016,30,var,132,11,0,2,0,45,7,1,yok,var,2,294,0,307,Lütfi Short Film,5000,başarılı
fongogo,ödül,film-video-fotoğraf,ya hep ya hiç,"""NORADRENALİN"" Kısa Film Tamamlama",. .,erkek,0,0,1,0,izmir,ege,2016,12.12.2016,10.02.2017,60,yok,0,0,0,0,0,5,9,1,yok,yok,0,0,0,0,.,6500,başarısız
fongogo,ödül,film-video-fotoğraf,ya hep ya hiç,24 saniye,Can  Köylü,erkek,0,0,1,0,istanbul,marmara,2019,03.12.2019,22.01.2020,50,var,17,1,0,0,0,0,6,1,yok,var,1,124,0,59,Şehvetin doğurduğu nedamet,3500,başarısız
fongogo,ödül,diğer,ya hep ya hiç,Gerçek Gizlidir Filmleri,Lob Ekibi,belirsiz,1,0,1,0,istanbul,marmara,2014,15.09.2014,16.11.2014,62,var,104,1,0,4,0,150,11,4,yok,var,3,274,0,301,Türkiye’de ilk kez her aşaması ‘online’ olarak projelendirilmiş kısa film serisinin yapım destek kampanyası!,40000,başarılı
fongogo,ödül,film-video-fotoğraf,ya hep ya hiç,Başıboş Bir Yolculuğun Filmi (Fîlma Rêwîtiyek Serberdayî),musab tekin,erkek,0,0,1,0,diyarbakır,güneydoğu,2019,12.03.2019,11.05.2019,60,var,63,1,0,1,0,17,4,3,yok,var,1,64,0,377,"Başıboş yaşamını dışarıdan bir gözle, yaşamsal bir bağ kurduğu kamerasıyla kaydeden B, çocukluk anılarından hareketle “Rewşen”e ulaşmak ister.",10000,başarılı
fongogo,ödül,müzik,hepsi kalsın,Arpistler İçin Türk Müziği Nota Yayını,Şirin Pancaroğlu,kadın,0,0,1,0,istanbul,marmara,2018,01.10.2018,30.12.2018,90,yok,0,6,0,0,0,3,7,2,var,var,3,1038,5,215,"Geleneksel ve günümüz Türk Müziği repertuvarının nota yayınının yapılarak yerel ve uluslararası arp icrasına açılmasını amaçlamaktadır.""",29900,başarısız
fongogo,ödül,teknoloji,ya hep ya hiç,Kitlesel Fonlama Derneği ÇALIŞTAY RAPORU,Kitlesel Fonlama Derneği,belirsiz,0,0,1,1,belirsiz,belirsiz,2017,,6.07.2017,60,yok,0,1,0,0,0,1,6,1,yok,yok,0,0,0,118,Kitlesel Fonlama Tasarısı İkincil Düzenlemelerine ilişkin sektörün görüş ve tavsiyelerini içeren ÇALIŞTAY RAPORUmuzun paylaşımı için desteklerinizi bekliyoruz.,1000,başarısız
fongogo,ödül,sağlık-güzellik,hepsi kalsın,Okan Yavuz Hair Studio - Kuaförünü Destekle,Okan  Yavuz,erkek,0,0,1,0,ankara,iç anadolu,2020,17.04.2020,1.05.2020,14,var,37,4,0,0,0,27,4,1,yok,var,1,22300,0,132,Tüm güzellik hizmeti veren işletmeler gibi zor günlerden geçtiğimiz bu dönemde bize CANSUYU olmak sizin elinizde!,10000,başarısız
fongogo,ödül,çevre,ya hep ya hiç,Lotus,Irem Kaval,kadın,0,0,1,0,denizli,ege,2014,10.12.2014,8.02.2015,60,yok,0,4,0,0,0,0,3,1,yok,yok,0,0,0,356,"Lotus, sokak hayvanları ve bahçelerimizde yaşayan 4 ayaklı dostlarımız için temiz ve serin su kaynağı olan %100 doğal bir tasarım ürünüdür.",10000,başarısız
fongogo,ödül,film-video-fotoğraf,ya hep ya hiç,'Derin' Kısa Film,Melodi Deniz Sayip,kadın,0,0,1,0,istanbul,marmara,2015,01.10.2015,10.11.2015,40,var,53,30,0,3,0,11,8,2,yok,yok,0,0,0,451,"‘Derin’, kendi dünyasında yaşayan ve pek de dış müdahalelere açık olmayan Sarp’ın, evinin dört duvarı içinde büyüttüğü tutkusuna cisim bulma hikayesidir.",12000,başarısız
fongogo,ödül,film-video-fotoğraf,ya hep ya hiç,Yolculuk / Vacation,Varyete Film,belirsiz,0,0,1,0,istanbul,marmara,2016,19.04.2016,30.05.2016,41,var,98,5,0,3,0,67,7,3,var,var,2,229,0,500,40 yıllık evli olan Algüç çifti televizyon programından tam pansiyon çift kişilik kaplıca tatili kazanırlar ve yolculuk başlar.,5000,başarılı
fongogo,ödül,kültür-sanat,ya hep ya hiç,El Ele Karadeniz'e,Furkan Can,erkek,0,0,1,0,ısparta,akdeniz,2016,08.02.2016,8.04.2016,60,var,1651,8,0,1,0,0,4,1,var,var,1,38,0,281,Karadeniz bizimle yaşanır.mavi ve yeşili bizimle keşfedin.,4000,başarısız
fongogo,ödül,film-video-fotoğraf,ya hep ya hiç,BAŞKASI,Oğuzhan Boz,erkek,0,0,2,0,izmir,ege,2018,02.04.2018,1.06.2018,60,var,62,2,0,0,0,0,7,2,yok,yok,0,0,0,505,"Musa,tiyatro için tıp fakültesini bırakır.Köye,ailesinin yanına dönmek zorunda kalır.Baskılara rağmen, köyde ki gençlerle bir tiyatro oyunu hazırlamaya çalışır.",20000,başarısız
fongogo,ödül,film-video-fotoğraf,ya hep ya hiç,Günlerin Ardından,Ferit Karol,erkek,2,0,1,0,istanbul,marmara,2018,03.06.2018,18.07.2018,45,var,136,1,0,0,0,55,8,1,yok,var,2,146,0,673,Bizi biz yapan insanlarla artık paylaşacak bir şeyimiz kalmadığında ne hissederiz?,12500,başarılı
fongogo,ödül,film-video-fotoğraf,ya hep ya hiç,Esinti Kısa Film,Yiğit Ege Yazar,erkek,0,0,1,0,sakarya,marmara,2019,10.07.2019,14.08.2019,35,yok,0,7,0,1,0,16,9,2,yok,yok,0,0,5,201,"Zamansız bir zaman. Sakarya'nın bolca esen küçük bir köyünde, Kendi kendine yeten büyük ama eski bir anadolu evinde yaşayan Mehmet, eşi ve dört kızının hikayesi",5500,başarılı
crowdfon,ödül,tasarım,ya hep ya hiç,Ktü - International Waterbike Ragetta Projesi,Ahmet Can,erkek,0,0,1,0,belirsiz,belirsiz,2015,,,60,yok,0,1,0,0,0,5,4,1,yok,yok,0,0,0,115,Yarışmanın resmi sitesi: http://www.iwr2016.at/Welcome.html Bu yarışmada tasarımını ve imalatını kendi yaptı?,5000,başarısız
fongogo,ödül,film-video-fotoğraf,ya hep ya hiç,Şiddet İçerikli Hayat Muhasebesi,Mehmet Ozan Aydeğer,erkek,1,0,1,0,istanbul,marmara,2017,31.05.2017,10.06.2017,10,yok,0,4,0,0,0,1,6,1,yok,var,2,650,5,203,Birbirinden oldukça farklı iki dostun yolları Beşiktaş ve rap müzik ile kesişiyor ve biz de bunu bir kısa metraj olarak filmleştirdik.,1700,başarısız
crowdfon,ödül,teknoloji,ya hep ya hiç,Konuşan Hesap Makinesi,Samet Yuşa,erkek,0,0,1,0,belirsiz,belirsiz,2016,,,60,yok,0,1,0,0,0,0,4,1,yok,yok,0,0,0,115,"İşlemleri konuşmanızdan anlayan size Türkçe yanıt veren hesap makinesi uygulaması

Dora adını verdiğimiz uygu",50000,başarısız
fongogo,ödül,çevre,ya hep ya hiç,TOHUM İÇİN ÇAL,Muhammet AK,erkek,0,0,1,0,izmir,ege,2019,22.10.2019,2.12.2019,41,yok,73,0,0,0,0,1,6,2,yok,yok,0,0,5,720,"Günümüz çocuklarına ve gençlerine, tohumun geliştirilmesi ve korunarak gelecek nesillere aktarılmasının önemini anlatmak.",7500,başarısız
fongogo,ödül,diğer,ya hep ya hiç,Acayip Bir Dijital Medya Ajansı Kuruyoruz!,Cansu Arslan,kadın,0,0,1,0,eskişehir,iç anadolu,2019,11.02.2019,28.03.2019,45,yok,0,1,0,0,0,37,9,6,yok,yok,0,0,10,490,Üniversite kantininde başladıkları serüveni daha profesyonel bir hale getirmek isteyen dijital bir oluşumuz.,5000,başarılı
crowdfon,ödül,film-video-fotoğraf,ya hep ya hiç,Sanat Fabrikası,Erdi Yaygun,erkek,0,0,1,0,belirsiz,belirsiz,2017,,,60,yok,0,1,0,0,0,0,4,1,yok,yok,0,0,0,115,"İçerisinde reklam,prodüksiyon,dizi film yapım,kurmaca yazı grubu,casting, post prodüksiyon,tiyatro evinin olacağ?",50000,başarısız
fongogo,ödül,kültür-sanat,ya hep ya hiç,BİR KENT ROMANI,Selen Esmergil,kadın,0,0,1,0,istanbul,marmara,2017,11.04.2017,11.05.2017,30,var,112,2,0,0,0,0,3,1,yok,yok,0,0,5,310,7-13 yaş arasındaki Roman çocuklar ile birlikte yaşadıkları şehrin tarih ve kültürünü keşfetmek; açılan atölyeler ile sosyal gelişimlerine katkıda bulunmak.,5000,başarısız
fongogo,ödül,film-video-fotoğraf,ya hep ya hiç,"""ABİS"" - Kısa Metrajlı Film Projesi",Zafer Geyikçi,erkek,0,0,1,0,kayseri,iç anadolu,2020,04.02.2020,5.03.2020,30,yok,0,1,0,0,0,2,7,2,yok,yok,0,0,0,618,"Aynı dili konuştuğumuz, aynı kaygıları güttüğümüz kişilerle, Sinema aracılığıyla buluşmak.",7500,başarısız
fongogo,ödül,diğer,ya hep ya hiç,Death of Wish,Alperen Kuruoğlu,erkek,0,0,1,0,bursa,marmara,2019,23.07.2019,21.09.2019,60,var,33,2,0,0,0,0,5,1,yok,yok,0,0,0,114,Tamamen tek başıma yapmaya başladığım Visual Novel bir oyun.,1000,başarısız
fongogo,ödül,eğitim,ya hep ya hiç,Sainte Pulcherie Fransız Lisesi SPARC 5665 robotik ile FRC FIRST yarışması,Yusuf Ertac,erkek,1,0,1,0,istanbul,marmara,2018,27.02.2018,8.04.2018,40,var,120,9,0,0,0,8,7,4,var,var,2,123,5,1317,5665 kodlu robotumuzun ile off-season Ülker Arena'da ilk yarışmaya katıldık. New York'daki FRC robotics yarışmasına 25 kişilik ekibimiz ile katılacağız.,25000,başarısız
fongogo,ödül,teknoloji,ya hep ya hiç,TARMOT - Türkiye'nin Arama Motoru,Kamil Tellioglu,erkek,0,0,1,0,istanbul,marmara,2018,26.03.2018,25.05.2018,60,var,49,2,0,0,0,1,5,1,var,var,1,109,5,281,Milli bir arama motoru projesidir. Bigdata ve yapay zeka tabanlı büyük veri girişimidir.,25000,başarısız
fongogo,ödül,dans-performans,ya hep ya hiç,"Afrikalı yetim çocuklar, Masakakidsafricana'yı İstanbul'a getiriyorum!!!",osman muzaffer afyon,erkek,0,0,1,0,ankara,iç anadolu,2019,17.10.2019,16.12.2019,60,var,65,8,0,0,0,2,6,2,var,yok,0,0,5,463,"Öksüz ve yetim çocuklardan oluşan, yetenekli, dünya tatlısı afrikalı çocuklardan oluşan dans grubu MasakakidsAfricana'yı Türkiye'ye tanıtmak",75000,başarısız
fongogo,ödül,teknoloji,ya hep ya hiç,MenaPay,Tolga Odoglu,erkek,0,0,1,0,bursa,marmara,2019,26.04.2019,15.05.2019,19,var,97,3,0,0,0,0,3,1,var,var,4,6734,0,140,"MenaPay, 1 Milyar USD pazar değerine ulaşarak dünyanın en büyük banka bağımsız, blockchain tabanlı mobil ödeme yöntemi olmayı hedefliyor.",100000,başarısız
fongogo,ödül,teknoloji,hepsi kalsın,Birlikte Bir İlke,Yga'lı Genç Liderler,belirsiz,0,0,1,0,istanbul,marmara,2015,11.08.2015,31.08.2015,20,yok,0,6,0,1,0,1,6,1,var,var,2,99,0,272,"Dünyada ilk defa güneş enerjisi ile termal batarya teknolojisini birleştiren bir sistem süt toplama merkezlerinde kuruluyor! ""Birlikte Bir İlke"" sen de imza at!",20000,başarısız
fongogo,ödül,film-video-fotoğraf,ya hep ya hiç,Kalıplarda Yaşamak,Musa Bölükbaşı,erkek,0,0,1,0,istanbul,marmara,2020,11.11.2020,9.01.2021,59,var,79,0,3,0,0,3,5,2,yok,var,2,31,0,453,"Ucuz filmlerde figüranlık yapan, mutsuz bir evlilikleri olmasına rağmen toplum baskısı yüzünden boşanamayan bir çift, böyle bir ailede çocuk sahibi olmayı dener",15000,başarısız
fongogo,ödül,diğer,ya hep ya hiç,Mektubunuz Var,Cuma Uluk,erkek,0,0,1,0,sivas,iç anadolu,2015,22.07.2015,21.08.2015,30,yok,0,0,0,0,0,0,7,1,yok,yok,0,0,0,330,Lösemi ve Kanser için ''bilinçlendirme ve farkındalık'' kampanyası,4000,başarısız
fongogo,ödül,kültür-sanat,ya hep ya hiç,Şiirlerime Gebe Kadın,Erencan Algun,erkek,0,0,1,0,istanbul,marmara,2018,30.11.2018,29.01.2019,60,var,158,3,0,0,0,1,7,1,yok,yok,0,0,3,553,"Bir genç kızın kanserle olan mücadelesini anlatan kitap, içerisinde, toplumun bu tip olaylara bakış açısını değiştirebilecek hikayeler barındırmaktadır.",5000,başarısız
fongogo,ödül,sağlık-güzellik,hepsi kalsın,ZEN ROYA GÜZELLİK - GÜZELLİK SALONUNU DESTEKLE,Arina Guderzi,kadın,0,0,1,0,istanbul,marmara,2020,24.04.2020,24.05.2020,30,var,49,2,0,0,0,0,3,1,var,var,1,9862,0,127,Tüm güzellik hizmeti veren işletmeler gibi zor günlerden geçtiğimiz bu dönemde bize CANSUYU olmak sizin elinizde!,10000,başarısız
crowdfon,ödül,çevre,ya hep ya hiç,Hedefimiz Doğaya İnsan Dikmek,Kemal Gök,erkek,0,0,1,0,belirsiz,belirsiz,2019,,,60,yok,0,1,0,0,0,6,4,1,yok,yok,0,0,0,115,"Gerek turizm gerek yeşili koruma adına otostop yolculuğuna çıkacağız. Bu yolculukta, memleketimden insan manzaral",50000,başarısız
fonbulucu,ödül,diğer,ya hep ya hiç,Aero Tales Online: The World - Mobile/PC MMORPG,Anisage Games,belirsiz,0,0,1,0,genel,genel,2019,,,60,var,102,8,0,0,1,0,5,1,yok,var,1,614,0,494,Rol yapma oyunlarından ve çizgi filmsi grafikli oyunlardan hoşlanan küçük orta büyük her yaş kitleye hitap eden ve gizemli içerikleriyle herkesi hayrete düşürmeyi amaçlayan çevrimiçi çok oyunculu bir oyun.,5000,başarısız
fongogo,ödül,film-video-fotoğraf,ya hep ya hiç,''Kelimelerin İnanılmaz Gücü'' KISA FİLM PROJESİ,Şükrü Can Konaklı,erkek,0,0,1,0,kocaeli,marmara,2019,30.10.2019,29.12.2019,60,var,159,1,0,0,0,0,5,1,yok,yok,0,0,5,474,Bir adam başka bir adama bir kelime söyler söylediği o adam yumruğunu sıkar ve bir yumruk atar. Şimdi bu kelimenin gücü değil'mi ?,10000,başarısız
fonbulucu,ödül,teknoloji,ya hep ya hiç,Twitch Yayıncılığı için destek istiyorum.,Gizem Er,kadın,0,0,1,0,genel,genel,2018,,,60,yok,0,3,0,0,1,1,7,1,yok,yok,0,0,0,284,"Kadınlara ""Erkek İşi"" olarak dayatılan işi yapmak istiyorum.",8000,başarısız
fongogo,ödül,eğitim,ya hep ya hiç,İsviçre'de Klinik Psikoloji Yüksek Lisans Programı Eğitimine Destek Olalım!,Elif Özen,kadın,0,0,1,0,kayseri,iç anadolu,2019,11.12.2019,1.02.2020,52,var,145,4,0,0,0,7,7,1,yok,var,4,310,0,706,"Kadına, bilime, eğitime ve geleceğe olan desteklerinizi bekliyorum.",65000,başarısız
fongogo,ödül,film-video-fotoğraf,ya hep ya hiç,Da Capo,İpek Efe,kadın,7,0,1,0,sakarya,marmara,2018,11.04.2018,10.06.2018,60,var,62,4,0,1,0,39,9,4,yok,var,3,347,0,911,"Zeynep kaybettiği bir şeyi aramak için çocukluğunun geçtiği eve gider. Orada bir kız çocuğu ile karşılaşır...""",12500,başarılı
fongogo,ödül,film-video-fotoğraf,ya hep ya hiç,Bir Yangının Küllerinden!,Sezgin Türk,erkek,0,0,1,0,düzce,karadeniz,2020,11.03.2020,9.05.2020,59,var,79,9,0,2,0,77,9,4,yok,var,2,1201,0,1139,"Yeniden doğuş hikayesi!

Şimşirlik doğada bir yaşam yeridir. Şimşirlik’teki yaşam binası 5 Mart 2018’de yanar. Şimşirlik’i yaşayan insanlar ona sahip çıkar.",15000,başarılı
fonbulucu,ödül,teknoloji,ya hep ya hiç,Bidaabak,Seçkin Can Çelenk,erkek,0,0,1,0,ankara,iç anadolu,2018,,,60,yok,0,2,0,0,0,6,4,1,yok,var,2,477,0,497,"Yeni, genç nesil özgün paylaşım platformu",8500,başarısız
fonbulucu,ödül,teknoloji,ya hep ya hiç,HAYAT BAĞI (HB),Rüzgar Üren,erkek,0,0,1,0,genel,genel,2019,,,60,yok,0,1,0,0,0,1,5,1,yok,yok,0,0,0,122,Acil durumda ki hastaya yardımcı olabilecek en yakın kişiyi bulunabilir.,10000,başarısız
fongogo,ödül,müzik,ya hep ya hiç,Bestelerimi herkese ulaştırabilmem için destek olur musun ^^,EGE GÜNAY,erkek,0,0,1,0,istanbul,marmara,2019,08.07.2019,22.08.2019,45,var,83,4,0,0,0,12,9,1,yok,var,3,1781,5,241,"Grup kariyerimden soloya geçiş yapıyorum, ilk teklim (single'ım) için desteklerinizi bekliyorum ...",16000,başarısız
fongogo,ödül,film-video-fotoğraf,ya hep ya hiç,Günaydın,Engin Ökmen,erkek,0,0,1,0,izmir,ege,2019,26.04.2019,11.05.2019,15,yok,0,2,0,0,0,2,9,1,yok,yok,0,0,5,257,Toplumun birbiriyle olan zayıf iletişiminin getirdiği ruhsal bunalımın sonucunda intihar eden Selçuğun intihar eylemi kendi dışındaki bütün insanları öldürür...,3000,başarısız
fonbulucu,ödül,çevre,ya hep ya hiç,Doğal Cilt Bakımı,Vildan Habibe Şen,kadın,1,0,2,0,denizli,ege,2020,,,60,yok,0,1,0,0,0,0,4,1,yok,yok,0,0,0,128,"Doğal, ev yapımı ve doğaya zarar vermeyen ürünlerle cilt bakımı yapmak mümkün!",20000,başarısız
fongogo,ödül,kültür-sanat,ya hep ya hiç,Şahsiyet Dergisi: Kadın Özel Sayısı,Şahsiyet Dergisi,belirsiz,0,0,1,0,edirne,marmara,2020,18.08.2020,17.10.2020,60,var,175,2,0,0,0,13,8,2,yok,var,2,3134,4,744,"Son günlerde arsa çıkan  erkek şiddetine karşı ""Şahsiyet:Kadın"" özel sayısıyla dur demek istiyoruz. Ses olmak için desteğinize ihtiyacımız var.",3000,başarısız
fongogo,ödül,film-video-fotoğraf,ya hep ya hiç,ADALET ORMANI ( AYNA) DİZİ PROJESİ,Cihan  Turnagöl,erkek,0,0,1,0,edirne,marmara,2020,09.10.2020,8.12.2020,60,var,179,1,1,0,0,2,4,1,yok,yok,0,0,0,558,"Toplumsal farkındalık yaratacak dizimizde, kadın hakları ve şiddetsiz iletişim ve adaletsizlikler ile mücadele eden hukuk savaşçılarını izleyeceksiniz",50000,başarısız
fongogo,ödül,diğer,ya hep ya hiç,Kış soğuğunda üşümesinler dışarıda,Yeşim Özbirinci,kadın,0,0,1,1,belirsiz,belirsiz,2015,,1.02.2017,60,yok,0,2,0,0,0,14,6,3,yok,yok,0,0,0,254,"14 Ocakta Kazdağında büyük bir sel afeti yaşandı, Yüzlerce hayvan telef oldu. Köpek barınağı sel suları altında kaldı. Kalan Köpeklerin desteğinize ihtiyacı var",5000,başarısız
crowdfon,ödül,film-video-fotoğraf,ya hep ya hiç,Bağımlılık Kısa Film,Ahmet Safa,erkek,0,0,1,0,belirsiz,belirsiz,2021,,,60,var,60,1,0,0,0,1,3,1,yok,yok,0,0,0,91,Gerekli ekipmanlara sahip olduğumuz zaman Sinema ile ilgili öğrenci kulübü oluşturarak ilgili öğrencilerle sinem,25000,başarısız
fongogo,ödül,film-video-fotoğraf,ya hep ya hiç,KADİM BÜYÜ /KORKU FİLMİ PROJESİ,Sezer Vatansever,erkek,0,0,1,0,bursa,marmara,2019,19.08.2019,18.09.2019,30,yok,0,3,0,0,0,0,5,1,yok,yok,0,0,0,258,"Define İçin Gittikleri'yerde Muskalanmış Ve Büyülenmiş Lanetli Küp Başlarına büyük dertler Açar Büyülerin En Kötüsü  Olan Kadim büyü Gençleri Felaket'e Sürükler""",4500,başarısız
fongogo,ödül,teknoloji,ya hep ya hiç,Fikirkod,Erhan Sakarya,erkek,0,0,1,0,istanbul,marmara,2015,09.01.2015,10.03.2015,60,yok,0,9,0,0,0,0,6,1,var,var,1,54,0,342,"TARGEK bünyesinde, elektronik, yazılım ve robotik alanlarında projeler geliştirme ve Fikirkod.com üzerinden bu projelerin açık bir şekilde paylaşılması.",3000,başarısız
fonbulucu,ödül,teknoloji,ya hep ya hiç,Moman,Doğukan Tarhan,erkek,0,0,1,0,genel,genel,2020,,,60,var,20,3,0,0,0,0,4,1,yok,yok,0,0,0,261,Modadan daha fazlası,500,başarısız
fongogo,ödül,eğitim,ya hep ya hiç,OXFORD İçin Desteğinize İhtiyacım Var!,Okan Yaman,erkek,0,0,1,0,izmir,ege,2019,03.07.2019,1.09.2019,60,yok,0,7,0,1,0,23,9,1,yok,yok,0,0,5,1103,Oxford Üni. Bilg. Bilimleri bölümünde akademik araştırma yapmak için kabul edildim ve bunu gerçekleştirebilmem için desteğinizi rica ediyorum.,30000,başarısız
fongogo,ödül,eğitim,ya hep ya hiç,HAYALİM OLAN PİLOTLUK EĞİTİMİME DESTEK İSTİYORUM.,Kader Çalışkan,kadın,0,0,1,0,istanbul,marmara,2019,28.03.2019,27.04.2019,30,var,56,2,0,0,0,8,8,1,yok,var,2,136,3,187,"Tek hayalim olan PİLOTAJ'lık eğitiminim için hepinizin desteğine ihtiyacım var.""""",5000,başarılı
fongogo,ödül,film-video-fotoğraf,ya hep ya hiç,D.P,Gamze Yaş,kadın,0,0,1,0,istanbul,marmara,2019,08.07.2019,6.09.2019,60,yok,0,7,0,0,0,0,7,1,yok,yok,0,0,0,230,Hepimizin yaşamını öyle ya da böyle etkileyen travmatik anılarımız vardır. Ya bu travma yaratan anıları yok etmek mümkün olsaydı ? D.P tam da bunun hikayesi .,8000,başarısız
buluşum,ödül,film-video-fotoğraf,ya hep ya hiç,Sürdürülebilir Yaşam Film Festivali (SYFF) 2016 Tanıtımı,Pınar Öncel,kadın,0,0,1,0,belirsiz,belirsiz,2017,,,60,yok,0,1,0,0,0,18,1,1,yok,yok,0,0,0,211,Sürdürülebilir Yaşam Film Festivali’ nin daha çok kişiye ulaşmasına destek ol!,18290,başarılı
fongogo,ödül,yayıncılık,ya hep ya hiç,Kara Poşet Podcast programını devam ettirmek için desteğe ihtiyacımız var?,Kara  Poşet,belirsiz,0,0,1,0,istanbul,marmara,2020,25.06.2020,24.08.2020,60,var,46,1,0,0,0,0,6,1,yok,var,2,99,3,290,Yeni başladığımız bu podcast serisine daha iyi bir altyapıyla devam etmek istiyoruz. Düşündüğümüz kadar insanız ve konuşabildiğimiz kadar sosyaliz.,3000,başarısız
fongogo,ödül,spor,ya hep ya hiç,İspanya Dünya Vücut Geliştirme Şampiyonası,Can Alpaslan Pala,erkek,0,0,1,0,istanbul,marmara,2018,13.11.2018,20.11.2018,7,var,97,4,0,0,0,0,5,1,yok,yok,0,0,5,69,"Suadiye Lisesinde 20 yıldır beden eğitimi öğretmeniyim, fitness ve vücut geliştirmeyle profesyonel olarak ilgileniyorum, Yurt dışında Master Atletik Fizik dalın",4000,başarısız
fongogo,ödül,kültür-sanat,ya hep ya hiç,"“Escher Chronicles"" Tesadüflerin Tekrarı",Şevket Akinci,erkek,0,0,1,0,istanbul,marmara,2015,09.07.2015,7.09.2015,60,var,290,10,0,0,0,89,7,2,yok,var,2,4981,0,1113,"""Escher Chronicles""- Tesadüflerin Tekrarı, Şevket Akıncı'nın M.C Escher’in resim, gravür ve yontmalarından esinlenerek ortaya çıkardığı bir kompozisyondur.",13000,başarılı
fongogo,ödül,spor,ya hep ya hiç,EDHEC SAILING CUP,Berkay  Bahtiyar,erkek,0,0,1,0,istanbul,marmara,2020,21.01.2020,21.03.2020,60,var,103,0,0,0,0,2,9,1,yok,var,1,1379,5,218,Avrupa'nın önde gelen öğrenci spor etkinliği ve dünyanın en büyük üniversiteler arası denizaşırı yarışı olan EDHEC Sailing Cup'ta boy göstermek istiyoruz.,40000,başarısız
fongogo,ödül,film-video-fotoğraf,ya hep ya hiç,Her Şey Olması Gerektiği Gibi,Emine Izmir,kadın,0,0,2,0,istanbul,marmara,2019,30.01.2019,22.02.2019,23,var,81,0,0,0,0,19,8,2,yok,yok,0,0,0,335,"Bu hikayeyi, bir film haline getirebilmek için bütçemizin eksiğini tamamlamak istiyoruz. Bunun için desteğe, destek için de size ihtiyacımız var.""",8000,başarılı
fonbulucu,ödül,hayvanlar,ya hep ya hiç,Woofy,Murat İlhan,erkek,0,0,1,0,izmir,ege,2019,,,60,var,16,4,0,0,0,1,4,2,var,var,2,42,0,241,Sevimli dostunuza eş bulmanın en kolay yolu.,5000,başarısız
fongogo,ödül,film-video-fotoğraf,ya hep ya hiç,FUU Günlükleri,Hakan ABDİ,erkek,1,0,1,0,istanbul,marmara,2019,04.02.2019,5.04.2019,60,var,524,9,0,0,0,21,5,2,yok,var,1,19,5,1107,"Şiddeti ortadan kaldırmaya giden bir yolda, şiddetin kaynağına dönüşen, oldukça sıradan, coğrafyasız genç bir kadının öyküsü.""",10000,başarılı
fongogo,ödül,kültür-sanat,hepsi kalsın,"ÇEYREK ASRI AŞKIN KOZA TİYATROSU  KAPANMASIN, DESTEĞİNİZE İHTİYACIMIZ VAR",KADİR  GÜLTEKİN,erkek,0,0,1,0,istanbul,marmara,2020,07.12.2020,6.01.2021,30,var,135,1,1,0,0,0,6,1,var,yok,0,0,5,187,"COVİD-19 salgını nedeni ile perdesini 2020 Mart ayından bugüne açamayan tiyatromuz personel,kira,vergi ve sabit giderlerini ödeyememekte kapanma durumundadır.",150000,başarısız
fongogo,ödül,kültür-sanat,ya hep ya hiç,Suat Başkır'dan Mekanik Kitap,Suat Başkır,erkek,0,0,1,0,istanbul,marmara,2014,26.11.2014,25.01.2015,60,var,182,4,0,0,0,22,7,1,var,yok,0,0,0,322,"""Mekanik Kitap""ın İkinci Adam Yayınları'ndan yayınlanabilmesi için gerekli olan maddi kaynak konusunda desteklerinizi rica ediyorum.",1500,başarılı
fongogo,ödül,film-video-fotoğraf,ya hep ya hiç,Geride Kalanlar - Fatma Nene,Adem Akyol,erkek,0,0,1,0,afyon,ege,2015,11.12.2015,10.01.2016,30,yok,0,5,0,0,0,1,8,1,yok,yok,0,0,0,346,Anne karnındayken babası Çanakkale'ye giden Fatma Nene'nin hikayesini kurmaca belgesel şeklinde kısa film yapmak istiyorum.,10000,başarısız
fonbulucu,ödül,eğitim,ya hep ya hiç,Eğitim için Çocuklar İçin Bağışla,Muhammet Bora,erkek,0,0,1,0,diyarbakır,güneydoğu,2019,,,60,yok,0,1,0,0,0,1,5,1,yok,yok,0,0,0,174,Destekle Değiştir,23000,başarısız
fongogo,ödül,kültür-sanat,hepsi kalsın,BOVA Dayanışma Projesi,Ahmet Baver Aydemir,erkek,1,0,1,0,istanbul,marmara,2020,03.06.2020,2.08.2020,60,var,313,5,0,0,0,155,4,3,yok,var,3,8058,0,99,"Özlem giderebileceğimiz günlerin yakında olduğunu umut ederek, sizlere dayanışma çağrısı yapmak istiyoruz. BOVA yeniden açıldığında kullanmak üzere şimdiden....",40000,başarısız
crowdfon,ödül,diğer,ya hep ya hiç,Halı Saha,Öner Başel,erkek,0,0,1,0,belirsiz,belirsiz,2016,,,60,yok,0,1,0,0,0,0,4,1,yok,yok,0,0,0,115,Yalova/çınarcık ilcesinde halı saha eksigimiz vardir. Gencligin buyuk bir eksigi olan bu projem mutlaka faliyete gec,50000,başarısız
fongogo,ödül,müzik,ya hep ya hiç,Meluses'in İkinci Albümüne Destek Ol,Koray Çelik,erkek,0,0,1,1,belirsiz,belirsiz,2016,,24.10.2016,60,yok,0,1,0,0,0,2,6,1,yok,yok,0,0,0,120,Meluses olarak ilk albümümüz olan ''ghadulik''i yayınlamamızın ardından bir yıl geçti. Şimdi sizden 4  şarkılık bir EP çıkarmak için yeniden destek istiyoruz,15000,başarısız
fongogo,ödül,müzik,ya hep ya hiç,Şarkı Yapmak İstiyorum,Muratcan Şeref,erkek,0,0,1,0,istanbul,marmara,2020,11.02.2020,11.04.2020,60,yok,0,6,0,0,0,0,9,1,yok,var,1,15,3,215,Merhaba ben Muratcan Şeref. 7 yıldır saz çalıyorum ve hâlâ eğitim alıyorum. Ve kendimi geliştirmek adına bir beste yapmak istiyorum.,50000,başarısız
fonbulucu,ödül,teknoloji,ya hep ya hiç,ADIM ADIM MARS'A!,İdris Albayrak,erkek,1,0,1,0,istanbul,marmara,2020,,,60,var,118,9,0,0,0,6,6,1,yok,var,1,8900,0,161,Yuri Gagarin'in uzaya çıktığı kapsülün yapıldığı Üniversite olan Samara Üniversitesi'nden kabul aldım. Uzay Mühendisliği eğitimi almam için maddi desteğe ihtiyacım var.,30000,başarısız
crowdfon,ödül,müzik,ya hep ya hiç,Selfie Microphone,Selfie Microphone,belirsiz,0,0,1,0,belirsiz,belirsiz,2019,,,60,yok,0,1,0,0,0,0,4,1,yok,yok,0,0,0,115,"Selfie Microphone ile istediğin gibi şarkını söyle, istersen röportaj bile yapabilirsin.",50000,başarısız
fongogo,ödül,teknoloji,ya hep ya hiç,Imperial Online,Ömer Alakuş,erkek,0,0,1,0,istanbul,marmara,2020,31.08.2020,30.09.2020,30,var,65,11,0,0,0,0,4,2,yok,yok,0,0,5,262,"Geliştiriyor olduğumuz oyun,  sandbox alt yapısına sahip bir PC tabanlı Massively Multiplayer Online Role Playing Game (MMORPG ) ' dir.",500000,başarısız
fongogo,ödül,eğitim,ya hep ya hiç,Gülriz Sururi Yeniden - Puduhepa ve Kız Kardeşleri,Renan Tan Tavukcuoglu,kadın,4,0,3,0,istanbul,marmara,2020,29.10.2020,28.11.2020,30,var,307,3,3,3,0,179,8,1,var,var,3,9168,5,905,"Gülriz Sururi, hayatı boyunca sanat ve kız çocuklarının eğitimi için çalıştı. Şimdi, Puduhepa'nın ikinci kız kardeşi olarak ilham vermek için yeniden aramızda!",50000,başarılı
fonbulucu,ödül,çevre,ya hep ya hiç,Blok-Z,Erhan Yıldırım,erkek,0,0,1,0,genel,genel,2018,,,60,var,45,12,0,0,0,4,5,1,var,var,4,523,0,300,Elektrik üreticilerinin ürettikleri elektriği başkalarına satabildiği dağıtık veritabanı mimarisine sahip platform.,25000,başarılı
fongogo,ödül,eğitim,ya hep ya hiç,"İtalyan Et Sihirbazı ""Chef Dario Cecchini"" yanında Şeflik Eğitimi",ahmet kater,erkek,0,0,1,0,istanbul,marmara,2017,14.02.2017,15.04.2017,60,var,123,15,0,0,0,1,7,1,var,var,1,500,2,593,İtalya Flornsa'ya 50 Km mesafede bulunan Panzano köyünde bulunan Dünyanın en iyi 500 şefi en iyi 3 etçisi arasında gösterilen Şef Dario Cecchini yanında eğitim,16000,başarısız
fonbulucu,ödül,teknoloji,ya hep ya hiç,Hemen pasta,Hasan Dere,erkek,0,0,1,0,istanbul,marmara,2018,,,60,var,65,8,0,0,0,0,7,1,yok,var,2,2,0,194,Ürün veya hizmet nedir ve katkısı nelerdir:  Hemenpasta.com İnsanların online pasta siparişi verebildiği ve pastanelerin bu siparişleri teslim ettiği bir internet girişimidir,30000,başarısız
fongogo,ödül,teknoloji,ya hep ya hiç,Sanal Bebek Sütlü Badi,Kübra Yücel,kadın,0,0,1,0,konya,iç anadolu,2014,24.01.2014,23.02.2014,30,yok,0,4,0,0,0,1,7,1,var,var,2,686,0,369,Sanal Bebek Sütlü Badi - iPhone iPad ve Android cihazlar için mobil sanal bebek oyunu.,12500,başarısız
ideanest,bağış,eğitim,hepsi kalsın,Koruncuk Vakfı - Maker Atölyesi,Ayşe Güveniş,kadın,0,0,1,0,istanbul,marmara,2018,,,60,var,117,0,0,0,1,0,0,1,yok,yok,0,0,0,474,"Çocuklar için attığımız her adım, aslında geleceğimiz adına atılan bir adımdır.",53500,başarısız
fongogo,ödül,film-video-fotoğraf,ya hep ya hiç,ŞEHİR VE SERÇE SİNEMA FİLMİ,pro pro,belirsiz,0,0,1,0,istanbul,marmara,2018,13.04.2018,12.06.2018,60,yok,0,1,0,0,0,5,9,1,var,var,1,3372,4,0,"""""",54000,başarısız
fongogo,ödül,teknoloji,ya hep ya hiç,COOLAB Cold Dripper Kahve Makinesi | Soğuk Demleme,Mehmet Eren Kılıç,erkek,0,0,1,0,ankara,iç anadolu,2020,20.01.2020,20.03.2020,60,var,26,3,0,0,0,1,5,1,yok,yok,0,0,0,295,Soğuk Demleme Kahve ile klasik yöntemlerle yapılan kahvenin acı tadı yerine kahvenin gerçek tadına varabilirsiniz.,15000,başarısız
fongogo,ödül,eğitim,ya hep ya hiç,Bir Umut Olalım,Pınar Çelik,kadın,0,0,1,0,istanbul,marmara,2019,18.02.2019,16.03.2019,26,var,111,8,0,1,0,77,7,2,var,var,3,1300,5,287,"Bir Umut Olalım, tamamen gönüllülerin destekleri ile gerçekleştirilen çocuklara yönelik bir sosyal sorumluluk projesidir.",14000,başarılı
fongogo,ödül,diğer,ya hep ya hiç,Marka Kadınlar,Yeşim Kaya,kadın,0,0,1,0,ankara,iç anadolu,2020,24.09.2020,23.11.2020,60,yok,0,21,0,0,0,3,9,2,var,var,2,622,5,904,"Marka Kadınlar, yaratıcı kadınların birbirlerine de destek olmasını da hedefleyen ve yaratımlarını dünyaya tanıtmak amacıyla kurulmuş tek kadın network'udur.",32000,başarısız
fongogo,ödül,kültür-sanat,hepsi kalsın,Kadıköy Theatron Destek Kampanyası,Sezen Keser,erkek,0,0,1,0,istanbul,marmara,2020,20.11.2020,21.12.2020,31,var,113,0,1,0,0,135,9,1,var,var,3,13600,2,203,"Desteğiniz, pandemi sürecinde ödeyemediğimiz kiralar, vergiler, çalışan ödenekleri ve sabit gider gibi masraflar için kullanılacaktır.",200000,başarısız
fongogo,ödül,teknoloji,ya hep ya hiç,THKÜ ARKAN ROKET TAKIMI BARLAS PROJESİ,Deniz Bostanov,erkek,0,0,1,0,ankara,iç anadolu,2018,24.05.2018,15.06.2018,22,yok,0,1,0,0,0,4,7,4,var,var,1,17,5,322,"Arkan Roket Takımı; basınç, yu?kseklik, sıcaklık ve göru?ntu? aktarımı yapacak 4 kg’lık ku?p uydu faydalı yu?ku?nu? 10000 ft irtifaya gönderecek roket tasarladı",5000,başarısız
crowdfon,ödül,teknoloji,ya hep ya hiç,Vr Deneyimi,Emre Can Şimşek,erkek,0,0,1,0,belirsiz,belirsiz,2020,,,60,yok,0,1,0,0,0,2,1,1,yok,yok,0,0,0,52,Başlat ready player one filmindeki sanal gerçekliği dünyamızla buluşturan cihazı ucuz bir maliyetle üretmek amac,5000,başarısız
fongogo,ödül,spor,ya hep ya hiç,AdventuRed Socks _ Bisiklet ile 18 Ülke 30.000 Km,Belve Fırat,erkek,0,0,1,0,istanbul,marmara,2017,16.10.2017,15.11.2017,30,var,103,4,0,0,0,46,4,1,var,var,2,1830,5,348,"Orta ve Güney Amerika’daki 18 ülkeyi, 30.000 km’lik bir mesafeyi bisikletle kat edip, içinde bolca macera olan unutulmaz bir deneyim beni bekliyor.",6000,başarılı
fongogo,ödül,eğitim,ya hep ya hiç,Technology Knowledge Society Conference,Cansu  Kandara,kadın,0,0,1,0,istanbul,marmara,2020,27.07.2020,25.09.2020,60,var,70,4,0,1,0,6,5,1,yok,var,1,179,0,99,Konferans katılım ücretimi ödeyebilmek.,4000,başarılı
fongogo,ödül,film-video-fotoğraf,ya hep ya hiç,AIDA,ONUR KÖK,erkek,0,0,1,0,istanbul,marmara,2019,27.02.2019,28.04.2019,60,yok,0,1,0,0,0,2,6,3,yok,var,2,162,5,1499,Bosna Savaşın'da kocasını kaybetmiş olan AIDA'nın 20 yıl sonra tekrardan doğduğu topraklara geri göç etmesi ve savaşta vefat eden kocası ile vedalaşması .,30000,başarısız
crowdfon,ödül,teknoloji,ya hep ya hiç,Laptopa İstenilen Ekran Kartını Takmak,Oğuzhan Karaca,erkek,0,0,1,0,belirsiz,belirsiz,2018,,,60,yok,0,1,0,0,0,0,4,1,yok,yok,0,0,0,115,Teknoloji oldukça gelişmekte ancak ülkemizde laptoplara ekran kartı takılamıyor ve laptopların oyun performansı,50000,başarısız
fongogo,ödül,teknoloji,ya hep ya hiç,Noqey - Akıllı Kilit,Musa Çavuş,erkek,0,0,1,0,istanbul,marmara,2019,13.09.2019,12.11.2019,60,var,143,1,0,0,0,1,6,1,var,yok,0,0,5,333,Hem yazılım hem de donanımı bize ait olan bir Türk markası yaratıp dünyaya ihraç etmek,50000,başarısız
fongogo,ödül,film-video-fotoğraf,ya hep ya hiç,Gök Yer ve Arasındaki Şeyler filmini festivallere yollamaca,Evrim Karadağ,erkek,0,0,1,0,izmir,ege,2019,30.10.2019,5.12.2019,36,var,223,11,0,2,0,0,5,2,yok,yok,0,0,5,160,Çektiğimiz belgesel filmi yurt dışındaki festivallere yollamak için katılım ücretlerini tamamlamaya çalışıyoruz.,2000,başarısız
fongogo,ödül,film-video-fotoğraf,ya hep ya hiç,BAMBU - KISA FİLM,Alperen Sarıkaya,erkek,0,0,1,0,istanbul,marmara,2019,18.02.2019,19.04.2019,60,var,36,6,0,0,0,4,7,2,yok,var,3,212,0,301,"'Diş' filminde yaşanılan maddi problemlerin tekrarlanmaması, yapılacak film ile uluslararası festivallerle ülke sinemasını temsil etmeyi umuyoruz.",6000,başarısız
fongogo,ödül,diğer,ya hep ya hiç,EvimiTut,Beybin Esen,kadın,0,0,1,0,istanbul,marmara,2014,22.12.2014,21.01.2015,30,yok,0,2,0,0,0,60,5,1,yok,var,2,0,0,269,"EvimiTut, evinden çıkan kişilerle, ev tutmak isteyen kişileri biraraya getirerek emlak komisyonunu ortadan kaldıran bir platform.",7000,başarılı
fongogo,ödül,kültür-sanat,ya hep ya hiç,Sosyal Kütüphane,Ahmet Gökhan Dalkılınç,erkek,0,0,1,0,konya,iç anadolu,2015,12.01.2015,13.03.2015,60,var,108,9,0,0,0,1,7,1,var,var,2,1949,0,325,"Sosyal Kütüphane, çeşitli sebeplerle istediği kitaba ulaşamayan kişilerin ve okumayı seven tüm insanların karşılıklı kitap paylaşımında bulunmalarını amaçlar.",12000,başarısız
fongogo,ödül,sağlık-güzellik,ya hep ya hiç,Engelsiz Yaşam,Düzce Rotaract Club,belirsiz,0,0,1,0,düzce,karadeniz,2016,23.02.2016,23.04.2016,60,yok,0,7,0,0,0,2,3,1,yok,yok,0,0,0,335,Projemiz kapsamında sağlayacağımız fon ile maddi durumu yetersiz engelli vatandaşlarımıza tekerlekli sandalye yardımında bulunmayı hedefliyoruz.,1000,başarısız
fongogo,ödül,moda,ya hep ya hiç,did. ANTIQUE Atelier & Concept Store,Didem Küçükaytekin,kadın,0,0,1,1,belirsiz,belirsiz,2018,,22.03.2018,60,yok,0,1,0,0,0,5,6,1,yok,yok,0,0,0,120,"Ülkemizde çok sayıda yerleşim izi bulunan Antik Yunan ve Roma medeniyetlerinden geriye kalan eserleri, modern sanat dokunuşlarıyla tanıtabilmeyi hedefliyorum.",30000,başarısız
fonbulucu,ödül,tasarım,ya hep ya hiç,Karakod,Samed Karakuş,erkek,0,0,1,0,kayseri,iç anadolu,2020,,,60,yok,0,9,0,0,0,1,6,1,yok,yok,0,0,0,1534,"Karakod, yazılımı öğrenmek isteyen kişilerin yazılımı, yazılım mantığını ve algoritma çözümleme yeteneğini geleceğe yönelik kariyer planlaması yaparak geliştiren bir platformdur. Android Mobil ve Windows Masaüstü platformdur.",8000,başarısız
fongogo,ödül,kültür-sanat,ya hep ya hiç,Oda Çıkmazı,Yunus Mert Apaydın,erkek,0,0,1,0,istanbul,marmara,2015,31.12.2015,29.02.2016,60,var,66,7,0,0,0,1,5,1,yok,var,1,3,0,253,Oda Çıkmazı: Kültür ve Sanat Yeri.,50000,başarısız
fonbulucu,ödül,sosyal sorumluluk,ya hep ya hiç,"60 GÜNDE, 54 KÖY",Gökhan Özgür Zırhlı,erkek,0,0,1,0,manisa,ege,2018,,,60,yok,0,1,0,0,0,0,9,1,yok,var,1,1754,0,122,60 GÜNDE 54 KÖYDE ÇOCUKLAR,150000,başarısız
fongogo,ödül,film-video-fotoğraf,ya hep ya hiç,Diriliş - Başlangıç,Oğuz Berk Ateş,erkek,0,0,1,0,nevşehir,iç anadolu,2018,02.04.2018,1.06.2018,60,yok,0,1,0,0,0,0,4,1,yok,var,1,12900,3,358,"Türkiyede sürekli olan bir zombi filminin ilk adımlarını atmak istiyoruz.TWD gibi etkili bir dizinin filmini izlediğinizi düşünün.Senaryo hazır , başlayalım.",7500,başarısız
fongogo,ödül,müzik,ya hep ya hiç,Rezonans Marktoberdorf yolunda!,Rezonans Koro,belirsiz,0,0,1,0,istanbul,marmara,2019,05.04.2019,4.06.2019,60,var,60,5,0,0,0,42,9,1,var,var,3,7159,1,146,Tüm dünyadan 14 koronun davet edildiği Marktoberdorf Koro Yarışması'na Türkiye'yi temsil etmeye gidiyoruz!,20000,başarılı
crowdfon,ödül,diğer,ya hep ya hiç,Kahve Dükkanımız İçin Ekipman,Batuhan Cengiz,erkek,0,0,1,0,belirsiz,belirsiz,2015,,,60,yok,0,1,0,0,0,7,4,1,yok,yok,0,0,0,115,Açacağımız kahve dükkanımızın önemli adımlarından biri olan gerekli eşya ve ekipmanlara ihtiyacımız var.,25000,başarısız
fongogo,ödül,film-video-fotoğraf,ya hep ya hiç,''Ölürsen Gelirim'' Uzun Metraj Film,Alihan İş,erkek,0,0,1,0,ısparta,akdeniz,2020,17.02.2020,18.03.2020,30,var,51,2,0,0,0,0,9,1,yok,var,3,292,0,269,1990'ların başında bir köyle Sedef ve Zehra adındaki iki karakterin duyguları ve o duygulara karşı çıkan toplumu konu alıyor,10000,başarısız
ideanest,bağış,teknoloji,hepsi kalsın,Teknoloji Kiti Destek Kampanyası,Sibel  Eşder,kadın,0,0,1,0,ankara,iç anadolu,2018,,,60,var,193,0,0,0,0,58,0,1,yok,yok,0,0,0,671,Gençlerin neler yapabileceklerini fark etmeleri için desteğinizi gösterin,10000,başarılı
crowdfon,ödül,teknoloji,ya hep ya hiç,Dünyanın En Küçük Taşınabilir Masaüstü Bilgisayar Kasası,Mehmet Akkoyun,erkek,0,0,1,0,belirsiz,belirsiz,2020,,,60,var,151,1,0,0,0,5,12,1,yok,yok,0,0,0,92,6.6 Litre hacimli Dünyanın en küçük Masaüstü Bilgisayar Kasası. Merhabalar Benim adım mehmet ben 21 yaşındaki,40000,başarısız
fonbulucu,ödül,teknoloji,ya hep ya hiç,SÜRDÜRÜLEBİLİR ATIKSIZ TARIM,Yusuf Aydoğdu,erkek,0,0,1,0,kırıkkale,iç anadolu,2020,,,60,yok,0,3,0,0,0,0,4,1,yok,yok,0,0,0,865,SADE KOLAY GÜVENİLİR TOPRAKLAR,250000,başarısız
fonbulucu,ödül,çevre,ya hep ya hiç,fonbulucu.com'a ve Projelere Destek,fonbulucu,belirsiz,12,0,1,0,genel,genel,2018,,,60,var,143,2,0,0,0,51,8,2,var,var,4,14600,0,267,Fikirlere Değer Veren Türkiye'nin Kitle Fonlaması Platformu... Dünyayı Değiştirmeye Hazır mısın?,10000,başarılı
fongogo,ödül,teknoloji,ya hep ya hiç,Hayalleri için Golden Horn #8159'a destek olun !,teamgoldenhorn 8159,belirsiz,0,0,1,0,istanbul,marmara,2020,14.01.2020,14.03.2020,60,var,102,2,0,0,0,30,7,2,var,var,3,50,5,187,Amerika'daki uluslararası platformdaki robot yarışmasında bilim ve teknoloji isteği ile bir çatı altında toplanan biz gençleri  yalnız bırakmayın!,15000,başarısız
fongogo,ödül,film-video-fotoğraf,ya hep ya hiç,UĞUR'un Festivaller Yolculuğuna Destek,Umut Öz,erkek,0,0,1,0,istanbul,marmara,2020,14.01.2020,14.03.2020,60,var,55,5,0,0,0,11,3,5,yok,var,1,53,0,182,TÜRSAK VAKFI ve KÜLTÜR BAKANLIĞI'nın desteklediği İstanbul Bilgi Üniversitesi Sinema Tv Bölümü bitirme projemiz yurt içi ve yurt dışı festivallerde olmasın mı ?,1500,başarılı
fonbulucu,ödül,tasarım,ya hep ya hiç,Organik Aksesuar Üretim Atölyesi,Öznur Çelik,kadın,0,0,1,0,genel,genel,2020,,,60,yok,0,1,0,0,0,1,7,1,yok,yok,0,0,0,402,Organik malzemelerle üretilmiş her tür aksesuar,12000,başarısız
crowdfon,ödül,kültür-sanat,ya hep ya hiç,Olmamış Mı?,Fatih Gençkal,erkek,0,0,1,0,belirsiz,belirsiz,2013,,,60,var,60,1,0,0,0,17,8,1,yok,yok,0,0,0,88,"Biz bugünün gençlerinin çocuk oldukları zamanın, 90ların, kültürel imgeleri üzerinden bugünü, bu anı düş?",3750,başarılı
fongogo,ödül,dans-performans,ya hep ya hiç,Kültürlerarası Dans Projesi üretimi,su güzey,kadın,0,0,1,0,istanbul,marmara,2019,24.09.2019,23.11.2019,60,var,61,7,0,0,0,1,6,1,var,var,1,1077,5,506,Zaratan Air Project Residency Lisbon'da kültürlerarası dans projesi üretimi için kazandığımız 1 aylık artistic residency programı için sponsorluk arayışındayız.,16000,başarısız
crowdfon,ödül,teknoloji,ya hep ya hiç,Karbüratörlü Araçlar İçin Benzin Atomizasyon Sistemi,Aytek Özcan,erkek,0,0,1,0,belirsiz,belirsiz,2016,,,60,yok,0,1,0,0,0,2,4,1,yok,yok,0,0,0,115,Proje ülkemizde bulunan hertürlü karbüratörlü araçların yakıt tasarrufunu saglaması ve güç artışı.Sistemi,50000,başarısız
crowdfon,ödül,teknoloji,ya hep ya hiç,Wandering (göçece) Video Oyun Projesi,İsmail Korkmaz,erkek,0,0,1,0,belirsiz,belirsiz,2021,,,60,var,106,10,0,0,0,1,2,1,yok,yok,0,0,0,60,"Göçebe Projesi tamamen türk yapımı geliştirilmiş bir oyun projesi 
Fakat oyun geliştirmek gerçekten çok maliye",125000,başarısız
fongogo,ödül,turizm,ya hep ya hiç,Bisikletle Istanbul'dan Rusya'ya!,Mustafa Yildirim,erkek,0,0,1,0,istanbul,marmara,2015,29.05.2015,28.06.2015,30,yok,0,4,0,0,0,8,5,1,yok,yok,0,0,0,237,30 günde İstanbul'dan Rusya-Krasnodar şehrine kadar bisiklet sürüyorum.,1200,başarısız
crowdfon,ödül,teknoloji,ya hep ya hiç,Test Oluşturma Web Yazılım Projesi,Halilullah Demiray,erkek,0,0,1,0,belirsiz,belirsiz,2021,,,60,var,99,1,0,0,0,1,5,1,yok,yok,0,0,0,379,Merhaba 21 yaşındayım web geliştirici olarak hayatımı sürdürmeye çalışıyorum. İlk önce bu sorunu birkaç ?,6250,başarısız
fongogo,ödül,kültür-sanat,ya hep ya hiç,Wesnoth Tahtı,Ferat  Özer,erkek,0,0,1,0,mardin,güneydoğu,2019,02.12.2019,31.01.2020,60,var,138,2,0,0,0,2,3,1,yok,yok,0,0,0,399,Yazdığım kitabın edebiyat dünyasına adım atabilmesi için desteğinize ihtiyacım var.,6000,başarısız
crowdfon,ödül,diğer,ya hep ya hiç,Türkiye'de Eşsiz Bir Proje!tek Sektör Otobus Üzerine Bir Çok Firma Destek Veriyor,Yusuf Erarslan,erkek,0,0,1,0,belirsiz,belirsiz,2017,,,60,yok,0,1,0,0,0,5,4,1,yok,yok,0,0,0,115,"Projemiz tek Sektör olarak otobüs ve turizm üzerinedir dinlenme haber , ilan , dinlenme tesisleri bu platformda yolcu",5000,başarısız
fongogo,ödül,film-video-fotoğraf,ya hep ya hiç,Saatçi,Emine Izmir,kadın,0,0,2,0,istanbul,marmara,2019,03.05.2019,31.05.2019,28,var,53,0,0,0,0,40,8,2,yok,yok,0,0,5,252,"Saatçi, ülkedeki yasadışı siyahi göçmenlere saat
sattıran Serhad’ın, kaçak bir siyahi kadın olan Aida’ya aşık
olmasını ve sonrasında yaşanan olayları anlatır.",8000,başarılı
fonbulucu,ödül,diğer,ya hep ya hiç,Temizlikhizmetim.com,Ümit Eker,erkek,1,0,1,0,istanbul,marmara,2018,,,60,yok,0,3,0,0,0,1,5,1,yok,yok,0,0,0,197,"Temizlikhizmetim.com, evlere ve ofislere temizlik hizmeti arayanlar ile temizlik hizmeti sağlayanları buluşturan online hizmet veren bir platform.",50000,başarısız
fongogo,ödül,film-video-fotoğraf,ya hep ya hiç,Uzay Böreği,Evrim Ozsoy,kadın,0,0,1,0,istanbul,marmara,2016,26.01.2016,26.03.2016,60,var,54,14,0,0,0,0,6,1,yok,yok,0,0,0,647,Gerçek bir olayın kurgulanmış hali.,10000,başarısız
fongogo,ödül,film-video-fotoğraf,ya hep ya hiç,Gecenin Ardından Kısa Filmi,Buse Halaçoğlu,kadın,1,0,1,0,istanbul,marmara,2016,03.05.2016,28.05.2016,25,var,27,6,0,2,0,33,7,1,yok,var,1,324,0,444,Masanın iki ucunda iki kadın ve ortada tüm paylaşılanlar.,6000,başarılı
fongogo,ödül,film-video-fotoğraf,ya hep ya hiç,WILD ANKARA,Ahmet Göçer,erkek,0,0,1,0,ankara,iç anadolu,2018,06.12.2018,4.02.2019,60,yok,0,3,0,0,0,0,8,1,var,yok,0,0,5,163,Ankara’nın beton bir şehir olmadığını oldukça güzel bir doğaya sahip olduğunu ve bu doğanın içinde birbirinden farklı vahşi hayvanların yaşadığını göstermek.,5000,başarısız
fongogo,ödül,film-video-fotoğraf,ya hep ya hiç,Kara Tehlike Kısa Metraj Film Projesi,Halit Kul,erkek,0,0,1,0,istanbul,marmara,2020,13.07.2020,11.09.2020,60,var,57,13,0,0,0,13,8,2,yok,var,3,461,0,339,Hürkuş'un yaşadığı aksilikler yüzünden gönlünce uçamadığı  tayyareleri ile olan hayranlık uyandıracak serüvenini bir film çekerek sizlerle buluşturmak istiyoruz,30000,başarısız
fongogo,ödül,eğitim,ya hep ya hiç,Learn Group Online,Sami Haman,erkek,0,0,1,0,izmir,ege,2020,09.10.2020,8.12.2020,60,var,68,8,0,0,0,0,7,1,var,yok,0,0,5,190,"Bilginin gücüne inanıyoruz, insanların beraber öğrenerek başaracaklarına inanıyoruz.Bu sepeble en iyi bilgi paylaşım platformunu tasarladık.",50000,başarısız
fongogo,ödül,kültür-sanat,ya hep ya hiç,Gelin Tanış Olalım,Ayşe Acar,kadın,0,0,1,0,erzincan,doğu,2019,18.10.2019,2.01.2020,76,var,179,2,0,0,0,46,8,1,var,yok,0,0,0,202,"Proje, Türkiye'de yaşayan farklı inanç gruplarının inanç gelenekleri açısından birbirlerini tanımalarına dolayısıyla barışa katkı sınmayı amaçlamaktadır.",80000,başarısız
fonbulucu,ödül,hayvanlar,ya hep ya hiç,Hayvanat Bahçesine Kilitli Kalmış Hayvanlarının Üzüntüsü,Tufan Anturan,erkek,0,0,1,0,bursa,marmara,2019,,,60,yok,0,2,0,0,0,0,4,1,var,var,3,746,0,213,Hayvanat Bahçesine Kilitli Kalmış Hayvanlarının Üzüntüsü,30000,başarısız
crowdfon,ödül,tasarım,ya hep ya hiç,Woodendepo Tasarım Atölyesi,Ilgaz Uğurluer,erkek,0,0,1,0,belirsiz,belirsiz,2018,,,60,yok,0,1,0,0,0,5,4,1,yok,yok,0,0,0,115,Woodendepo ismi ile kurduğum proje atölyesinde tamamen el işçiliği ile kişiye özel tasarım aksesuarlar üretmek,5000,başarısız
fonbulucu,ödül,teknoloji,ya hep ya hiç,bizbulalim.com,Erdoğan Kayan,erkek,0,0,1,0,istanbul,marmara,2020,,,60,yok,0,2,0,0,0,0,6,1,var,var,1,46,0,166,Hem ürününüz ile ilgili ilan verebilir hem de aradığınız bir ürünü listeleyerek bulabilirsiniz.,100000,başarısız
fongogo,ödül,eğitim,ya hep ya hiç,CoderDojo Türkiye Seninle Büyüyor! Çocuklar Kod Yazmayı Öğreniyor!,Neşen Yücel,kadın,2,0,1,0,istanbul,marmara,2016,02.04.2016,1.06.2016,60,var,90,28,0,1,0,41,7,3,var,var,2,7965,0,656,CoderDojo ile Çocuklar Kod Yazmayı Öğreniyor! CoderDojo Türkiye’nin Vakıf olmasına Destek olun!,20000,başarılı
crowdfon,ödül,yayıncılık,ya hep ya hiç,Herşey Çocuklar İçin :),Simla Hasanreisoğlu,kadın,0,0,1,0,belirsiz,belirsiz,2015,,,60,yok,0,1,0,0,0,4,4,1,yok,yok,0,0,0,115,"Kendi oğlum için yazdığım ve onun deyişiyle ''muhteşem'' olan, küçük bir kokarca ve arkadaşlarının macerala",5000,başarısız
crowdfon,ödül,teknoloji,ya hep ya hiç,Şirketler İçin Sosyal Ağ,Fatma Sarı,kadın,0,0,1,0,belirsiz,belirsiz,2015,,,60,yok,0,1,0,0,0,0,4,1,yok,yok,0,0,0,115,ŞİRKETLER İÇİN SOSYAL AĞ Şirketler için bir sosyal ağ ve bu sosyal içinde self servis hizmetler sunmayı planl,50000,başarısız
fongogo,ödül,film-video-fotoğraf,ya hep ya hiç,ŞURİ (Nefes/Breath),Coşkun İnce,erkek,0,0,1,0,istanbul,marmara,2016,28.09.2016,27.11.2016,60,yok,0,5,0,0,0,0,5,2,yok,yok,0,0,0,657,"ar mxirsuzi xvala, uçareli,  mşk?urinace, m?udi do m?udinace,
enni zadeti m?udinace…
yalnız bir hırsız, çaresiz, korkak, yalan ve yalancı…
en çokta yalancı..",10000,başarısız
crowdfon,ödül,diğer,ya hep ya hiç,Online Temizlik Sitesi,Ramazan Kafdal,erkek,0,0,1,0,belirsiz,belirsiz,2019,,,60,yok,0,1,0,0,0,9,4,1,yok,yok,0,0,0,115,Merhaba projem internet üzerinde hizmet veren bir temizlik sitesi sitenin ismi ama sadece temizlikle sınırlı kalmaya,15300,başarısız
fonbulucu,ödül,kültür-sanat,ya hep ya hiç,İlk Kitap ''13'',Alpay Eğlenen,erkek,0,0,1,0,ankara,iç anadolu,2018,,,60,yok,0,2,0,0,0,1,4,1,yok,yok,0,0,0,137,"Sorgulamadan yaşayamayan bir gencin, en sonunda sayısı 13'e ulaşacak olan kedileri sahiplenme sürecinde yaşadıkları ve bu yaşantılar bağlamında yaptığı sorgulamalara dair bir kitap.",1500,başarısız
fonbulucu,ödül,tasarım,ya hep ya hiç,San-Sed-Akt Melez tekerlekli sandalye,Mehmet Eralp,erkek,0,0,1,0,hatay,akdeniz,2020,,,60,var,40,1,0,0,0,0,4,1,yok,yok,0,0,0,846,Hasta yakinlari ve hastalarin yasadiklari fiziksel ve psikolojik zorluklarda onemli bir kolaylik sağlayacak olan gizli kalmis bir ihtiyaçtir.,20000,başarısız
fongogo,ödül,kültür-sanat,ya hep ya hiç,#picemiyeti ve Karma Türkiye susmasın!,Reha Özcan,erkek,0,0,1,0,istanbul,marmara,2019,06.08.2019,22.08.2019,16,yok,0,2,0,0,0,121,9,1,var,var,3,249000,4,275,"Üç yıldır #picemiyeti ile başlayan ve Karma Türkiye olarak bağımsız bir platform yaratan hayallerimiz yeni RTÜK yasasına takılmasın, yayın hayatına devam etsin.""",100000,başarısız
fongogo,ödül,film-video-fotoğraf,ya hep ya hiç,Muharrem Bey İçin Güzel Bir Gün,Özkan Sağın,erkek,0,0,1,0,izmir,ege,2019,14.11.2019,21.12.2019,37,yok,0,6,0,0,0,0,5,1,yok,yok,0,0,0,339,Yıllar önce eşini kaybeden Muharrem Bey yalnız ve asosyaldir. Devlet hastanesinde morg görevlisidir. Bir gün morga gelen cesede aşık olur ve tüm hayatı değişir.,5000,başarısız
fongogo,ödül,film-video-fotoğraf,ya hep ya hiç,89. sayfa,Doğancan Erdoğan,erkek,0,0,1,0,istanbul,marmara,2018,25.10.2018,24.11.2018,30,yok,0,2,0,0,0,0,6,1,yok,yok,0,0,0,137,"""şehrin kalabalığı bittiğinde, gece kendine yeni çığlıklar doğurmak isteyecektir""",3000,başarısız
crowdfon,ödül,teknoloji,ya hep ya hiç,Red.dot,İbrahim Şimşek,erkek,0,0,1,0,belirsiz,belirsiz,2015,,,60,yok,0,1,0,0,0,5,4,1,yok,yok,0,0,0,115,"Merhabalar, Bizler kaza anında can kayıplarını azaltmak amacıyla tasarladığımız modülü geliştirmek için siz",1600,başarısız
fongogo,ödül,film-video-fotoğraf,ya hep ya hiç,ÜTOPYALAR GÜZELDİR,halil yetim,erkek,0,0,1,0,konya,iç anadolu,2020,07.08.2020,6.10.2020,60,var,60,3,0,0,0,0,5,2,yok,yok,0,0,0,339,Murat ve Sinem çiftinin köy okullarına açtıkları kütüphaneler ve doyurdukları sokak canlılarına belgeselimiz aracılığıyla destek olmak.,18000,başarısız
fongogo,ödül,kültür-sanat,ya hep ya hiç,Kitaplira Mobil Uygulaması,Ömer Faruk Gölgeli,erkek,0,0,1,0,antep,güneydoğu,2020,06.02.2020,6.04.2020,60,var,29,2,0,0,0,0,8,1,yok,yok,0,0,0,170,Sadece kitap alışverişlerinin yapılabildiği ve para birimi olarak ise sadece kitapların kullanıldığı bir mobil uygulama geliştiriyorum.,4000,başarısız
fongogo,ödül,film-video-fotoğraf,ya hep ya hiç,İkinci Gece,Murat Buldanlıoğlu,erkek,1,0,1,0,istanbul,marmara,2019,08.01.2019,9.03.2019,60,var,60,4,0,2,0,57,9,3,yok,var,2,346,5,500,"“Karşına bir cin çıksa ve bir dilek hakkın olsa ne isterdin?”""""",20000,başarılı
fonbulucu,ödül,eğitim,hepsi kalsın,AGOFON Sanatçı  Fonu,Murat Ömür Tuncer,erkek,0,0,2,0,genel,genel,2020,,,60,var,513,8,0,0,3,109,12,9,var,var,3,2251,0,349,Covid-19 salgını sebebiyle kültür sanat dünyasının sosyal ve ekonomik olarak çok daha ciddi bir tahribatla yüzleşmesini engellemek için bu projeyi başlatıyoruz.,100000,başarısız
fonbulucu,ödül,sağlık-güzellik,ya hep ya hiç,"Kanser, Çocuğumdan Uzak Dur",Burcu Temizkan,kadın,0,0,1,0,genel,genel,2020,,,60,var,60,15,0,0,0,9,7,1,var,var,2,7895,0,2374,"Çocuklar KANSER olmasın! Benim adım Burcu Özkan. KAÇOD, Kanser Çocuğumdan Uzak Dur Derneği’nin kurucusu ve başkanıyım. Derneğimiz çocuk kanserleri ile mücadele etmek için hastalık ve tedavide ailelere sosyal destekler sağlamaktadır.",3000,başarılı
fongogo,ödül,müzik,ya hep ya hiç,Nani Nani Çocuk Şarkıları,Nani Nani Çocuk Şarkıları,belirsiz,0,0,1,0,izmir,ege,2020,03.12.2020,8.01.2021,36,var,60,3,0,1,1,23,5,1,yok,yok,0,0,0,529,"Çocuklara olan sevgi, saygı ve hayranlıkla ürettiğimiz şarkıları onlara ulaştırmak için; kayıt süreçlerine maddi_manevi katkıda bulunmaya davet..",50000,başarısız
fonbulucu,ödül,eğitim,ya hep ya hiç,e-Gönüllü,Büşra Şahin,kadın,0,0,1,0,istanbul,marmara,2021,,,60,var,60,6,0,0,0,7,6,1,var,var,4,3224,0,463,e-Gönüllü sivil toplum faaliyetlerini dijitalleştirerek sürdürülebilir fırsat eşitliğini sağlar.,15000,başarısız
fongogo,ödül,kültür-sanat,ya hep ya hiç,Santa 2000 - Bilim Kurgu Çizgi Dizi,Birdal Deniz Çakmak,erkek,0,0,1,0,izmir,ege,2019,01.08.2019,30.09.2019,60,var,9,6,0,0,0,0,6,3,yok,var,1,9,4,6,Youtube üzerinden yayınlanacak bilim kurgu çizgi dizi projesi. Bizden farklı bir gezegende yaşayan bir insansı robot yıllardır izlenen dünyaya giderse ne olur?,10000,başarısız
fongogo,ödül,diğer,hepsi kalsın,Oyuncak Kütüphanesi,Anıl Erkara,erkek,0,0,1,0,ankara,iç anadolu,2014,28.08.2014,26.11.2014,90,var,90,4,0,0,0,6,7,3,yok,var,2,10116,0,322,Ankara Oyuncak Kütüphanesi ihtiyaç sahibi çocukları oyun ve oyuncak kültürüyle buluşturmak üzere gönüllü gençler tarafından hayata geçirilmiş bir projedir.,10000,başarısız
fongogo,ödül,kültür-sanat,ya hep ya hiç,Sinema ve Tiyatro Üretim Merkezi,Dogacan Aktas,erkek,0,0,1,0,antalya,akdeniz,2015,01.08.2015,30.09.2015,60,yok,0,10,0,0,0,0,10,1,yok,var,2,2450,0,382,"Antalya Film Ekibi'nden, Sinema ve Tiyatro Üretim Merkezi",10250,başarısız
fongogo,ödül,eğitim,hepsi kalsın,UMUDA DESTEK OL,Murat Kıdeyş,erkek,0,0,1,0,kilis,güneydoğu,2019,30.12.2019,29.03.2020,90,var,36,2,0,1,0,0,7,2,var,var,4,640,3,173,"UMUDA DESTEK OL DEDİK ÇÜNKÜ;
Peki hiç fark ettik mi ? sokakta okula gitmesi gerekirken bir çocuğun çöp toplamak zorunda kaldığını !",35000,başarısız
fongogo,ödül,gıda-yeme-içme,ya hep ya hiç,Sevinç Abla'ya Destek,Sevinç Özkaya,kadın,0,0,1,0,çanakkale,marmara,2016,28.12.2016,3.01.2017,6,var,102,18,0,8,0,127,9,3,var,var,1,2603,5,310,"Sevinç abla, 3 Ocağa kadar, Traktör için aldığı krediyi geri ödeyemezse hem traktörüne hem de pazarlara gittiği ekmek teknesi kamyonetine banka el koyacak.",10000,başarılı
fongogo,ödül,film-video-fotoğraf,ya hep ya hiç,Pazartesi - Kısa Film,Burak Babayiğit,erkek,0,0,1,1,istanbul,marmara,2015,09.11.2015,9.12.2015,30,yok,0,10,0,0,0,20,8,2,yok,yok,0,0,0,480,"O köy bizim köyümüz. Görmesekte, bilmesekte...",10000,başarısız
fongogo,ödül,diğer,ya hep ya hiç,EMPATİ SEPETİ,Çimen Geçgil,kadın,0,0,1,0,istanbul,marmara,2019,20.09.2019,19.11.2019,60,yok,0,6,0,0,0,5,7,1,yok,yok,0,0,5,699,"Hiçbir kurum, kuruluş, kişi olmadan gerçek ihtiyaç sahiplerini ve kendilerine destek olmak isteyen hayırseverleri mobil uygulama üzerinden bir araya getirmek.",50000,başarısız
fonbulucu,ödül,kültür-sanat,ya hep ya hiç,Ol(a)mayan - kısa film,Yunus İncesu,erkek,0,0,1,0,ankara,iç anadolu,2018,,,60,var,235,3,0,0,0,0,4,1,yok,yok,0,0,0,565,Arada kalanın hikayesi.,2500,başarısız
fongogo,ödül,kültür-sanat,ya hep ya hiç,''2501 KısaFilm Kolektif'' EKİPMANA İHTİYAÇ DUYUYOR!,Ali Can Karasaç,erkek,0,0,1,0,denizli,ege,2020,25.09.2020,24.11.2020,60,yok,0,7,1,0,0,0,6,1,yok,var,1,143,1,1017,"Denizli'de oluşturduğumuz, kısa filmler çekerek sektöre adım atmayı hedefleyen topluluğumuzun sizlerin desteğine ihtiyacı var.",15000,başarısız
fongogo,ödül,teknoloji,ya hep ya hiç,.COMGATE,Abdin Tan,erkek,2,0,1,0,antalya,akdeniz,2019,14.10.2019,3.12.2019,50,yok,0,1,0,0,0,0,8,1,yok,yok,0,0,0,250,Ülkemiz adına projeler geliştirmeyi hedefleyen bir genç ekip kurmak ve Ülkemiz ’de iş istihdamı yaratmak.,103750,başarısız
arıkovanı,ödül,teknoloji,ya hep ya hiç,watchX - Kodlanabilir Akıllı Saat,Enes Çaldır,erkek,0,0,1,0,belirsiz,belirsiz,2018,,,60,var,47,12,0,2,8,43,13,2,yok,yok,0,0,0,215,"watchX, kodlamayı 7den 77ye herkesin öğrenebileceği kolaylıkta sunan, kutu içerisinden çıkan parçaları birleştirerek kendi akıllı saatini yapabileceğin bir eğitim kitidir",100000,başarılı
fongogo,ödül,kültür-sanat,ya hep ya hiç,Ayı Dergi,Özgür Akkaya,erkek,0,0,1,0,istanbul,marmara,2016,02.01.2016,1.02.2016,30,yok,0,7,0,0,0,1,5,1,var,var,2,4457,0,218,"İlk 2 sayısını ücretsiz olarak çıkartıp dağıtımını yapmış olan Ayı Dergi, 3. ve sonrasındaki sayıların da ücretsiz dağıtmak için desteklerinizi bekliyor.",5000,başarısız
fongogo,ödül,eğitim,ya hep ya hiç,GELECEK FLU GELİN HEP BİRLİKTE NETLEŞTİRELİM,Pelin Durmaz,kadın,0,0,1,0,istanbul,marmara,2019,29.01.2019,28.02.2019,30,var,110,15,0,0,0,31,5,10,yok,var,1,1050,4,858,Amal Hawks olarak hayalimize çok yakınız ve sizin de desteğinizle geleceğin parlak ışıkları olarak  Amerika'da ülkemizi temsil etmek istiyoruz.,10000,başarılı
fongogo,ödül,teknoloji,ya hep ya hiç,SiparişJet,KÖKSAL TUNA,erkek,0,0,1,0,düzce,karadeniz,2019,22.02.2019,23.04.2019,60,var,61,4,0,1,0,0,9,1,var,var,1,156,0,121,Hem acil nakite hem de acil bir şeye ihtiyacı olanları birleştiren ve hem paradan hem zamandan tasarruf ettiren bir mobil uygulama.,50000,başarısız
fongogo,ödül,teknoloji,ya hep ya hiç,Yazılım Ordusu : Yazılım & Bilişim Platformu,Ahmet Serdar CANIBEK,erkek,0,0,1,0,aydın,ege,2019,28.08.2019,27.10.2019,60,var,62,3,0,0,0,0,9,1,var,yok,0,0,4,284,Gelecekte önemli bir yere sahip olacak yazılım & bilişim teknolojilerini kullanmayı & ülkemiz adına projeler geliştirmeyi hedefleyen web platformu geliştirdim.,2350,başarısız
fongogo,ödül,eğitim,ya hep ya hiç,"BİR ÇANTA BİR ÇOCUK, BİR ÇOCUK BİN UMUT!",Umutla Bak Projesi,belirsiz,0,0,1,1,belirsiz,belirsiz,2017,,24.09.2017,60,yok,0,3,0,0,0,2,5,1,yok,yok,0,0,0,120,"Bir çanta bir çocuk, bir çocuk bin UMUT.",17000,başarısız
fongogo,ödül,film-video-fotoğraf,ya hep ya hiç,KARANLIK HÜCRE,Eyüp Özbudak,erkek,0,0,1,0,urfa,güneydoğu,2015,24.04.2015,23.06.2015,60,var,96,4,0,0,0,0,5,1,yok,yok,0,0,0,202,Henüz 17 yaşında olan Erdal isimli bir gencin hikayesinin anlatıldığı kısa film projesi,7000,başarısız
arıkovanı,ödül,teknoloji,ya hep ya hiç,İnvidyo - Akıllı Bebek ve Bakıcı İzleme Servisi,Özgür Deniz Önür,erkek,0,0,1,0,belirsiz,belirsiz,2015,,,60,var,60,10,0,5,11,322,9,1,yok,yok,0,0,0,935,"İnvidyo, yeni bebek sahibi olmuş aileler için özel olarak geliştiren akıllı bebek ve bakıcı izleme servisidir",100000,başarılı
fongogo,ödül,film-video-fotoğraf,ya hep ya hiç,Anima Belgesel Film Projesi,Yusuf Emre Yalçın,erkek,3,0,1,0,istanbul,marmara,2020,04.09.2020,4.10.2020,30,var,122,4,0,4,0,92,7,2,var,var,3,279,0,548,"Anima, insanların hayvanlarla kurdukları ilişkilerde kültürün ve toplumsal cinsiyet rollerinin izlerini gözlemleyerek farkındalık yaratmayı amaçlayan bir film.",30000,başarılı
fongogo,ödül,müzik,ya hep ya hiç,HASAN İLK STÜDYO ÇALIŞMASINA DESTEK OL,Hasan Cebecioğlu,erkek,4,0,1,0,istanbul,marmara,2016,11.07.2016,22.08.2016,42,var,60,1,0,0,0,97,7,1,yok,yok,0,0,0,220,"Uzun yıllardır  yaptığımşarkılarımla Türkçe Pop müzik kategorisinde yeni  bir ses ve soluk olmak, dinleyenlere ulaşmak.",25000,başarısız
fonbulucu,ödül,çevre,ya hep ya hiç,Hidreco,Hidreco,belirsiz,0,0,1,0,genel,genel,2020,,,60,var,116,0,0,0,0,0,5,1,var,var,4,101,0,249,"Biyokimyasal ürünler (""Omega DAC-1"" ve ""Alfa ART-12"") ile Atıksu temizliği",20000,başarısız
crowdfon,ödül,teknoloji,ya hep ya hiç,Sosyal Medya Projesi,Ayhan Ergezen,erkek,0,0,1,0,belirsiz,belirsiz,2021,,,60,yok,0,1,0,0,0,6,4,1,yok,yok,0,0,0,106,"Lively Pencil projesi yazmayı, okumayı çeki kılan benzersiz özelliklere sahip sosyal medya uygulamasıdır. Proje g",15500,başarısız
crowdfon,ödül,yayıncılık,ya hep ya hiç,Gece Kütüphanesi,Alperen Kuruoğlu,erkek,0,0,1,0,belirsiz,belirsiz,2015,,,60,yok,0,1,0,0,0,5,4,1,yok,yok,0,0,0,115,Gece Kütüphanesi yıllar öncesinin hayalidir öncelikle. Edebiyat severler arasında bir bağ kurmak ve bu bağı gü,5000,başarısız
fonbulucu,ödül,çevre,ya hep ya hiç,Sohbet Durakları Sürdürülebilir Kentsel Donatı Elemanları,Sinan Düman,erkek,0,0,1,0,sakarya,marmara,2020,,,60,yok,0,3,0,0,0,0,4,1,yok,yok,0,0,0,233,Yeşil Enerji ile Kente Verilen Kahkaha,25000,başarısız
fongogo,ödül,müzik,ya hep ya hiç,"Carnaval Turco, Internationales Samba-Festival Coburg 2015'te Türkiye'yi Temsil Edecek",Burak Özcan,erkek,1,0,1,0,istanbul,marmara,2015,28.05.2015,7.07.2015,40,yok,0,10,0,0,0,12,4,1,yok,var,1,2086,0,153,"Carnaval Turco, INTERNATIONALES SAMBA-FESTIVAL COBURG festivaline, bu yıl ilk defa bir TÜRK grubu olarak davet edilmiştir.",10000,başarısız
fongogo,ödül,film-video-fotoğraf,ya hep ya hiç,Tek Kişilik Ordu: Namık EKİN Belgesel-Drama Film,Hüseyin Kâmil KONUK,erkek,0,0,1,0,istanbul,marmara,2020,26.10.2020,25.11.2020,30,var,227,0,1,1,1,1,9,1,var,var,1,1011,4,476,Namık Ekin’in mücadeleler ile dolu ilham kaynağı hayat hikayesini beni ben yapan yer dediği SAT ile birlikte ele alan Bağımsız Belgesel-Drama Film,100000,başarısız
fongogo,ödül,teknoloji,ya hep ya hiç,Civarda Bul,Nilgün Çelik,kadın,0,0,1,0,istanbul,marmara,2013,02.12.2013,31.01.2014,60,yok,0,11,0,0,0,2,4,1,var,var,1,77,0,231,"Civarda Bul, harita tabanlı bir ikinci el eşya pazar yeridir.",3000,başarısız
fongogo,ödül,sağlık-güzellik,ya hep ya hiç,Covid-19 için sağlık çalışanlarına ücretsiz siperlik üretilmesi,Gönül  Yılmaz,kadın,0,0,1,0,istanbul,marmara,2020,29.04.2020,9.05.2020,10,yok,0,2,0,0,0,2,6,1,yok,var,1,2,5,280,Covid-19'la canla başla savaşan sağlık çalışanlarına kendilerini virüsten korumalarına yardımcı olacak siperliğin ücretsiz bir şekilde üretimi ve dağıtımı.,8000,başarısız
crowdfon,ödül,diğer,ya hep ya hiç,Grafiklerin Dili,Mustafa Kılınç,erkek,0,0,1,0,belirsiz,belirsiz,2020,,,60,var,14,1,0,0,0,1,1,1,yok,yok,0,0,0,9,Matematiğe dayanarak borsa grafiklerini istatiksel bir olasılık olarak yorumlama.,300000,başarısız
fonbulucu,ödül,teknoloji,ya hep ya hiç,Geleceğe Bir Yazı Bırak,Mustafa Hilmi Örs,erkek,0,0,1,0,antalya,akdeniz,2020,,,60,var,191,1,0,0,0,1,4,2,var,var,1,153,0,140,Girişimci gençlere güzel bir fırsat.,1000,başarısız
